#
# There is insufficient memory for the Java Runtime Environment to continue.
# Native memory allocation (malloc) failed to allocate 1291856 bytes. Error detail: Chunk::new
# Possible reasons:
#   The system is out of physical RAM or swap space
#   This process is running with CompressedOops enabled, and the Java Heap may be blocking the growth of the native heap
# Possible solutions:
#   Reduce memory load on the system
#   Increase physical memory or swap space
#   Check if swap backing store is full
#   Decrease Java heap size (-Xmx/-Xms)
#   Decrease number of Java threads
#   Decrease Java thread stack sizes (-Xss)
#   Set larger code cache with -XX:ReservedCodeCacheSize=
#   JVM is running with Zero Based Compressed Oops mode in which the Java heap is
#     placed in the first 32GB address space. The Java Heap base address is the
#     maximum limit for the native heap growth. Please use -XX:HeapBaseMinAddress
#     to set the Java Heap base and to place the Java Heap above 32GB virtual address.
# This output file may be truncated or incomplete.
#
#  Out of Memory Error (arena.cpp:191), pid=4208, tid=29744
#
# JRE version: OpenJDK Runtime Environment Temurin-17.0.14+7 (17.0.14+7) (build 17.0.14+7)
# Java VM: OpenJDK 64-Bit Server VM Temurin-17.0.14+7 (17.0.14+7, mixed mode, sharing, tiered, compressed oops, compressed class ptrs, g1 gc, windows-amd64)
# No core dump will be written. Minidumps are not enabled by default on client versions of Windows
#

---------------  S U M M A R Y ------------

Command Line: -XX:MaxMetaspaceSize=4G -XX:ReservedCodeCacheSize=512m -XX:+HeapDumpOnOutOfMemoryError --add-opens=java.base/java.util=ALL-UNNAMED --add-opens=java.base/java.lang=ALL-UNNAMED --add-opens=java.base/java.lang.invoke=ALL-UNNAMED --add-opens=java.prefs/java.util.prefs=ALL-UNNAMED --add-exports=jdk.compiler/com.sun.tools.javac.api=ALL-UNNAMED --add-exports=jdk.compiler/com.sun.tools.javac.util=ALL-UNNAMED --add-opens=java.base/java.nio.charset=ALL-UNNAMED --add-opens=java.base/java.net=ALL-UNNAMED --add-opens=java.base/java.util.concurrent.atomic=ALL-UNNAMED -Xmx8G -Dfile.encoding=windows-1252 -Duser.country=US -Duser.language=en -Duser.variant -javaagent:C:\Users\Moaz\.gradle\wrapper\dists\gradle-8.10.2-all\7iv73wktx1xtkvlq19urqw1wm\gradle-8.10.2\lib\agents\gradle-instrumentation-agent-8.10.2.jar org.gradle.launcher.daemon.bootstrap.GradleDaemon 8.10.2

Host: 13th Gen Intel(R) Core(TM) i7-13620H, 16 cores, 15G,  Windows 11 , 64 bit Build 26100 (10.0.26100.9444)
Time: Sun Sep 13 19:16:05 2026 Egypt Daylight Time elapsed time: 698.234676 seconds (0d 0h 11m 38s)

---------------  T H R E A D  ---------------

Current thread (0x00000188a38ae730):  JavaThread "C2 CompilerThread1" daemon [_thread_in_native, id=29744, stack(0x0000001407200000,0x0000001407300000)]


Current CompileTask:
C2: 698234 59078       4       com.android.tools.r8.internal.K5::a (220 bytes)

Stack: [0x0000001407200000,0x0000001407300000]
Native frames: (J=compiled Java code, j=interpreted, Vv=VM code, C=native code)
V  [jvm.dll+0x682eb9]
V  [jvm.dll+0x8399c8]
V  [jvm.dll+0x83b473]
V  [jvm.dll+0x83bae3]
V  [jvm.dll+0x24715f]
V  [jvm.dll+0xace44]
V  [jvm.dll+0xad4dc]
V  [jvm.dll+0x365b5e]
V  [jvm.dll+0x1ba873]
V  [jvm.dll+0x2182a7]
V  [jvm.dll+0x21758f]
V  [jvm.dll+0x1a3150]
V  [jvm.dll+0x22799c]
V  [jvm.dll+0x225afb]
V  [jvm.dll+0x7ef128]
V  [jvm.dll+0x7e948c]
V  [jvm.dll+0x681d97]
C  [ucrtbase.dll+0x2cd30]
C  [KERNEL32.DLL+0x2cd87]
C  [ntdll.dll+0xacaec]


---------------  P R O C E S S  ---------------

Threads class SMR info:
_java_thread_list=0x00000188b1609030, length=276, elements={
0x000001881eac24d0, 0x000001885a239820, 0x000001885a23ae60, 0x000001885a2544a0,
0x000001885a258e90, 0x000001885a25a2d0, 0x000001885a25b710, 0x000001885a262010,
0x000001885a2629d0, 0x000001885a2632e0, 0x000001885a21e930, 0x000001885d32caa0,
0x00000188a33f4570, 0x00000188a33f2710, 0x00000188a33f4a80, 0x00000188a33f3130,
0x00000188a4d0ef50, 0x00000188a4d0e020, 0x00000188a4d0fe80, 0x00000188a4d0db10,
0x00000188a4d10db0, 0x00000188a7c852f0, 0x00000188a5cc98e0, 0x00000188a5cc7f90,
0x00000188a5ccc160, 0x00000188a5cc89b0, 0x00000188af2e3f00, 0x00000188af2e5850,
0x00000188af2e9510, 0x00000188af2e8af0, 0x00000188af2e5d60, 0x00000188af2ebd90,
0x00000188af2e9f30, 0x00000188af2e9000, 0x00000188af2e9a20, 0x00000188af2e6c90,
0x00000188af2edbf0, 0x00000188af2ea440, 0x00000188a5f816d0, 0x00000188a5f85390,
0x00000188a5f81be0, 0x00000188a5f858a0, 0x00000188a5f89050, 0x00000188a5f88630,
0x00000188a5f87c10, 0x00000188a5f89560, 0x00000188a5f87700, 0x00000188a5f88120,
0x00000188a5f871f0, 0x00000188a5f867d0, 0x00000188a5f85db0, 0x00000188a5f89a70,
0x00000188a5f862c0, 0x00000188a5f89f80, 0x00000188a5f8a490, 0x00000188a5f86ce0,
0x00000188a5f8d220, 0x00000188a5f8bde0, 0x00000188a5f8c800, 0x00000188a5f8c2f0,
0x00000188a5f8e150, 0x00000188a5f8d730, 0x00000188a5f8b8d0, 0x00000188a5f8b3c0,
0x00000188a5f8a9a0, 0x00000188a5f8dc40, 0x00000188a5f8e660, 0x00000188a5f8cd10,
0x00000188a5f8aeb0, 0x00000188a5f909d0, 0x00000188a5f90ee0, 0x00000188a5f8eb70,
0x00000188a5f8f080, 0x00000188a5f8f590, 0x00000188a5f8faa0, 0x00000188a5f8ffb0,
0x00000188a5f904c0, 0x00000188a8ccf180, 0x00000188a8ccce10, 0x00000188a8ccd320,
0x00000188a8ccc3f0, 0x00000188a8ccf690, 0x00000188a8ccdd40, 0x00000188a8cce250,
0x00000188a8cce760, 0x00000188a8ccec70, 0x00000188a8ccc900, 0x00000188a8ccbee0,
0x00000188a8cd0ad0, 0x00000188a8cd2e40, 0x00000188a8cd2420, 0x00000188a8cd0fe0,
0x00000188a8ccfba0, 0x00000188a8cd00b0, 0x00000188a8cd3860, 0x00000188a8cd05c0,
0x00000188a8cd14f0, 0x00000188a8cd2930, 0x00000188a8cd1a00, 0x00000188a8cd1f10,
0x00000188a8cd3350, 0x00000188a5a244c0, 0x00000188a5a22150, 0x00000188a5a21730,
0x00000188a5a23590, 0x00000188a5a22660, 0x00000188a5a22b70, 0x00000188a5a23fb0,
0x00000188a5a23080, 0x00000188a5a23aa0, 0x00000188a5a20d10, 0x00000188a5a249d0,
0x00000188a5a21220, 0x00000188a5a24ee0, 0x00000188a5a253f0, 0x00000188a5a21c40,
0x00000188a5a26830, 0x00000188a5a28180, 0x00000188a5a25900, 0x00000188a5a25e10,
0x00000188a5a26d40, 0x00000188a5a27250, 0x00000188a5a27760, 0x00000188a7c81630,
0x00000188a7c848d0, 0x00000188a7c84de0, 0x00000188a7c82a70, 0x00000188a7c81b40,
0x00000188a7c82f80, 0x00000188a7c87b70, 0x00000188a4d0f460, 0x00000188a4d11ce0,
0x00000188a4d112c0, 0x00000188a4d0f970, 0x00000188a4d117d0, 0x00000188a4d108a0,
0x00000188a4d10390, 0x00000188a4d0e530, 0x00000188a4d121f0, 0x00000188a4d0ea40,
0x00000188a4d13120, 0x00000188a4d12c10, 0x00000188a4d13630, 0x00000188a4d14a70,
0x00000188a4d14050, 0x00000188a4d13b40, 0x00000188a4d14560, 0x00000188a4d14f80,
0x00000188a4d15490, 0x00000188a5cc7060, 0x00000188a5cc7570, 0x00000188a5cc7a80,
0x00000188a5ccb740, 0x00000188a5cc84a0, 0x00000188a5cc8ec0, 0x00000188a5ccc670,
0x00000188a5ccdab0, 0x00000188a5cccb80, 0x00000188a5cce4d0, 0x00000188a5ccd5a0,
0x00000188a5ccd090, 0x00000188a5ccdfc0, 0x00000188a5cce9e0, 0x00000188af2e5340,
0x00000188af2ef540, 0x00000188af2ef030, 0x00000188af2ed6e0, 0x00000188af2efa50,
0x00000188af2eff60, 0x00000188af2ec7b0, 0x00000188af2f0470, 0x00000188af2f0980,
0x00000188a33f3b50, 0x00000188a33f17e0, 0x00000188a33f2c20, 0x00000188a33f4f90,
0x00000188a33f1cf0, 0x00000188a33f3640, 0x00000188a33f2200, 0x00000188a33f4060,
0x00000188a7c82560, 0x00000188a7c88fb0, 0x00000188a7c88590, 0x00000188a7c87660,
0x00000188a7c88080, 0x00000188a7c88aa0, 0x00000188a7c85800, 0x00000188a5f84460,
0x00000188a5f84970, 0x00000188a7cbefa0, 0x00000188a7cbdb60, 0x00000188a7cbf9c0,
0x00000188a7cbfed0, 0x00000188a7cbcc30, 0x00000188a7cc08f0, 0x00000188a7cbe580,
0x00000188a7cbd140, 0x00000188a7cc0e00, 0x00000188a7cc1310, 0x00000188a7cc1820,
0x00000188a7cc1d30, 0x00000188a7cc2240, 0x00000188a5ccbc50, 0x00000188af2e4e30,
0x00000188b2a7ec40, 0x00000188b2a7fb70, 0x00000188b2a7d2f0, 0x00000188b2a7cde0,
0x00000188b2a7dd10, 0x00000188b2a7f150, 0x00000188b2a7d800, 0x00000188b2a7f660,
0x00000188b2a7e730, 0x00000188b2a7c3c0, 0x00000188b2a7e220, 0x00000188b2a80080,
0x00000188b2a7c8d0, 0x00000188b2a819d0, 0x00000188b2a83d40, 0x00000188b2a814c0,
0x00000188b2a81ee0, 0x00000188b2a823f0, 0x00000188b2a83830, 0x00000188b2a82e10,
0x00000188b2a82900, 0x00000188b2a80590, 0x00000188b2a84250, 0x00000188b2a80aa0,
0x00000188b2a83320, 0x00000188b2a80fb0, 0x00000188b2a860b0, 0x00000188b2a85ba0,
0x00000188b2a865c0, 0x00000188b2a84c70, 0x00000188b2a86ad0, 0x00000188b2a89860,
0x00000188b2416a50, 0x00000188b2418dc0, 0x00000188b2417e90, 0x00000188b24197e0,
0x00000188b241a200, 0x00000188b2416f60, 0x00000188b241ac20, 0x00000188b2417470,
0x00000188b241b130, 0x00000188b241b640, 0x00000188b241bb50, 0x00000188b241cf90,
0x00000188b241c570, 0x00000188b241d4a0, 0x00000188b241dec0, 0x00000188b241fd20,
0x00000188b2420c50, 0x00000188b2421160, 0x00000188b2422fc0, 0x00000188b24225a0,
0x00000188b2425330, 0x00000188b2421b80, 0x00000188b2425840, 0x00000188b2424910,
0x00000188b2425d50, 0x00000188b2422ab0, 0x00000188b24234d0, 0x00000188b2426260,
0x00000188b24239e0, 0x00000188b2423ef0, 0x00000188b2424400, 0x00000188a5f82b10,
0x00000188a5f83a40, 0x00000188b2a8b1b0, 0x00000188b0122f60, 0x00000188b012adf0,
0x00000188b012bd20, 0x00000188a38ae730, 0x00000188a38ab760, 0x00000188d540e4e0
}

Java Threads: ( => current thread )
  0x000001881eac24d0 JavaThread "main" [_thread_blocked, id=15248, stack(0x0000001473900000,0x0000001473a00000)]
  0x000001885a239820 JavaThread "Reference Handler" daemon [_thread_blocked, id=20996, stack(0x0000001474000000,0x0000001474100000)]
  0x000001885a23ae60 JavaThread "Finalizer" daemon [_thread_blocked, id=36972, stack(0x0000001474100000,0x0000001474200000)]
  0x000001885a2544a0 JavaThread "Signal Dispatcher" daemon [_thread_blocked, id=13652, stack(0x0000001474200000,0x0000001474300000)]
  0x000001885a258e90 JavaThread "Attach Listener" daemon [_thread_blocked, id=20176, stack(0x0000001474300000,0x0000001474400000)]
  0x000001885a25a2d0 JavaThread "Service Thread" daemon [_thread_blocked, id=36404, stack(0x0000001474400000,0x0000001474500000)]
  0x000001885a25b710 JavaThread "Monitor Deflation Thread" daemon [_thread_blocked, id=35872, stack(0x0000001474500000,0x0000001474600000)]
  0x000001885a262010 JavaThread "C2 CompilerThread0" daemon [_thread_in_native, id=26836, stack(0x0000001474600000,0x0000001474700000)]
  0x000001885a2629d0 JavaThread "C1 CompilerThread0" daemon [_thread_blocked, id=18596, stack(0x0000001474700000,0x0000001474800000)]
  0x000001885a2632e0 JavaThread "Sweeper thread" daemon [_thread_blocked, id=14544, stack(0x0000001474800000,0x0000001474900000)]
  0x000001885a21e930 JavaThread "Common-Cleaner" daemon [_thread_blocked, id=35008, stack(0x0000001474900000,0x0000001474a00000)]
  0x000001885d32caa0 JavaThread "Notification Thread" daemon [_thread_blocked, id=15064, stack(0x0000001474d00000,0x0000001474e00000)]
  0x00000188a33f4570 JavaThread "Daemon health stats" [_thread_blocked, id=4376, stack(0x0000001475800000,0x0000001475900000)]
  0x00000188a33f2710 JavaThread "Incoming local TCP Connector on port 64953" [_thread_in_native, id=35324, stack(0x0000001475900000,0x0000001475a00000)]
  0x00000188a33f4a80 JavaThread "Daemon periodic checks" [_thread_blocked, id=8800, stack(0x0000001475a00000,0x0000001475b00000)]
  0x00000188a33f3130 JavaThread "Cache worker for journal cache (C:\Users\Moaz\.gradle\caches\journal-1)" [_thread_blocked, id=29428, stack(0x0000001476200000,0x0000001476300000)]
  0x00000188a4d0ef50 JavaThread "File lock request listener" [_thread_in_native, id=34960, stack(0x0000001476300000,0x0000001476400000)]
  0x00000188a4d0e020 JavaThread "Cache worker for file hash cache (C:\Users\Moaz\.gradle\caches\8.10.2\fileHashes)" [_thread_blocked, id=2576, stack(0x0000001476400000,0x0000001476500000)]
  0x00000188a4d0fe80 JavaThread "File watcher server" daemon [_thread_in_native, id=32628, stack(0x0000001476e00000,0x0000001476f00000)]
  0x00000188a4d0db10 JavaThread "File watcher consumer" daemon [_thread_blocked, id=29736, stack(0x0000001476f00000,0x0000001477000000)]
  0x00000188a4d10db0 JavaThread "Cache worker for file content cache (C:\Users\Moaz\.gradle\caches\8.10.2\fileContent)" [_thread_blocked, id=34408, stack(0x0000001477100000,0x0000001477200000)]
  0x00000188a7c852f0 JavaThread "Memory manager" [_thread_blocked, id=32564, stack(0x000000147a300000,0x000000147a400000)]
  0x00000188a5cc98e0 JavaThread "jar transforms" [_thread_blocked, id=35264, stack(0x0000001400a00000,0x0000001400b00000)]
  0x00000188a5cc7f90 JavaThread "jar transforms Thread 2" [_thread_blocked, id=32040, stack(0x0000001400b00000,0x0000001400c00000)]
  0x00000188a5ccc160 JavaThread "jar transforms Thread 3" [_thread_blocked, id=36848, stack(0x0000001400d00000,0x0000001400e00000)]
  0x00000188a5cc89b0 JavaThread "jar transforms Thread 4" [_thread_blocked, id=16448, stack(0x0000001400e00000,0x0000001400f00000)]
  0x00000188af2e3f00 JavaThread "jar transforms Thread 5" [_thread_blocked, id=3552, stack(0x0000001402e00000,0x0000001402f00000)]
  0x00000188af2e5850 JavaThread "jar transforms Thread 6" [_thread_blocked, id=37440, stack(0x0000001403500000,0x0000001403600000)]
  0x00000188af2e9510 JavaThread "jar transforms Thread 7" [_thread_blocked, id=37540, stack(0x0000001403600000,0x0000001403700000)]
  0x00000188af2e8af0 JavaThread "jar transforms Thread 8" [_thread_blocked, id=37588, stack(0x0000001403d00000,0x0000001403e00000)]
  0x00000188af2e5d60 JavaThread "jar transforms Thread 9" [_thread_blocked, id=18348, stack(0x0000001403f00000,0x0000001404000000)]
  0x00000188af2ebd90 JavaThread "jar transforms Thread 10" [_thread_blocked, id=32348, stack(0x0000001404200000,0x0000001404300000)]
  0x00000188af2e9f30 JavaThread "jar transforms Thread 11" [_thread_blocked, id=35144, stack(0x0000001404300000,0x0000001404400000)]
  0x00000188af2e9000 JavaThread "jar transforms Thread 12" [_thread_blocked, id=5976, stack(0x0000001404400000,0x0000001404500000)]
  0x00000188af2e9a20 JavaThread "jar transforms Thread 13" [_thread_blocked, id=5800, stack(0x0000001404500000,0x0000001404600000)]
  0x00000188af2e6c90 JavaThread "jar transforms Thread 14" [_thread_blocked, id=19876, stack(0x0000001404600000,0x0000001404700000)]
  0x00000188af2edbf0 JavaThread "jar transforms Thread 15" [_thread_blocked, id=37380, stack(0x0000001404700000,0x0000001404800000)]
  0x00000188af2ea440 JavaThread "jar transforms Thread 16" [_thread_blocked, id=31548, stack(0x0000001404800000,0x0000001404900000)]
  0x00000188a5f816d0 JavaThread "Daemon Thread 2" [_thread_blocked, id=32144, stack(0x0000001400100000,0x0000001400200000)]
  0x00000188a5f85390 JavaThread "Handler for socket connection from /127.0.0.1:64953 to /127.0.0.1:59446" [_thread_in_native, id=37400, stack(0x0000001400200000,0x0000001400300000)]
  0x00000188a5f81be0 JavaThread "Cancel handler" [_thread_blocked, id=29812, stack(0x0000001400300000,0x0000001400400000)]
  0x00000188a5f858a0 JavaThread "Daemon worker Thread 2" [_thread_blocked, id=31076, stack(0x0000001400400000,0x0000001400500000)]
  0x00000188a5f89050 JavaThread "Asynchronous log dispatcher for DefaultDaemonConnection: socket connection from /127.0.0.1:64953 to /127.0.0.1:59446" [_thread_blocked, id=8164, stack(0x0000001400500000,0x0000001400600000)]
  0x00000188a5f88630 JavaThread "Stdin handler" [_thread_blocked, id=12716, stack(0x0000001400600000,0x0000001400700000)]
  0x00000188a5f87c10 JavaThread "Daemon client event forwarder" [_thread_blocked, id=33132, stack(0x0000001400700000,0x0000001400800000)]
  0x00000188a5f89560 JavaThread "Cache worker for file hash cache (M:\physiotherapy\android\.gradle\8.10.2\fileHashes)" [_thread_blocked, id=33628, stack(0x0000001400800000,0x0000001400900000)]
  0x00000188a5f87700 JavaThread "Cache worker for Build Output Cleanup Cache (M:\physiotherapy\android\.gradle\buildOutputCleanup)" [_thread_blocked, id=37504, stack(0x0000001400900000,0x0000001400a00000)]
  0x00000188a5f88120 JavaThread "Cache worker for checksums cache (M:\physiotherapy\android\.gradle\8.10.2\checksums)" [_thread_blocked, id=34284, stack(0x0000001400c00000,0x0000001400d00000)]
  0x00000188a5f871f0 JavaThread "Cache worker for cache directory md-rule (C:\Users\Moaz\.gradle\caches\8.10.2\md-rule)" [_thread_blocked, id=28988, stack(0x0000001400f00000,0x0000001401000000)]
  0x00000188a5f867d0 JavaThread "Cache worker for cache directory md-supplier (C:\Users\Moaz\.gradle\caches\8.10.2\md-supplier)" [_thread_blocked, id=36720, stack(0x0000001401000000,0x0000001401100000)]
  0x00000188a5f85db0 JavaThread "Cache worker for Build Output Cleanup Cache (C:\Users\Moaz\flutter\packages\flutter_tools\gradle\.gradle\buildOutputCleanup)" [_thread_blocked, id=20680, stack(0x0000001401100000,0x0000001401200000)]
  0x00000188a5f89a70 JavaThread "Unconstrained build operations" [_thread_blocked, id=19096, stack(0x0000001401200000,0x0000001401300000)]
  0x00000188a5f862c0 JavaThread "Unconstrained build operations Thread 2" [_thread_blocked, id=29532, stack(0x0000001401300000,0x0000001401400000)]
  0x00000188a5f89f80 JavaThread "Unconstrained build operations Thread 3" [_thread_blocked, id=36608, stack(0x0000001401400000,0x0000001401500000)]
  0x00000188a5f8a490 JavaThread "Unconstrained build operations Thread 4" [_thread_blocked, id=30748, stack(0x0000001401500000,0x0000001401600000)]
  0x00000188a5f86ce0 JavaThread "Unconstrained build operations Thread 5" [_thread_blocked, id=17972, stack(0x0000001401600000,0x0000001401700000)]
  0x00000188a5f8d220 JavaThread "Unconstrained build operations Thread 6" [_thread_blocked, id=22016, stack(0x0000001401700000,0x0000001401800000)]
  0x00000188a5f8bde0 JavaThread "Unconstrained build operations Thread 7" [_thread_blocked, id=12204, stack(0x0000001401800000,0x0000001401900000)]
  0x00000188a5f8c800 JavaThread "Unconstrained build operations Thread 8" [_thread_blocked, id=14116, stack(0x0000001401900000,0x0000001401a00000)]
  0x00000188a5f8c2f0 JavaThread "Unconstrained build operations Thread 9" [_thread_blocked, id=28064, stack(0x0000001401a00000,0x0000001401b00000)]
  0x00000188a5f8e150 JavaThread "Unconstrained build operations Thread 10" [_thread_blocked, id=36508, stack(0x0000001401b00000,0x0000001401c00000)]
  0x00000188a5f8d730 JavaThread "Unconstrained build operations Thread 11" [_thread_blocked, id=31472, stack(0x0000001401c00000,0x0000001401d00000)]
  0x00000188a5f8b8d0 JavaThread "Unconstrained build operations Thread 12" [_thread_blocked, id=25688, stack(0x0000001401d00000,0x0000001401e00000)]
  0x00000188a5f8b3c0 JavaThread "Unconstrained build operations Thread 13" [_thread_blocked, id=7804, stack(0x0000001401e00000,0x0000001401f00000)]
  0x00000188a5f8a9a0 JavaThread "Unconstrained build operations Thread 14" [_thread_blocked, id=37232, stack(0x0000001401f00000,0x0000001402000000)]
  0x00000188a5f8dc40 JavaThread "Unconstrained build operations Thread 15" [_thread_blocked, id=23588, stack(0x0000001402000000,0x0000001402100000)]
  0x00000188a5f8e660 JavaThread "Unconstrained build operations Thread 16" [_thread_blocked, id=26760, stack(0x0000001402100000,0x0000001402200000)]
  0x00000188a5f8cd10 JavaThread "Unconstrained build operations Thread 17" [_thread_blocked, id=32448, stack(0x0000001402200000,0x0000001402300000)]
  0x00000188a5f8aeb0 JavaThread "Unconstrained build operations Thread 18" [_thread_blocked, id=4944, stack(0x0000001402300000,0x0000001402400000)]
  0x00000188a5f909d0 JavaThread "Unconstrained build operations Thread 19" [_thread_blocked, id=36304, stack(0x0000001402400000,0x0000001402500000)]
  0x00000188a5f90ee0 JavaThread "Unconstrained build operations Thread 20" [_thread_blocked, id=17072, stack(0x0000001402500000,0x0000001402600000)]
  0x00000188a5f8eb70 JavaThread "Unconstrained build operations Thread 21" [_thread_blocked, id=32848, stack(0x0000001402600000,0x0000001402700000)]
  0x00000188a5f8f080 JavaThread "Unconstrained build operations Thread 22" [_thread_blocked, id=35636, stack(0x0000001402700000,0x0000001402800000)]
  0x00000188a5f8f590 JavaThread "Unconstrained build operations Thread 23" [_thread_blocked, id=26224, stack(0x0000001402800000,0x0000001402900000)]
  0x00000188a5f8faa0 JavaThread "Unconstrained build operations Thread 24" [_thread_blocked, id=33192, stack(0x0000001402900000,0x0000001402a00000)]
  0x00000188a5f8ffb0 JavaThread "Unconstrained build operations Thread 25" [_thread_blocked, id=30268, stack(0x0000001402a00000,0x0000001402b00000)]
  0x00000188a5f904c0 JavaThread "Unconstrained build operations Thread 26" [_thread_blocked, id=36280, stack(0x0000001402b00000,0x0000001402c00000)]
  0x00000188a8ccf180 JavaThread "Unconstrained build operations Thread 27" [_thread_blocked, id=35400, stack(0x0000001402c00000,0x0000001402d00000)]
  0x00000188a8ccce10 JavaThread "Unconstrained build operations Thread 28" [_thread_blocked, id=16940, stack(0x0000001402d00000,0x0000001402e00000)]
  0x00000188a8ccd320 JavaThread "Unconstrained build operations Thread 29" [_thread_blocked, id=36516, stack(0x0000001402f00000,0x0000001403000000)]
  0x00000188a8ccc3f0 JavaThread "Unconstrained build operations Thread 30" [_thread_blocked, id=24068, stack(0x0000001403000000,0x0000001403100000)]
  0x00000188a8ccf690 JavaThread "build event listener" [_thread_blocked, id=34936, stack(0x0000001403100000,0x0000001403200000)]
  0x00000188a8ccdd40 JavaThread "included builds" [_thread_blocked, id=24024, stack(0x0000001403300000,0x0000001403400000)]
  0x00000188a8cce250 JavaThread "Execution worker" [_thread_blocked, id=18132, stack(0x0000001403400000,0x0000001403500000)]
  0x00000188a8cce760 JavaThread "Execution worker Thread 2" [_thread_blocked, id=33184, stack(0x0000001403e00000,0x0000001403f00000)]
  0x00000188a8ccec70 JavaThread "Execution worker Thread 3" [_thread_blocked, id=32296, stack(0x0000001404900000,0x0000001404a00000)]
  0x00000188a8ccc900 JavaThread "Execution worker Thread 4" [_thread_blocked, id=34540, stack(0x0000001404a00000,0x0000001404b00000)]
  0x00000188a8ccbee0 JavaThread "Execution worker Thread 5" [_thread_blocked, id=34088, stack(0x0000001404b00000,0x0000001404c00000)]
  0x00000188a8cd0ad0 JavaThread "Execution worker Thread 6" [_thread_blocked, id=30956, stack(0x0000001404c00000,0x0000001404d00000)]
  0x00000188a8cd2e40 JavaThread "Execution worker Thread 7" [_thread_blocked, id=37452, stack(0x0000001404d00000,0x0000001404e00000)]
  0x00000188a8cd2420 JavaThread "Execution worker Thread 8" [_thread_blocked, id=36236, stack(0x0000001404e00000,0x0000001404f00000)]
  0x00000188a8cd0fe0 JavaThread "Execution worker Thread 9" [_thread_blocked, id=25184, stack(0x0000001404f00000,0x0000001405000000)]
  0x00000188a8ccfba0 JavaThread "Execution worker Thread 10" [_thread_blocked, id=27260, stack(0x0000001405000000,0x0000001405100000)]
  0x00000188a8cd00b0 JavaThread "Execution worker Thread 11" [_thread_blocked, id=16612, stack(0x0000001405100000,0x0000001405200000)]
  0x00000188a8cd3860 JavaThread "Execution worker Thread 12" [_thread_blocked, id=2512, stack(0x0000001405200000,0x0000001405300000)]
  0x00000188a8cd05c0 JavaThread "Execution worker Thread 13" [_thread_blocked, id=26920, stack(0x0000001405300000,0x0000001405400000)]
  0x00000188a8cd14f0 JavaThread "Execution worker Thread 14" [_thread_blocked, id=26692, stack(0x0000001405400000,0x0000001405500000)]
  0x00000188a8cd2930 JavaThread "Execution worker Thread 15" [_thread_blocked, id=25488, stack(0x0000001405500000,0x0000001405600000)]
  0x00000188a8cd1a00 JavaThread "Cache worker for execution history cache (C:\Users\Moaz\flutter\packages\flutter_tools\gradle\.gradle\8.10.2\executionHistory)" [_thread_blocked, id=30716, stack(0x0000001405600000,0x0000001405700000)]
  0x00000188a8cd1f10 JavaThread "Unconstrained build operations Thread 31" [_thread_blocked, id=21408, stack(0x0000001405700000,0x0000001405800000)]
  0x00000188a8cd3350 JavaThread "Unconstrained build operations Thread 32" [_thread_blocked, id=29044, stack(0x0000001405800000,0x0000001405900000)]
  0x00000188a5a244c0 JavaThread "Unconstrained build operations Thread 33" [_thread_blocked, id=31620, stack(0x0000001405900000,0x0000001405a00000)]
  0x00000188a5a22150 JavaThread "Unconstrained build operations Thread 34" [_thread_blocked, id=7212, stack(0x0000001405a00000,0x0000001405b00000)]
  0x00000188a5a21730 JavaThread "Unconstrained build operations Thread 35" [_thread_blocked, id=31584, stack(0x0000001405b00000,0x0000001405c00000)]
  0x00000188a5a23590 JavaThread "Unconstrained build operations Thread 36" [_thread_blocked, id=19968, stack(0x0000001405c00000,0x0000001405d00000)]
  0x00000188a5a22660 JavaThread "Unconstrained build operations Thread 37" [_thread_blocked, id=13516, stack(0x0000001405d00000,0x0000001405e00000)]
  0x00000188a5a22b70 JavaThread "Unconstrained build operations Thread 38" [_thread_blocked, id=27516, stack(0x0000001405e00000,0x0000001405f00000)]
  0x00000188a5a23fb0 JavaThread "Unconstrained build operations Thread 39" [_thread_blocked, id=4912, stack(0x0000001405f00000,0x0000001406000000)]
  0x00000188a5a23080 JavaThread "Unconstrained build operations Thread 40" [_thread_blocked, id=32748, stack(0x0000001406000000,0x0000001406100000)]
  0x00000188a5a23aa0 JavaThread "Unconstrained build operations Thread 41" [_thread_blocked, id=30896, stack(0x0000001406100000,0x0000001406200000)]
  0x00000188a5a20d10 JavaThread "Unconstrained build operations Thread 42" [_thread_blocked, id=29708, stack(0x0000001406200000,0x0000001406300000)]
  0x00000188a5a249d0 JavaThread "Unconstrained build operations Thread 43" [_thread_blocked, id=33624, stack(0x0000001406300000,0x0000001406400000)]
  0x00000188a5a21220 JavaThread "Unconstrained build operations Thread 44" [_thread_blocked, id=31040, stack(0x0000001406400000,0x0000001406500000)]
  0x00000188a5a24ee0 JavaThread "Unconstrained build operations Thread 45" [_thread_blocked, id=36788, stack(0x0000001406500000,0x0000001406600000)]
  0x00000188a5a253f0 JavaThread "Unconstrained build operations Thread 46" [_thread_blocked, id=8032, stack(0x0000001406600000,0x0000001406700000)]
  0x00000188a5a21c40 JavaThread "Unconstrained build operations Thread 47" [_thread_blocked, id=29256, stack(0x0000001406700000,0x0000001406800000)]
  0x00000188a5a26830 JavaThread "Unconstrained build operations Thread 48" [_thread_blocked, id=36228, stack(0x0000001406800000,0x0000001406900000)]
  0x00000188a5a28180 JavaThread "Unconstrained build operations Thread 49" [_thread_blocked, id=37616, stack(0x0000001406900000,0x0000001406a00000)]
  0x00000188a5a25900 JavaThread "Unconstrained build operations Thread 50" [_thread_blocked, id=452, stack(0x0000001406a00000,0x0000001406b00000)]
  0x00000188a5a25e10 JavaThread "Unconstrained build operations Thread 51" [_thread_blocked, id=27896, stack(0x0000001406b00000,0x0000001406c00000)]
  0x00000188a5a26d40 JavaThread "Unconstrained build operations Thread 52" [_thread_blocked, id=2268, stack(0x0000001406c00000,0x0000001406d00000)]
  0x00000188a5a27250 JavaThread "Unconstrained build operations Thread 53" [_thread_blocked, id=29172, stack(0x0000001406d00000,0x0000001406e00000)]
  0x00000188a5a27760 JavaThread "Unconstrained build operations Thread 54" [_thread_blocked, id=35796, stack(0x0000001406e00000,0x0000001406f00000)]
  0x00000188a7c81630 JavaThread "WorkerExecutor Queue" [_thread_blocked, id=32292, stack(0x0000001407000000,0x0000001407100000)]
  0x00000188a7c848d0 JavaThread "RMI Scheduler(0)" daemon [_thread_blocked, id=20748, stack(0x0000001407100000,0x0000001407200000)]
  0x00000188a7c84de0 JavaThread "RMI GC Daemon" daemon [_thread_blocked, id=22020, stack(0x0000001407300000,0x0000001407400000)]
  0x00000188a7c82a70 JavaThread "RMI TCP Accept-0" daemon [_thread_in_native, id=32264, stack(0x0000001407400000,0x0000001407500000)]
  0x00000188a7c81b40 JavaThread "RMI Reaper" [_thread_blocked, id=26004, stack(0x0000001407500000,0x0000001407600000)]
  0x00000188a7c82f80 JavaThread "RMI TCP Connection(idle)" daemon [_thread_blocked, id=32352, stack(0x0000001407600000,0x0000001407700000)]
  0x00000188a7c87b70 JavaThread "Unconstrained build operations Thread 55" [_thread_blocked, id=26660, stack(0x0000001408000000,0x0000001408100000)]
  0x00000188a4d0f460 JavaThread "Unconstrained build operations Thread 56" [_thread_blocked, id=36360, stack(0x0000001408100000,0x0000001408200000)]
  0x00000188a4d11ce0 JavaThread "Unconstrained build operations Thread 57" [_thread_blocked, id=24148, stack(0x0000001408200000,0x0000001408300000)]
  0x00000188a4d112c0 JavaThread "Unconstrained build operations Thread 58" [_thread_blocked, id=888, stack(0x0000001408300000,0x0000001408400000)]
  0x00000188a4d0f970 JavaThread "Unconstrained build operations Thread 59" [_thread_blocked, id=8696, stack(0x0000001408400000,0x0000001408500000)]
  0x00000188a4d117d0 JavaThread "Unconstrained build operations Thread 60" [_thread_blocked, id=28580, stack(0x0000001408500000,0x0000001408600000)]
  0x00000188a4d108a0 JavaThread "Unconstrained build operations Thread 61" [_thread_blocked, id=14960, stack(0x0000001408600000,0x0000001408700000)]
  0x00000188a4d10390 JavaThread "Unconstrained build operations Thread 62" [_thread_blocked, id=30608, stack(0x0000001408700000,0x0000001408800000)]
  0x00000188a4d0e530 JavaThread "Unconstrained build operations Thread 63" [_thread_blocked, id=27252, stack(0x0000001408800000,0x0000001408900000)]
  0x00000188a4d121f0 JavaThread "Unconstrained build operations Thread 64" [_thread_blocked, id=36800, stack(0x0000001408900000,0x0000001408a00000)]
  0x00000188a4d0ea40 JavaThread "Unconstrained build operations Thread 65" [_thread_blocked, id=4752, stack(0x0000001408a00000,0x0000001408b00000)]
  0x00000188a4d13120 JavaThread "Unconstrained build operations Thread 66" [_thread_blocked, id=22044, stack(0x0000001408b00000,0x0000001408c00000)]
  0x00000188a4d12c10 JavaThread "Unconstrained build operations Thread 67" [_thread_blocked, id=7320, stack(0x0000001408c00000,0x0000001408d00000)]
  0x00000188a4d13630 JavaThread "Unconstrained build operations Thread 68" [_thread_blocked, id=37024, stack(0x0000001408d00000,0x0000001408e00000)]
  0x00000188a4d14a70 JavaThread "Unconstrained build operations Thread 69" [_thread_blocked, id=35944, stack(0x0000001408e00000,0x0000001408f00000)]
  0x00000188a4d14050 JavaThread "Unconstrained build operations Thread 70" [_thread_blocked, id=34792, stack(0x0000001408f00000,0x0000001409000000)]
  0x00000188a4d13b40 JavaThread "Unconstrained build operations Thread 71" [_thread_blocked, id=36692, stack(0x0000001409000000,0x0000001409100000)]
  0x00000188a4d14560 JavaThread "Unconstrained build operations Thread 72" [_thread_blocked, id=2620, stack(0x0000001409100000,0x0000001409200000)]
  0x00000188a4d14f80 JavaThread "Unconstrained build operations Thread 73" [_thread_blocked, id=6832, stack(0x0000001409200000,0x0000001409300000)]
  0x00000188a4d15490 JavaThread "Unconstrained build operations Thread 74" [_thread_blocked, id=34868, stack(0x0000001409300000,0x0000001409400000)]
  0x00000188a5cc7060 JavaThread "Unconstrained build operations Thread 75" [_thread_blocked, id=3460, stack(0x0000001409400000,0x0000001409500000)]
  0x00000188a5cc7570 JavaThread "Unconstrained build operations Thread 76" [_thread_blocked, id=28520, stack(0x0000001409500000,0x0000001409600000)]
  0x00000188a5cc7a80 JavaThread "Unconstrained build operations Thread 77" [_thread_blocked, id=35824, stack(0x0000001409600000,0x0000001409700000)]
  0x00000188a5ccb740 JavaThread "Unconstrained build operations Thread 78" [_thread_blocked, id=35364, stack(0x0000001409700000,0x0000001409800000)]
  0x00000188a5cc84a0 JavaThread "Unconstrained build operations Thread 79" [_thread_blocked, id=13808, stack(0x0000001409800000,0x0000001409900000)]
  0x00000188a5cc8ec0 JavaThread "Unconstrained build operations Thread 80" [_thread_blocked, id=36264, stack(0x0000001409900000,0x0000001409a00000)]
  0x00000188a5ccc670 JavaThread "Unconstrained build operations Thread 81" [_thread_blocked, id=2596, stack(0x0000001409a00000,0x0000001409b00000)]
  0x00000188a5ccdab0 JavaThread "Unconstrained build operations Thread 82" [_thread_blocked, id=16476, stack(0x0000001409b00000,0x0000001409c00000)]
  0x00000188a5cccb80 JavaThread "Unconstrained build operations Thread 83" [_thread_blocked, id=35908, stack(0x0000001409c00000,0x0000001409d00000)]
  0x00000188a5cce4d0 JavaThread "Unconstrained build operations Thread 84" [_thread_blocked, id=19392, stack(0x0000001409d00000,0x0000001409e00000)]
  0x00000188a5ccd5a0 JavaThread "Unconstrained build operations Thread 85" [_thread_blocked, id=27968, stack(0x0000001406f00000,0x0000001407000000)]
  0x00000188a5ccd090 JavaThread "Unconstrained build operations Thread 86" [_thread_blocked, id=3248, stack(0x0000001407800000,0x0000001407900000)]
  0x00000188a5ccdfc0 JavaThread "Unconstrained build operations Thread 87" [_thread_blocked, id=31012, stack(0x0000001407c00000,0x0000001407d00000)]
  0x00000188a5cce9e0 JavaThread "Unconstrained build operations Thread 88" [_thread_blocked, id=35316, stack(0x0000001407d00000,0x0000001407e00000)]
  0x00000188af2e5340 JavaThread "Unconstrained build operations Thread 89" [_thread_blocked, id=37624, stack(0x0000001407e00000,0x0000001407f00000)]
  0x00000188af2ef540 JavaThread "Unconstrained build operations Thread 90" [_thread_blocked, id=26860, stack(0x0000001407f00000,0x0000001408000000)]
  0x00000188af2ef030 JavaThread "Unconstrained build operations Thread 91" [_thread_blocked, id=1752, stack(0x0000001409f00000,0x000000140a000000)]
  0x00000188af2ed6e0 JavaThread "Unconstrained build operations Thread 92" [_thread_blocked, id=36812, stack(0x000000140a000000,0x000000140a100000)]
  0x00000188af2efa50 JavaThread "Unconstrained build operations Thread 93" [_thread_blocked, id=7896, stack(0x000000140a100000,0x000000140a200000)]
  0x00000188af2eff60 JavaThread "Unconstrained build operations Thread 94" [_thread_blocked, id=27128, stack(0x000000140a200000,0x000000140a300000)]
  0x00000188af2ec7b0 JavaThread "Unconstrained build operations Thread 95" [_thread_blocked, id=37632, stack(0x000000140a300000,0x000000140a400000)]
  0x00000188af2f0470 JavaThread "Unconstrained build operations Thread 96" [_thread_blocked, id=37020, stack(0x000000140a400000,0x000000140a500000)]
  0x00000188af2f0980 JavaThread "Unconstrained build operations Thread 97" [_thread_blocked, id=8460, stack(0x000000140a500000,0x000000140a600000)]
  0x00000188a33f3b50 JavaThread "Unconstrained build operations Thread 98" [_thread_blocked, id=25572, stack(0x000000140a600000,0x000000140a700000)]
  0x00000188a33f17e0 JavaThread "Unconstrained build operations Thread 99" [_thread_blocked, id=25156, stack(0x000000140a700000,0x000000140a800000)]
  0x00000188a33f2c20 JavaThread "Unconstrained build operations Thread 100" [_thread_blocked, id=24808, stack(0x000000140a800000,0x000000140a900000)]
  0x00000188a33f4f90 JavaThread "Unconstrained build operations Thread 101" [_thread_blocked, id=8928, stack(0x000000140a900000,0x000000140aa00000)]
  0x00000188a33f1cf0 JavaThread "Unconstrained build operations Thread 102" [_thread_blocked, id=33348, stack(0x000000140aa00000,0x000000140ab00000)]
  0x00000188a33f3640 JavaThread "Unconstrained build operations Thread 103" [_thread_blocked, id=36064, stack(0x000000140ab00000,0x000000140ac00000)]
  0x00000188a33f2200 JavaThread "Unconstrained build operations Thread 104" [_thread_blocked, id=4832, stack(0x000000140ac00000,0x000000140ad00000)]
  0x00000188a33f4060 JavaThread "Unconstrained build operations Thread 105" [_thread_blocked, id=36152, stack(0x000000140ad00000,0x000000140ae00000)]
  0x00000188a7c82560 JavaThread "Unconstrained build operations Thread 106" [_thread_blocked, id=16548, stack(0x000000140ae00000,0x000000140af00000)]
  0x00000188a7c88fb0 JavaThread "Unconstrained build operations Thread 107" [_thread_blocked, id=35884, stack(0x000000140af00000,0x000000140b000000)]
  0x00000188a7c88590 JavaThread "Unconstrained build operations Thread 108" [_thread_blocked, id=37512, stack(0x000000140b000000,0x000000140b100000)]
  0x00000188a7c87660 JavaThread "Unconstrained build operations Thread 109" [_thread_blocked, id=2628, stack(0x000000140b100000,0x000000140b200000)]
  0x00000188a7c88080 JavaThread "Unconstrained build operations Thread 110" [_thread_blocked, id=35288, stack(0x000000140b200000,0x000000140b300000)]
  0x00000188a7c88aa0 JavaThread "Unconstrained build operations Thread 111" [_thread_blocked, id=16300, stack(0x000000140b300000,0x000000140b400000)]
  0x00000188a7c85800 JavaThread "Unconstrained build operations Thread 112" [_thread_blocked, id=25144, stack(0x000000140b400000,0x000000140b500000)]
  0x00000188a5f84460 JavaThread "Unconstrained build operations Thread 113" [_thread_blocked, id=36724, stack(0x000000140b500000,0x000000140b600000)]
  0x00000188a5f84970 JavaThread "Unconstrained build operations Thread 114" [_thread_blocked, id=34044, stack(0x000000140b600000,0x000000140b700000)]
  0x00000188a7cbefa0 JavaThread "Unconstrained build operations Thread 115" [_thread_blocked, id=31092, stack(0x000000140b800000,0x000000140b900000)]
  0x00000188a7cbdb60 JavaThread "Unconstrained build operations Thread 116" [_thread_blocked, id=33704, stack(0x000000140b900000,0x000000140ba00000)]
  0x00000188a7cbf9c0 JavaThread "Unconstrained build operations Thread 117" [_thread_blocked, id=36136, stack(0x000000140ba00000,0x000000140bb00000)]
  0x00000188a7cbfed0 JavaThread "Unconstrained build operations Thread 118" [_thread_blocked, id=35084, stack(0x000000140bb00000,0x000000140bc00000)]
  0x00000188a7cbcc30 JavaThread "Unconstrained build operations Thread 119" [_thread_blocked, id=9980, stack(0x000000140bc00000,0x000000140bd00000)]
  0x00000188a7cc08f0 JavaThread "Unconstrained build operations Thread 120" [_thread_blocked, id=29124, stack(0x000000140bd00000,0x000000140be00000)]
  0x00000188a7cbe580 JavaThread "Unconstrained build operations Thread 121" [_thread_blocked, id=32408, stack(0x000000140be00000,0x000000140bf00000)]
  0x00000188a7cbd140 JavaThread "Unconstrained build operations Thread 122" [_thread_blocked, id=31108, stack(0x000000140bf00000,0x000000140c000000)]
  0x00000188a7cc0e00 JavaThread "Unconstrained build operations Thread 123" [_thread_blocked, id=34364, stack(0x000000140c000000,0x000000140c100000)]
  0x00000188a7cc1310 JavaThread "Unconstrained build operations Thread 124" [_thread_blocked, id=36016, stack(0x000000140c100000,0x000000140c200000)]
  0x00000188a7cc1820 JavaThread "Unconstrained build operations Thread 125" [_thread_blocked, id=34820, stack(0x000000140c200000,0x000000140c300000)]
  0x00000188a7cc1d30 JavaThread "Unconstrained build operations Thread 126" [_thread_blocked, id=37116, stack(0x000000140c300000,0x000000140c400000)]
  0x00000188a7cc2240 JavaThread "Unconstrained build operations Thread 127" [_thread_blocked, id=31212, stack(0x000000140c400000,0x000000140c500000)]
  0x00000188a5ccbc50 JavaThread "Unconstrained build operations Thread 128" [_thread_blocked, id=13780, stack(0x000000140c500000,0x000000140c600000)]
  0x00000188af2e4e30 JavaThread "Unconstrained build operations Thread 129" [_thread_blocked, id=20648, stack(0x000000140c600000,0x000000140c700000)]
  0x00000188b2a7ec40 JavaThread "Unconstrained build operations Thread 130" [_thread_blocked, id=26880, stack(0x000000140c700000,0x000000140c800000)]
  0x00000188b2a7fb70 JavaThread "Unconstrained build operations Thread 131" [_thread_blocked, id=33140, stack(0x000000140c800000,0x000000140c900000)]
  0x00000188b2a7d2f0 JavaThread "Unconstrained build operations Thread 132" [_thread_blocked, id=10480, stack(0x000000140c900000,0x000000140ca00000)]
  0x00000188b2a7cde0 JavaThread "Unconstrained build operations Thread 133" [_thread_blocked, id=20456, stack(0x000000140ca00000,0x000000140cb00000)]
  0x00000188b2a7dd10 JavaThread "Unconstrained build operations Thread 134" [_thread_blocked, id=25748, stack(0x000000140cb00000,0x000000140cc00000)]
  0x00000188b2a7f150 JavaThread "Unconstrained build operations Thread 135" [_thread_in_Java, id=22192, stack(0x000000140cc00000,0x000000140cd00000)]
  0x00000188b2a7d800 JavaThread "Unconstrained build operations Thread 136" [_thread_blocked, id=35460, stack(0x000000140cd00000,0x000000140ce00000)]
  0x00000188b2a7f660 JavaThread "Unconstrained build operations Thread 137" [_thread_blocked, id=34876, stack(0x000000140ce00000,0x000000140cf00000)]
  0x00000188b2a7e730 JavaThread "Unconstrained build operations Thread 138" [_thread_blocked, id=34524, stack(0x000000140cf00000,0x000000140d000000)]
  0x00000188b2a7c3c0 JavaThread "Unconstrained build operations Thread 139" [_thread_blocked, id=32864, stack(0x000000140d000000,0x000000140d100000)]
  0x00000188b2a7e220 JavaThread "Unconstrained build operations Thread 140" [_thread_blocked, id=20708, stack(0x000000140d100000,0x000000140d200000)]
  0x00000188b2a80080 JavaThread "Unconstrained build operations Thread 141" [_thread_blocked, id=34112, stack(0x000000140d200000,0x000000140d300000)]
  0x00000188b2a7c8d0 JavaThread "Unconstrained build operations Thread 142" [_thread_blocked, id=36476, stack(0x000000140d300000,0x000000140d400000)]
  0x00000188b2a819d0 JavaThread "Unconstrained build operations Thread 143" [_thread_blocked, id=36660, stack(0x000000140d400000,0x000000140d500000)]
  0x00000188b2a83d40 JavaThread "Unconstrained build operations Thread 144" [_thread_blocked, id=37564, stack(0x000000140d500000,0x000000140d600000)]
  0x00000188b2a814c0 JavaThread "Unconstrained build operations Thread 145" [_thread_blocked, id=31876, stack(0x000000140d600000,0x000000140d700000)]
  0x00000188b2a81ee0 JavaThread "Unconstrained build operations Thread 146" [_thread_blocked, id=37160, stack(0x000000140d700000,0x000000140d800000)]
  0x00000188b2a823f0 JavaThread "Unconstrained build operations Thread 147" [_thread_blocked, id=27216, stack(0x000000140d800000,0x000000140d900000)]
  0x00000188b2a83830 JavaThread "Unconstrained build operations Thread 148" [_thread_blocked, id=34380, stack(0x000000140d900000,0x000000140da00000)]
  0x00000188b2a82e10 JavaThread "Unconstrained build operations Thread 149" [_thread_blocked, id=35896, stack(0x000000140da00000,0x000000140db00000)]
  0x00000188b2a82900 JavaThread "Unconstrained build operations Thread 150" [_thread_blocked, id=36928, stack(0x000000140db00000,0x000000140dc00000)]
  0x00000188b2a80590 JavaThread "Unconstrained build operations Thread 151" [_thread_blocked, id=11048, stack(0x000000140dc00000,0x000000140dd00000)]
  0x00000188b2a84250 JavaThread "Unconstrained build operations Thread 152" [_thread_blocked, id=14672, stack(0x000000140dd00000,0x000000140de00000)]
  0x00000188b2a80aa0 JavaThread "Unconstrained build operations Thread 153" [_thread_blocked, id=19436, stack(0x000000140de00000,0x000000140df00000)]
  0x00000188b2a83320 JavaThread "Unconstrained build operations Thread 154" [_thread_in_Java, id=32236, stack(0x000000140df00000,0x000000140e000000)]
  0x00000188b2a80fb0 JavaThread "Unconstrained build operations Thread 155" [_thread_blocked, id=35180, stack(0x000000140e000000,0x000000140e100000)]
  0x00000188b2a860b0 JavaThread "Unconstrained build operations Thread 156" [_thread_blocked, id=20812, stack(0x000000140e100000,0x000000140e200000)]
  0x00000188b2a85ba0 JavaThread "Unconstrained build operations Thread 157" [_thread_blocked, id=33216, stack(0x000000140e200000,0x000000140e300000)]
  0x00000188b2a865c0 JavaThread "Unconstrained build operations Thread 158" [_thread_blocked, id=35560, stack(0x000000140e300000,0x000000140e400000)]
  0x00000188b2a84c70 JavaThread "Unconstrained build operations Thread 159" [_thread_blocked, id=26672, stack(0x000000140e400000,0x000000140e500000)]
  0x00000188b2a86ad0 JavaThread "Unconstrained build operations Thread 160" [_thread_blocked, id=30736, stack(0x000000140e500000,0x000000140e600000)]
  0x00000188b2a89860 JavaThread "Cache worker for execution history cache (M:\physiotherapy\android\.gradle\8.10.2\executionHistory)" [_thread_blocked, id=32584, stack(0x0000001403200000,0x0000001403300000)]
  0x00000188b2416a50 JavaThread "WorkerExecutor Queue Thread 2" [_thread_blocked, id=13136, stack(0x0000001409e00000,0x0000001409f00000)]
  0x00000188b2418dc0 JavaThread "WorkerExecutor Queue Thread 3" [_thread_blocked, id=34732, stack(0x000000140e600000,0x000000140e700000)]
  0x00000188b2417e90 JavaThread "WorkerExecutor Queue Thread 4" [_thread_blocked, id=23992, stack(0x000000140e700000,0x000000140e800000)]
  0x00000188b24197e0 JavaThread "WorkerExecutor Queue Thread 5" [_thread_blocked, id=35464, stack(0x000000140eb00000,0x000000140ec00000)]
  0x00000188b241a200 JavaThread "WorkerExecutor Queue Thread 7" [_thread_blocked, id=36776, stack(0x000000140ee00000,0x000000140ef00000)]
  0x00000188b2416f60 JavaThread "WorkerExecutor Queue Thread 9" [_thread_blocked, id=30908, stack(0x000000140f100000,0x000000140f200000)]
  0x00000188b241ac20 JavaThread "WorkerExecutor Queue Thread 10" [_thread_blocked, id=11748, stack(0x000000140f200000,0x000000140f300000)]
  0x00000188b2417470 JavaThread "WorkerExecutor Queue Thread 11" [_thread_blocked, id=32480, stack(0x000000140f400000,0x000000140f500000)]
  0x00000188b241b130 JavaThread "WorkerExecutor Queue Thread 12" [_thread_blocked, id=34964, stack(0x000000140f500000,0x000000140f600000)]
  0x00000188b241b640 JavaThread "WorkerExecutor Queue Thread 13" [_thread_blocked, id=33344, stack(0x000000140f600000,0x000000140f700000)]
  0x00000188b241bb50 JavaThread "WorkerExecutor Queue Thread 14" [_thread_blocked, id=25828, stack(0x000000140f700000,0x000000140f800000)]
  0x00000188b241cf90 JavaThread "WorkerExecutor Queue Thread 15" [_thread_blocked, id=34388, stack(0x000000140e800000,0x000000140e900000)]
  0x00000188b241c570 JavaThread "WorkerExecutor Queue Thread 16" [_thread_blocked, id=32208, stack(0x000000140ec00000,0x000000140ed00000)]
  0x00000188b241d4a0 JavaThread "WorkerExecutor Queue Thread 17" [_thread_blocked, id=11804, stack(0x000000140ef00000,0x000000140f000000)]
  0x00000188b241dec0 JavaThread "WorkerExecutor Queue Thread 18" [_thread_blocked, id=16356, stack(0x000000140f300000,0x000000140f400000)]
  0x00000188b241fd20 JavaThread "pool-5-thread-1" [_thread_blocked, id=24928, stack(0x000000140f000000,0x000000140f100000)]
  0x00000188b2420c50 JavaThread "stderr" [_thread_in_native, id=24904, stack(0x000000140f900000,0x000000140fa00000)]
  0x00000188b2421160 JavaThread "stdout" [_thread_in_native, id=21376, stack(0x000000140fa00000,0x000000140fb00000)]
  0x00000188b2422fc0 JavaThread "Cache worker for Java compile cache (C:\Users\Moaz\.gradle\caches\8.10.2\javaCompile)" [_thread_blocked, id=32792, stack(0x0000001400000000,0x0000001400100000)]
  0x00000188b24225a0 JavaThread "Build operations" [_thread_blocked, id=11112, stack(0x000000140ed00000,0x000000140ee00000)]
  0x00000188b2425330 JavaThread "Build operations Thread 2" [_thread_blocked, id=36612, stack(0x000000140fb00000,0x000000140fc00000)]
  0x00000188b2421b80 JavaThread "Build operations Thread 3" [_thread_blocked, id=33576, stack(0x000000140fc00000,0x000000140fd00000)]
  0x00000188b2425840 JavaThread "Build operations Thread 4" [_thread_blocked, id=13140, stack(0x000000140fd00000,0x000000140fe00000)]
  0x00000188b2424910 JavaThread "Build operations Thread 5" [_thread_blocked, id=34164, stack(0x000000140fe00000,0x000000140ff00000)]
  0x00000188b2425d50 JavaThread "Build operations Thread 6" [_thread_blocked, id=16320, stack(0x000000140ff00000,0x0000001410000000)]
  0x00000188b2422ab0 JavaThread "Build operations Thread 7" [_thread_blocked, id=8156, stack(0x0000001410000000,0x0000001410100000)]
  0x00000188b24234d0 JavaThread "Build operations Thread 8" [_thread_blocked, id=5436, stack(0x0000001410100000,0x0000001410200000)]
  0x00000188b2426260 JavaThread "Build operations Thread 9" [_thread_blocked, id=2816, stack(0x0000001410200000,0x0000001410300000)]
  0x00000188b24239e0 JavaThread "Build operations Thread 10" [_thread_blocked, id=29908, stack(0x0000001410300000,0x0000001410400000)]
  0x00000188b2423ef0 JavaThread "Build operations Thread 11" [_thread_blocked, id=22052, stack(0x0000001410400000,0x0000001410500000)]
  0x00000188b2424400 JavaThread "Build operations Thread 12" [_thread_blocked, id=28932, stack(0x0000001410500000,0x0000001410600000)]
  0x00000188a5f82b10 JavaThread "Build operations Thread 13" [_thread_blocked, id=30176, stack(0x0000001410600000,0x0000001410700000)]
  0x00000188a5f83a40 JavaThread "Build operations Thread 14" [_thread_blocked, id=10096, stack(0x0000001410700000,0x0000001410800000)]
  0x00000188b2a8b1b0 JavaThread "Build operations Thread 15" [_thread_blocked, id=14392, stack(0x0000001410800000,0x0000001410900000)]
  0x00000188b0122f60 JavaThread "Build operations Thread 16" [_thread_blocked, id=35556, stack(0x0000001410900000,0x0000001410a00000)]
  0x00000188b012adf0 JavaThread "RMI TCP Accept-0" daemon [_thread_in_native, id=12728, stack(0x0000001410f00000,0x0000001411000000)]
  0x00000188b012bd20 JavaThread "RMI TCP Connection(5)-127.0.0.1" daemon [_thread_in_native, id=7976, stack(0x0000001411000000,0x0000001411100000)]
=>0x00000188a38ae730 JavaThread "C2 CompilerThread1" daemon [_thread_in_native, id=29744, stack(0x0000001407200000,0x0000001407300000)]
  0x00000188a38ab760 JavaThread "C1 CompilerThread1" daemon [_thread_blocked, id=21416, stack(0x000000140e900000,0x000000140ea00000)]
  0x00000188d540e4e0 JavaThread "C2 CompilerThread2" daemon [_thread_in_native, id=25340, stack(0x0000001407900000,0x0000001407a00000)]

Other Threads:
  0x000001885a22d430 VMThread "VM Thread" [stack: 0x0000001473f00000,0x0000001474000000] [id=31788]
  0x000001885d2aa9d0 WatcherThread [stack: 0x0000001474e00000,0x0000001474f00000] [id=30888]
  0x000001885a0959b0 GCTaskThread "GC Thread#0" [stack: 0x0000001473a00000,0x0000001473b00000] [id=8168]
  0x000001885d8f9210 GCTaskThread "GC Thread#1" [stack: 0x0000001475200000,0x0000001475300000] [id=27732]
  0x000001885d7af640 GCTaskThread "GC Thread#2" [stack: 0x0000001475300000,0x0000001475400000] [id=13692]
  0x000001885dd4b1a0 GCTaskThread "GC Thread#3" [stack: 0x0000001475400000,0x0000001475500000] [id=35720]
  0x000001885dd4b460 GCTaskThread "GC Thread#4" [stack: 0x0000001475500000,0x0000001475600000] [id=16540]
  0x000001885dd4a3e0 GCTaskThread "GC Thread#5" [stack: 0x0000001475600000,0x0000001475700000] [id=35916]
  0x000001885dd4a120 GCTaskThread "GC Thread#6" [stack: 0x0000001475000000,0x0000001475100000] [id=11996]
  0x000001885dd4a960 GCTaskThread "GC Thread#7" [stack: 0x0000001475100000,0x0000001475200000] [id=28616]
  0x000001885dd4aee0 GCTaskThread "GC Thread#8" [stack: 0x0000001476700000,0x0000001476800000] [id=11716]
  0x00000188a5555ac0 GCTaskThread "GC Thread#9" [stack: 0x0000001476800000,0x0000001476900000] [id=14736]
  0x00000188a55544c0 GCTaskThread "GC Thread#10" [stack: 0x0000001476900000,0x0000001476a00000] [id=19368]
  0x00000188a55565c0 GCTaskThread "GC Thread#11" [stack: 0x0000001476a00000,0x0000001476b00000] [id=33256]
  0x00000188a5554780 GCTaskThread "GC Thread#12" [stack: 0x0000001476b00000,0x0000001476c00000] [id=30652]
  0x000001885a0a6e10 ConcurrentGCThread "G1 Main Marker" [stack: 0x0000001473b00000,0x0000001473c00000] [id=37880]
  0x000001885a0a7ee0 ConcurrentGCThread "G1 Conc#0" [stack: 0x0000001473c00000,0x0000001473d00000] [id=10260]
  0x00000188a5554fc0 ConcurrentGCThread "G1 Conc#1" [stack: 0x0000001476c00000,0x0000001476d00000] [id=25832]
  0x00000188a5556040 ConcurrentGCThread "G1 Conc#2" [stack: 0x0000001476d00000,0x0000001476e00000] [id=18240]
  0x000001885a168a10 ConcurrentGCThread "G1 Refine#0" [stack: 0x0000001473d00000,0x0000001473e00000] [id=27044]
  0x00000188a8f57450 ConcurrentGCThread "G1 Refine#1" [stack: 0x0000001403700000,0x0000001403800000] [id=33580]
  0x00000188a8f594a0 ConcurrentGCThread "G1 Refine#2" [stack: 0x0000001403800000,0x0000001403900000] [id=29456]
  0x00000188a8f58300 ConcurrentGCThread "G1 Refine#3" [stack: 0x0000001403900000,0x0000001403a00000] [id=17616]
  0x00000188a8f59a80 ConcurrentGCThread "G1 Refine#4" [stack: 0x0000001403a00000,0x0000001403b00000] [id=34872]
  0x00000188a8f585f0 ConcurrentGCThread "G1 Refine#5" [stack: 0x0000001403b00000,0x0000001403c00000] [id=10864]
  0x00000188a8f56b80 ConcurrentGCThread "G1 Refine#6" [stack: 0x0000001403c00000,0x0000001403d00000] [id=26716]
  0x000001885a169350 ConcurrentGCThread "G1 Service" [stack: 0x0000001473e00000,0x0000001473f00000] [id=30920]

Threads with active compile tasks:
C2 CompilerThread0   698286 62775       4       com.android.tools.r8.internal.We::a (31 bytes)
C2 CompilerThread1   698286 59078       4       com.android.tools.r8.internal.K5::a (220 bytes)
C2 CompilerThread2   698286 58916       4       com.android.tools.r8.internal.Qk0::b (198 bytes)

VM state: not at safepoint (normal execution)

VM Mutex/Monitor currently owned by a thread: None

Heap address: 0x0000000600000000, size: 8192 MB, Compressed Oops mode: Zero based, Oop shift amount: 3

CDS archive(s) mapped at: [0x000001885e000000-0x000001885ebb0000-0x000001885ebb0000), size 12255232, SharedBaseAddress: 0x000001885e000000, ArchiveRelocationMode: 1.
Compressed class space mapped at: 0x000001885f000000-0x000001889f000000, reserved size: 1073741824
Narrow klass base: 0x000001885e000000, Narrow klass shift: 0, Narrow klass range: 0x100000000

GC Precious Log:
 CPUs: 16 total, 16 available
 Memory: 16010M
 Large Page Support: Disabled
 NUMA Support: Disabled
 Compressed Oops: Enabled (Zero based)
 Heap Region Size: 4M
 Heap Min Capacity: 8M
 Heap Initial Capacity: 252M
 Heap Max Capacity: 8G
 Pre-touch: Disabled
 Parallel Workers: 13
 Concurrent Workers: 3
 Concurrent Refinement Workers: 13
 Periodic GC: Disabled

Heap:
 garbage-first heap   total 2433024K, used 1562761K [0x0000000600000000, 0x0000000800000000)
  region size 4096K, 166 young (679936K), 9 survivors (36864K)
 Metaspace       used 256645K, committed 259456K, reserved 1310720K
  class space    used 32766K, committed 33984K, reserved 1048576K

Heap Regions: E=young(eden), S=young(survivor), O=old, HS=humongous(starts), HC=humongous(continues), CS=collection set, F=free, OA=open archive, CA=closed archive, TAMS=top-at-mark-start (previous, next)
|   0|0x0000000600000000, 0x0000000600400000, 0x0000000600400000|100%|HS|  |TAMS 0x0000000600400000, 0x0000000600400000| Complete 
|   1|0x0000000600400000, 0x0000000600800000, 0x0000000600800000|100%| O|  |TAMS 0x0000000600800000, 0x0000000600800000| Untracked 
|   2|0x0000000600800000, 0x0000000600c00000, 0x0000000600c00000|100%| O|  |TAMS 0x0000000600c00000, 0x0000000600c00000| Untracked 
|   3|0x0000000600c00000, 0x0000000601000000, 0x0000000601000000|100%| O|  |TAMS 0x0000000601000000, 0x0000000601000000| Untracked 
|   4|0x0000000601000000, 0x0000000601400000, 0x0000000601400000|100%| O|  |TAMS 0x0000000601400000, 0x0000000601400000| Untracked 
|   5|0x0000000601400000, 0x0000000601800000, 0x0000000601800000|100%| O|  |TAMS 0x0000000601800000, 0x0000000601800000| Untracked 
|   6|0x0000000601800000, 0x0000000601c00000, 0x0000000601c00000|100%| O|  |TAMS 0x0000000601c00000, 0x0000000601c00000| Untracked 
|   7|0x0000000601c00000, 0x0000000602000000, 0x0000000602000000|100%| O|  |TAMS 0x0000000602000000, 0x0000000602000000| Untracked 
|   8|0x0000000602000000, 0x0000000602400000, 0x0000000602400000|100%| O|  |TAMS 0x0000000602400000, 0x0000000602400000| Untracked 
|   9|0x0000000602400000, 0x0000000602800000, 0x0000000602800000|100%| O|  |TAMS 0x0000000602800000, 0x0000000602800000| Untracked 
|  10|0x0000000602800000, 0x0000000602c00000, 0x0000000602c00000|100%|HS|  |TAMS 0x0000000602c00000, 0x0000000602c00000| Complete 
|  11|0x0000000602c00000, 0x0000000603000000, 0x0000000603000000|100%|HS|  |TAMS 0x0000000603000000, 0x0000000603000000| Complete 
|  12|0x0000000603000000, 0x0000000603400000, 0x0000000603400000|100%| O|  |TAMS 0x0000000603400000, 0x0000000603400000| Untracked 
|  13|0x0000000603400000, 0x0000000603800000, 0x0000000603800000|100%| O|  |TAMS 0x0000000603800000, 0x0000000603800000| Untracked 
|  14|0x0000000603800000, 0x0000000603c00000, 0x0000000603c00000|100%| O|  |TAMS 0x0000000603c00000, 0x0000000603c00000| Untracked 
|  15|0x0000000603c00000, 0x0000000604000000, 0x0000000604000000|100%| O|  |TAMS 0x0000000604000000, 0x0000000604000000| Untracked 
|  16|0x0000000604000000, 0x0000000604400000, 0x0000000604400000|100%| O|  |TAMS 0x0000000604400000, 0x0000000604400000| Untracked 
|  17|0x0000000604400000, 0x0000000604800000, 0x0000000604800000|100%|HS|  |TAMS 0x0000000604800000, 0x0000000604800000| Complete 
|  18|0x0000000604800000, 0x0000000604c00000, 0x0000000604c00000|100%|HS|  |TAMS 0x0000000604c00000, 0x0000000604c00000| Complete 
|  19|0x0000000604c00000, 0x0000000605000000, 0x0000000605000000|100%| O|  |TAMS 0x0000000605000000, 0x0000000605000000| Untracked 
|  20|0x0000000605000000, 0x0000000605400000, 0x0000000605400000|100%| O|  |TAMS 0x0000000605400000, 0x0000000605400000| Untracked 
|  21|0x0000000605400000, 0x0000000605800000, 0x0000000605800000|100%| O|  |TAMS 0x0000000605800000, 0x0000000605800000| Untracked 
|  22|0x0000000605800000, 0x0000000605c00000, 0x0000000605c00000|100%| O|  |TAMS 0x0000000605c00000, 0x0000000605c00000| Untracked 
|  23|0x0000000605c00000, 0x0000000606000000, 0x0000000606000000|100%| O|  |TAMS 0x0000000606000000, 0x0000000606000000| Untracked 
|  24|0x0000000606000000, 0x0000000606400000, 0x0000000606400000|100%| O|  |TAMS 0x0000000606400000, 0x0000000606400000| Untracked 
|  25|0x0000000606400000, 0x0000000606800000, 0x0000000606800000|100%|HS|  |TAMS 0x0000000606800000, 0x0000000606800000| Complete 
|  26|0x0000000606800000, 0x0000000606c00000, 0x0000000606c00000|100%| O|  |TAMS 0x0000000606c00000, 0x0000000606c00000| Untracked 
|  27|0x0000000606c00000, 0x0000000607000000, 0x0000000607000000|100%| O|  |TAMS 0x0000000607000000, 0x0000000607000000| Untracked 
|  28|0x0000000607000000, 0x0000000607400000, 0x0000000607400000|100%| O|  |TAMS 0x0000000607400000, 0x0000000607400000| Untracked 
|  29|0x0000000607400000, 0x0000000607800000, 0x0000000607800000|100%| O|  |TAMS 0x0000000607800000, 0x0000000607800000| Untracked 
|  30|0x0000000607800000, 0x0000000607c00000, 0x0000000607c00000|100%| O|  |TAMS 0x0000000607c00000, 0x0000000607c00000| Untracked 
|  31|0x0000000607c00000, 0x0000000608000000, 0x0000000608000000|100%| O|  |TAMS 0x0000000608000000, 0x0000000608000000| Untracked 
|  32|0x0000000608000000, 0x0000000608400000, 0x0000000608400000|100%| O|  |TAMS 0x0000000608400000, 0x0000000608400000| Untracked 
|  33|0x0000000608400000, 0x0000000608800000, 0x0000000608800000|100%| O|  |TAMS 0x0000000608800000, 0x0000000608800000| Untracked 
|  34|0x0000000608800000, 0x0000000608c00000, 0x0000000608c00000|100%| O|  |TAMS 0x0000000608c00000, 0x0000000608c00000| Untracked 
|  35|0x0000000608c00000, 0x0000000609000000, 0x0000000609000000|100%| O|  |TAMS 0x0000000609000000, 0x0000000609000000| Untracked 
|  36|0x0000000609000000, 0x0000000609400000, 0x0000000609400000|100%| O|  |TAMS 0x0000000609400000, 0x0000000609400000| Untracked 
|  37|0x0000000609400000, 0x0000000609800000, 0x0000000609800000|100%| O|  |TAMS 0x0000000609800000, 0x0000000609800000| Untracked 
|  38|0x0000000609800000, 0x0000000609c00000, 0x0000000609c00000|100%| O|  |TAMS 0x0000000609c00000, 0x0000000609c00000| Untracked 
|  39|0x0000000609c00000, 0x000000060a000000, 0x000000060a000000|100%| O|  |TAMS 0x000000060a000000, 0x000000060a000000| Untracked 
|  40|0x000000060a000000, 0x000000060a400000, 0x000000060a400000|100%| O|  |TAMS 0x000000060a400000, 0x000000060a400000| Untracked 
|  41|0x000000060a400000, 0x000000060a800000, 0x000000060a800000|100%| O|  |TAMS 0x000000060a400000, 0x000000060a800000| Untracked 
|  42|0x000000060a800000, 0x000000060ac00000, 0x000000060ac00000|100%| O|  |TAMS 0x000000060a800000, 0x000000060ac00000| Untracked 
|  43|0x000000060ac00000, 0x000000060b000000, 0x000000060b000000|100%| O|  |TAMS 0x000000060ac00000, 0x000000060b000000| Untracked 
|  44|0x000000060b000000, 0x000000060b400000, 0x000000060b400000|100%| O|  |TAMS 0x000000060b000000, 0x000000060b400000| Untracked 
|  45|0x000000060b400000, 0x000000060b800000, 0x000000060b800000|100%| O|  |TAMS 0x000000060b400000, 0x000000060b800000| Untracked 
|  46|0x000000060b800000, 0x000000060bc00000, 0x000000060bc00000|100%| O|  |TAMS 0x000000060b800000, 0x000000060bc00000| Untracked 
|  47|0x000000060bc00000, 0x000000060c000000, 0x000000060c000000|100%| O|  |TAMS 0x000000060bc00000, 0x000000060c000000| Untracked 
|  48|0x000000060c000000, 0x000000060c400000, 0x000000060c400000|100%| O|  |TAMS 0x000000060c000000, 0x000000060c400000| Untracked 
|  49|0x000000060c400000, 0x000000060c800000, 0x000000060c800000|100%| O|  |TAMS 0x000000060c400000, 0x000000060c800000| Untracked 
|  50|0x000000060c800000, 0x000000060cc00000, 0x000000060cc00000|100%| O|  |TAMS 0x000000060c800000, 0x000000060cc00000| Untracked 
|  51|0x000000060cc00000, 0x000000060d000000, 0x000000060d000000|100%| O|  |TAMS 0x000000060cc00000, 0x000000060d000000| Untracked 
|  52|0x000000060d000000, 0x000000060d400000, 0x000000060d400000|100%| O|  |TAMS 0x000000060d000000, 0x000000060d400000| Untracked 
|  53|0x000000060d400000, 0x000000060d800000, 0x000000060d800000|100%| O|  |TAMS 0x000000060d400000, 0x000000060d800000| Untracked 
|  54|0x000000060d800000, 0x000000060dc00000, 0x000000060dc00000|100%| O|  |TAMS 0x000000060d800000, 0x000000060dc00000| Untracked 
|  55|0x000000060dc00000, 0x000000060e000000, 0x000000060e000000|100%| O|  |TAMS 0x000000060dc00000, 0x000000060e000000| Untracked 
|  56|0x000000060e000000, 0x000000060e400000, 0x000000060e400000|100%| O|  |TAMS 0x000000060e400000, 0x000000060e400000| Untracked 
|  57|0x000000060e400000, 0x000000060e800000, 0x000000060e800000|100%| O|  |TAMS 0x000000060e800000, 0x000000060e800000| Untracked 
|  58|0x000000060e800000, 0x000000060ec00000, 0x000000060ec00000|100%| O|  |TAMS 0x000000060ec00000, 0x000000060ec00000| Untracked 
|  59|0x000000060ec00000, 0x000000060f000000, 0x000000060f000000|100%| O|  |TAMS 0x000000060f000000, 0x000000060f000000| Untracked 
|  60|0x000000060f000000, 0x000000060f400000, 0x000000060f400000|100%| O|  |TAMS 0x000000060f400000, 0x000000060f400000| Untracked 
|  61|0x000000060f400000, 0x000000060f800000, 0x000000060f800000|100%| O|  |TAMS 0x000000060f800000, 0x000000060f800000| Untracked 
|  62|0x000000060f800000, 0x000000060fc00000, 0x000000060fc00000|100%| O|  |TAMS 0x000000060fc00000, 0x000000060fc00000| Untracked 
|  63|0x000000060fc00000, 0x0000000610000000, 0x0000000610000000|100%| O|  |TAMS 0x0000000610000000, 0x0000000610000000| Untracked 
|  64|0x0000000610000000, 0x0000000610400000, 0x0000000610400000|100%| O|  |TAMS 0x0000000610400000, 0x0000000610400000| Untracked 
|  65|0x0000000610400000, 0x0000000610800000, 0x0000000610800000|100%| O|  |TAMS 0x0000000610800000, 0x0000000610800000| Untracked 
|  66|0x0000000610800000, 0x0000000610c00000, 0x0000000610c00000|100%| O|  |TAMS 0x0000000610c00000, 0x0000000610c00000| Untracked 
|  67|0x0000000610c00000, 0x0000000611000000, 0x0000000611000000|100%| O|  |TAMS 0x0000000610c00000, 0x0000000611000000| Untracked 
|  68|0x0000000611000000, 0x0000000611400000, 0x0000000611400000|100%| O|  |TAMS 0x0000000611000000, 0x0000000611400000| Untracked 
|  69|0x0000000611400000, 0x0000000611800000, 0x0000000611800000|100%| O|  |TAMS 0x0000000611400000, 0x000000061172c600| Untracked 
|  70|0x0000000611800000, 0x0000000611c00000, 0x0000000611c00000|100%| O|  |TAMS 0x0000000611800000, 0x0000000611800000| Untracked 
|  71|0x0000000611c00000, 0x0000000612000000, 0x0000000612000000|100%| O|  |TAMS 0x0000000611c00000, 0x0000000611c00000| Untracked 
|  72|0x0000000612000000, 0x0000000612400000, 0x0000000612400000|100%| O|  |TAMS 0x0000000612000000, 0x0000000612000000| Untracked 
|  73|0x0000000612400000, 0x0000000612800000, 0x0000000612800000|100%| O|  |TAMS 0x0000000612400000, 0x0000000612400000| Untracked 
|  74|0x0000000612800000, 0x0000000612c00000, 0x0000000612c00000|100%| O|  |TAMS 0x0000000612c00000, 0x0000000612c00000| Untracked 
|  75|0x0000000612c00000, 0x0000000613000000, 0x0000000613000000|100%| O|  |TAMS 0x0000000613000000, 0x0000000613000000| Untracked 
|  76|0x0000000613000000, 0x0000000613400000, 0x0000000613400000|100%| O|  |TAMS 0x0000000613400000, 0x0000000613400000| Untracked 
|  77|0x0000000613400000, 0x0000000613800000, 0x0000000613800000|100%| O|  |TAMS 0x0000000613800000, 0x0000000613800000| Untracked 
|  78|0x0000000613800000, 0x0000000613c00000, 0x0000000613c00000|100%| O|  |TAMS 0x0000000613c00000, 0x0000000613c00000| Untracked 
|  79|0x0000000613c00000, 0x0000000614000000, 0x0000000614000000|100%| O|  |TAMS 0x0000000614000000, 0x0000000614000000| Untracked 
|  80|0x0000000614000000, 0x0000000614400000, 0x0000000614400000|100%| O|  |TAMS 0x0000000614400000, 0x0000000614400000| Untracked 
|  81|0x0000000614400000, 0x0000000614800000, 0x0000000614800000|100%| O|  |TAMS 0x0000000614800000, 0x0000000614800000| Untracked 
|  82|0x0000000614800000, 0x0000000614c00000, 0x0000000614c00000|100%| O|  |TAMS 0x0000000614c00000, 0x0000000614c00000| Untracked 
|  83|0x0000000614c00000, 0x0000000615000000, 0x0000000615000000|100%| O|  |TAMS 0x0000000615000000, 0x0000000615000000| Untracked 
|  84|0x0000000615000000, 0x0000000615400000, 0x0000000615400000|100%| O|  |TAMS 0x0000000615400000, 0x0000000615400000| Untracked 
|  85|0x0000000615400000, 0x0000000615800000, 0x0000000615800000|100%| O|  |TAMS 0x0000000615800000, 0x0000000615800000| Untracked 
|  86|0x0000000615800000, 0x0000000615c00000, 0x0000000615c00000|100%| O|  |TAMS 0x0000000615c00000, 0x0000000615c00000| Untracked 
|  87|0x0000000615c00000, 0x0000000616000000, 0x0000000616000000|100%| O|  |TAMS 0x0000000616000000, 0x0000000616000000| Untracked 
|  88|0x0000000616000000, 0x0000000616400000, 0x0000000616400000|100%| O|  |TAMS 0x0000000616400000, 0x0000000616400000| Untracked 
|  89|0x0000000616400000, 0x0000000616800000, 0x0000000616800000|100%| O|  |TAMS 0x0000000616800000, 0x0000000616800000| Untracked 
|  90|0x0000000616800000, 0x0000000616c00000, 0x0000000616c00000|100%|HS|  |TAMS 0x0000000616800000, 0x0000000616800000| Complete 
|  91|0x0000000616c00000, 0x0000000617000000, 0x0000000617000000|100%|HC|  |TAMS 0x0000000616c00000, 0x0000000616c00000| Complete 
|  92|0x0000000617000000, 0x0000000617400000, 0x0000000617400000|100%| O|  |TAMS 0x0000000617400000, 0x0000000617400000| Untracked 
|  93|0x0000000617400000, 0x0000000617800000, 0x0000000617800000|100%| O|  |TAMS 0x0000000617800000, 0x0000000617800000| Untracked 
|  94|0x0000000617800000, 0x0000000617c00000, 0x0000000617c00000|100%| O|  |TAMS 0x0000000617c00000, 0x0000000617c00000| Untracked 
|  95|0x0000000617c00000, 0x0000000618000000, 0x0000000618000000|100%| O|  |TAMS 0x0000000618000000, 0x0000000618000000| Untracked 
|  96|0x0000000618000000, 0x0000000618400000, 0x0000000618400000|100%| O|  |TAMS 0x0000000618400000, 0x0000000618400000| Untracked 
|  97|0x0000000618400000, 0x0000000618800000, 0x0000000618800000|100%| O|  |TAMS 0x0000000618800000, 0x0000000618800000| Untracked 
|  98|0x0000000618800000, 0x0000000618c00000, 0x0000000618c00000|100%| O|  |TAMS 0x0000000618c00000, 0x0000000618c00000| Untracked 
|  99|0x0000000618c00000, 0x0000000619000000, 0x0000000619000000|100%| O|  |TAMS 0x0000000619000000, 0x0000000619000000| Untracked 
| 100|0x0000000619000000, 0x0000000619400000, 0x0000000619400000|100%| O|  |TAMS 0x0000000619400000, 0x0000000619400000| Untracked 
| 101|0x0000000619400000, 0x0000000619800000, 0x0000000619800000|100%| O|  |TAMS 0x0000000619800000, 0x0000000619800000| Untracked 
| 102|0x0000000619800000, 0x0000000619c00000, 0x0000000619c00000|100%| O|  |TAMS 0x0000000619c00000, 0x0000000619c00000| Untracked 
| 103|0x0000000619c00000, 0x000000061a000000, 0x000000061a000000|100%| O|  |TAMS 0x000000061a000000, 0x000000061a000000| Untracked 
| 104|0x000000061a000000, 0x000000061a400000, 0x000000061a400000|100%| O|  |TAMS 0x000000061a400000, 0x000000061a400000| Untracked 
| 105|0x000000061a400000, 0x000000061a800000, 0x000000061a800000|100%| O|  |TAMS 0x000000061a800000, 0x000000061a800000| Untracked 
| 106|0x000000061a800000, 0x000000061ac00000, 0x000000061ac00000|100%| O|  |TAMS 0x000000061a8ac800, 0x000000061ac00000| Untracked 
| 107|0x000000061ac00000, 0x000000061b000000, 0x000000061b000000|100%| O|  |TAMS 0x000000061ac00000, 0x000000061ac00000| Untracked 
| 108|0x000000061b000000, 0x000000061b400000, 0x000000061b400000|100%| O|  |TAMS 0x000000061b000000, 0x000000061b000000| Untracked 
| 109|0x000000061b400000, 0x000000061b800000, 0x000000061b800000|100%| O|  |TAMS 0x000000061b400000, 0x000000061b400000| Untracked 
| 110|0x000000061b800000, 0x000000061bc00000, 0x000000061bc00000|100%| O|  |TAMS 0x000000061b800000, 0x000000061b800000| Untracked 
| 111|0x000000061bc00000, 0x000000061c000000, 0x000000061c000000|100%| O|  |TAMS 0x000000061bc00000, 0x000000061bc00000| Untracked 
| 112|0x000000061c000000, 0x000000061c400000, 0x000000061c400000|100%| O|  |TAMS 0x000000061c000000, 0x000000061c000000| Untracked 
| 113|0x000000061c400000, 0x000000061c800000, 0x000000061c800000|100%| O|  |TAMS 0x000000061c400000, 0x000000061c400000| Untracked 
| 114|0x000000061c800000, 0x000000061cc00000, 0x000000061cc00000|100%| O|  |TAMS 0x000000061c800000, 0x000000061c800000| Untracked 
| 115|0x000000061cc00000, 0x000000061d000000, 0x000000061d000000|100%| O|  |TAMS 0x000000061cc00000, 0x000000061cc00000| Untracked 
| 116|0x000000061d000000, 0x000000061d400000, 0x000000061d400000|100%| O|  |TAMS 0x000000061d000000, 0x000000061d000000| Untracked 
| 117|0x000000061d400000, 0x000000061d800000, 0x000000061d800000|100%| O|  |TAMS 0x000000061d400000, 0x000000061d400000| Untracked 
| 118|0x000000061d800000, 0x000000061dc00000, 0x000000061dc00000|100%| O|  |TAMS 0x000000061d800000, 0x000000061d800000| Untracked 
| 119|0x000000061dc00000, 0x000000061e000000, 0x000000061e000000|100%| O|  |TAMS 0x000000061dc00000, 0x000000061dc00000| Untracked 
| 120|0x000000061e000000, 0x000000061e400000, 0x000000061e400000|100%| O|  |TAMS 0x000000061e000000, 0x000000061e000000| Untracked 
| 121|0x000000061e400000, 0x000000061e800000, 0x000000061e800000|100%| O|  |TAMS 0x000000061e400000, 0x000000061e400000| Untracked 
| 122|0x000000061e800000, 0x000000061ec00000, 0x000000061ec00000|100%| O|  |TAMS 0x000000061e800000, 0x000000061e800000| Untracked 
| 123|0x000000061ec00000, 0x000000061f000000, 0x000000061f000000|100%| O|  |TAMS 0x000000061ec00000, 0x000000061ec00000| Untracked 
| 124|0x000000061f000000, 0x000000061f400000, 0x000000061f400000|100%| O|  |TAMS 0x000000061f000000, 0x000000061f000000| Untracked 
| 125|0x000000061f400000, 0x000000061f800000, 0x000000061f800000|100%| O|  |TAMS 0x000000061f400000, 0x000000061f400000| Untracked 
| 126|0x000000061f800000, 0x000000061fc00000, 0x000000061fc00000|100%| O|  |TAMS 0x000000061f800000, 0x000000061f800000| Untracked 
| 127|0x000000061fc00000, 0x0000000620000000, 0x0000000620000000|100%| O|  |TAMS 0x000000061fc00000, 0x000000061fc00000| Untracked 
| 128|0x0000000620000000, 0x0000000620400000, 0x0000000620400000|100%| O|  |TAMS 0x0000000620000000, 0x0000000620000000| Untracked 
| 129|0x0000000620400000, 0x0000000620800000, 0x0000000620800000|100%| O|  |TAMS 0x0000000620400000, 0x0000000620400000| Untracked 
| 130|0x0000000620800000, 0x0000000620c00000, 0x0000000620c00000|100%| O|  |TAMS 0x0000000620800000, 0x0000000620800000| Untracked 
| 131|0x0000000620c00000, 0x0000000621000000, 0x0000000621000000|100%| O|  |TAMS 0x0000000620c00000, 0x0000000620c00000| Untracked 
| 132|0x0000000621000000, 0x0000000621400000, 0x0000000621400000|100%| O|  |TAMS 0x0000000621000000, 0x0000000621000000| Untracked 
| 133|0x0000000621400000, 0x0000000621800000, 0x0000000621800000|100%| O|  |TAMS 0x0000000621400000, 0x0000000621400000| Untracked 
| 134|0x0000000621800000, 0x0000000621c00000, 0x0000000621c00000|100%| O|  |TAMS 0x0000000621800000, 0x0000000621800000| Untracked 
| 135|0x0000000621c00000, 0x0000000622000000, 0x0000000622000000|100%| O|  |TAMS 0x0000000621c00000, 0x0000000621c00000| Untracked 
| 136|0x0000000622000000, 0x0000000622400000, 0x0000000622400000|100%| O|  |TAMS 0x0000000622000000, 0x0000000622000000| Untracked 
| 137|0x0000000622400000, 0x0000000622800000, 0x0000000622800000|100%| O|  |TAMS 0x0000000622400000, 0x0000000622400000| Untracked 
| 138|0x0000000622800000, 0x0000000622c00000, 0x0000000622c00000|100%| O|  |TAMS 0x0000000622800000, 0x0000000622800000| Untracked 
| 139|0x0000000622c00000, 0x0000000623000000, 0x0000000623000000|100%| O|  |TAMS 0x0000000622c00000, 0x0000000622c00000| Untracked 
| 140|0x0000000623000000, 0x0000000623400000, 0x0000000623400000|100%| O|  |TAMS 0x0000000623000000, 0x0000000623000000| Untracked 
| 141|0x0000000623400000, 0x0000000623800000, 0x0000000623800000|100%| O|  |TAMS 0x0000000623400000, 0x0000000623400000| Untracked 
| 142|0x0000000623800000, 0x0000000623c00000, 0x0000000623c00000|100%| O|  |TAMS 0x0000000623800000, 0x0000000623800000| Untracked 
| 143|0x0000000623c00000, 0x0000000624000000, 0x0000000624000000|100%| O|  |TAMS 0x0000000623c00000, 0x0000000623c00000| Untracked 
| 144|0x0000000624000000, 0x0000000624400000, 0x0000000624400000|100%| O|  |TAMS 0x0000000624000000, 0x0000000624000000| Untracked 
| 145|0x0000000624400000, 0x0000000624800000, 0x0000000624800000|100%| O|  |TAMS 0x0000000624400000, 0x0000000624400000| Untracked 
| 146|0x0000000624800000, 0x0000000624c00000, 0x0000000624c00000|100%| O|  |TAMS 0x0000000624800000, 0x0000000624800000| Untracked 
| 147|0x0000000624c00000, 0x0000000625000000, 0x0000000625000000|100%| O|  |TAMS 0x0000000624c00000, 0x0000000624c00000| Untracked 
| 148|0x0000000625000000, 0x0000000625400000, 0x0000000625400000|100%| O|  |TAMS 0x0000000625000000, 0x0000000625000000| Untracked 
| 149|0x0000000625400000, 0x0000000625800000, 0x0000000625800000|100%| O|  |TAMS 0x0000000625400000, 0x0000000625400000| Untracked 
| 150|0x0000000625800000, 0x0000000625c00000, 0x0000000625c00000|100%| O|  |TAMS 0x0000000625800000, 0x0000000625800000| Untracked 
| 151|0x0000000625c00000, 0x0000000626000000, 0x0000000626000000|100%| O|  |TAMS 0x0000000625c00000, 0x0000000625c00000| Untracked 
| 152|0x0000000626000000, 0x0000000626400000, 0x0000000626400000|100%| O|  |TAMS 0x0000000626000000, 0x0000000626000000| Untracked 
| 153|0x0000000626400000, 0x0000000626800000, 0x0000000626800000|100%| O|  |TAMS 0x0000000626400000, 0x0000000626400000| Untracked 
| 154|0x0000000626800000, 0x0000000626c00000, 0x0000000626c00000|100%| O|  |TAMS 0x0000000626800000, 0x0000000626800000| Untracked 
| 155|0x0000000626c00000, 0x0000000627000000, 0x0000000627000000|100%| O|  |TAMS 0x0000000626c00000, 0x0000000626c00000| Untracked 
| 156|0x0000000627000000, 0x0000000627400000, 0x0000000627400000|100%| O|  |TAMS 0x0000000627000000, 0x0000000627000000| Untracked 
| 157|0x0000000627400000, 0x0000000627800000, 0x0000000627800000|100%| O|  |TAMS 0x0000000627400000, 0x0000000627400000| Untracked 
| 158|0x0000000627800000, 0x0000000627c00000, 0x0000000627c00000|100%| O|  |TAMS 0x0000000627800000, 0x0000000627800000| Untracked 
| 159|0x0000000627c00000, 0x0000000628000000, 0x0000000628000000|100%| O|  |TAMS 0x0000000627c00000, 0x0000000627c00000| Untracked 
| 160|0x0000000628000000, 0x0000000628400000, 0x0000000628400000|100%| O|  |TAMS 0x0000000628000000, 0x0000000628000000| Untracked 
| 161|0x0000000628400000, 0x0000000628800000, 0x0000000628800000|100%| O|  |TAMS 0x0000000628400000, 0x0000000628400000| Untracked 
| 162|0x0000000628800000, 0x0000000628c00000, 0x0000000628c00000|100%| O|  |TAMS 0x0000000628800000, 0x0000000628800000| Untracked 
| 163|0x0000000628c00000, 0x0000000629000000, 0x0000000629000000|100%| O|  |TAMS 0x0000000628c00000, 0x0000000628c00000| Untracked 
| 164|0x0000000629000000, 0x0000000629400000, 0x0000000629400000|100%| O|  |TAMS 0x0000000629000000, 0x0000000629000000| Untracked 
| 165|0x0000000629400000, 0x0000000629800000, 0x0000000629800000|100%| O|  |TAMS 0x0000000629400000, 0x0000000629400000| Untracked 
| 166|0x0000000629800000, 0x0000000629c00000, 0x0000000629c00000|100%| O|  |TAMS 0x0000000629800000, 0x0000000629800000| Untracked 
| 167|0x0000000629c00000, 0x000000062a000000, 0x000000062a000000|100%| O|  |TAMS 0x0000000629c00000, 0x0000000629c00000| Untracked 
| 168|0x000000062a000000, 0x000000062a400000, 0x000000062a400000|100%| O|  |TAMS 0x000000062a000000, 0x000000062a000000| Untracked 
| 169|0x000000062a400000, 0x000000062a800000, 0x000000062a800000|100%| O|  |TAMS 0x000000062a400000, 0x000000062a400000| Untracked 
| 170|0x000000062a800000, 0x000000062ac00000, 0x000000062ac00000|100%| O|  |TAMS 0x000000062a800000, 0x000000062a800000| Untracked 
| 171|0x000000062ac00000, 0x000000062b000000, 0x000000062b000000|100%| O|  |TAMS 0x000000062ac00000, 0x000000062ac00000| Untracked 
| 172|0x000000062b000000, 0x000000062b400000, 0x000000062b400000|100%| O|  |TAMS 0x000000062b000000, 0x000000062b000000| Untracked 
| 173|0x000000062b400000, 0x000000062b800000, 0x000000062b800000|100%| O|  |TAMS 0x000000062b400000, 0x000000062b400000| Untracked 
| 174|0x000000062b800000, 0x000000062bc00000, 0x000000062bc00000|100%| O|  |TAMS 0x000000062b800000, 0x000000062b800000| Untracked 
| 175|0x000000062bc00000, 0x000000062c000000, 0x000000062c000000|100%| O|  |TAMS 0x000000062bc00000, 0x000000062bc00000| Untracked 
| 176|0x000000062c000000, 0x000000062c400000, 0x000000062c400000|100%| O|  |TAMS 0x000000062c000000, 0x000000062c000000| Untracked 
| 177|0x000000062c400000, 0x000000062c800000, 0x000000062c800000|100%| O|  |TAMS 0x000000062c400000, 0x000000062c400000| Untracked 
| 178|0x000000062c800000, 0x000000062cc00000, 0x000000062cc00000|100%| O|  |TAMS 0x000000062c800000, 0x000000062c800000| Untracked 
| 179|0x000000062cc00000, 0x000000062d000000, 0x000000062d000000|100%| O|  |TAMS 0x000000062cc00000, 0x000000062cc00000| Untracked 
| 180|0x000000062d000000, 0x000000062d400000, 0x000000062d400000|100%| O|  |TAMS 0x000000062d000000, 0x000000062d000000| Untracked 
| 181|0x000000062d400000, 0x000000062d800000, 0x000000062d800000|100%| O|  |TAMS 0x000000062d400000, 0x000000062d400000| Untracked 
| 182|0x000000062d800000, 0x000000062dc00000, 0x000000062dc00000|100%| O|  |TAMS 0x000000062d800000, 0x000000062d800000| Untracked 
| 183|0x000000062dc00000, 0x000000062e000000, 0x000000062e000000|100%| O|  |TAMS 0x000000062dc00000, 0x000000062dc00000| Untracked 
| 184|0x000000062e000000, 0x000000062e400000, 0x000000062e400000|100%| O|  |TAMS 0x000000062e000000, 0x000000062e000000| Untracked 
| 185|0x000000062e400000, 0x000000062e800000, 0x000000062e800000|100%| O|  |TAMS 0x000000062e400000, 0x000000062e400000| Untracked 
| 186|0x000000062e800000, 0x000000062ec00000, 0x000000062ec00000|100%| O|  |TAMS 0x000000062e800000, 0x000000062e800000| Untracked 
| 187|0x000000062ec00000, 0x000000062f000000, 0x000000062f000000|100%| O|  |TAMS 0x000000062ec00000, 0x000000062ec00000| Untracked 
| 188|0x000000062f000000, 0x000000062f400000, 0x000000062f400000|100%| O|  |TAMS 0x000000062f000000, 0x000000062f000000| Untracked 
| 189|0x000000062f400000, 0x000000062f800000, 0x000000062f800000|100%| O|  |TAMS 0x000000062f400000, 0x000000062f400000| Untracked 
| 190|0x000000062f800000, 0x000000062fc00000, 0x000000062fc00000|100%| O|  |TAMS 0x000000062f800000, 0x000000062f800000| Untracked 
| 191|0x000000062fc00000, 0x0000000630000000, 0x0000000630000000|100%| O|  |TAMS 0x000000062fc00000, 0x000000062fc00000| Untracked 
| 192|0x0000000630000000, 0x0000000630400000, 0x0000000630400000|100%| O|  |TAMS 0x0000000630000000, 0x0000000630000000| Untracked 
| 193|0x0000000630400000, 0x0000000630800000, 0x0000000630800000|100%| O|  |TAMS 0x0000000630400000, 0x0000000630400000| Untracked 
| 194|0x0000000630800000, 0x0000000630c00000, 0x0000000630c00000|100%| O|  |TAMS 0x0000000630800000, 0x0000000630800000| Untracked 
| 195|0x0000000630c00000, 0x0000000631000000, 0x0000000631000000|100%| O|  |TAMS 0x0000000630c00000, 0x0000000630c00000| Untracked 
| 196|0x0000000631000000, 0x0000000631400000, 0x0000000631400000|100%| O|  |TAMS 0x0000000631000000, 0x0000000631000000| Untracked 
| 197|0x0000000631400000, 0x0000000631800000, 0x0000000631800000|100%| O|  |TAMS 0x0000000631400000, 0x0000000631400000| Untracked 
| 198|0x0000000631800000, 0x0000000631c00000, 0x0000000631c00000|100%| O|  |TAMS 0x0000000631800000, 0x0000000631800000| Untracked 
| 199|0x0000000631c00000, 0x0000000632000000, 0x0000000632000000|100%| O|  |TAMS 0x0000000631c00000, 0x0000000631c00000| Untracked 
| 200|0x0000000632000000, 0x0000000632400000, 0x0000000632400000|100%| O|  |TAMS 0x0000000632000000, 0x0000000632000000| Untracked 
| 201|0x0000000632400000, 0x0000000632800000, 0x0000000632800000|100%| O|  |TAMS 0x0000000632400000, 0x0000000632400000| Untracked 
| 202|0x0000000632800000, 0x0000000632c00000, 0x0000000632c00000|100%| O|  |TAMS 0x0000000632800000, 0x0000000632800000| Untracked 
| 203|0x0000000632c00000, 0x0000000633000000, 0x0000000633000000|100%| O|  |TAMS 0x0000000632c00000, 0x0000000632c00000| Untracked 
| 204|0x0000000633000000, 0x0000000633400000, 0x0000000633400000|100%| O|  |TAMS 0x0000000633000000, 0x0000000633000000| Untracked 
| 205|0x0000000633400000, 0x0000000633800000, 0x0000000633800000|100%| O|  |TAMS 0x0000000633400000, 0x0000000633400000| Untracked 
| 206|0x0000000633800000, 0x0000000633c00000, 0x0000000633c00000|100%| O|  |TAMS 0x0000000633800000, 0x0000000633800000| Untracked 
| 207|0x0000000633c00000, 0x0000000634000000, 0x0000000634000000|100%| O|  |TAMS 0x0000000633c00000, 0x0000000633c00000| Untracked 
| 208|0x0000000634000000, 0x0000000634400000, 0x0000000634400000|100%| O|  |TAMS 0x0000000634000000, 0x0000000634000000| Untracked 
| 209|0x0000000634400000, 0x0000000634800000, 0x0000000634800000|100%| O|  |TAMS 0x0000000634400000, 0x0000000634400000| Untracked 
| 210|0x0000000634800000, 0x0000000634c00000, 0x0000000634c00000|100%| O|  |TAMS 0x0000000634800000, 0x0000000634800000| Untracked 
| 211|0x0000000634c00000, 0x0000000635000000, 0x0000000635000000|100%| O|  |TAMS 0x0000000634c00000, 0x0000000634c00000| Untracked 
| 212|0x0000000635000000, 0x0000000635400000, 0x0000000635400000|100%| O|  |TAMS 0x0000000635000000, 0x0000000635000000| Untracked 
| 213|0x0000000635400000, 0x0000000635800000, 0x0000000635800000|100%| O|  |TAMS 0x0000000635400000, 0x0000000635400000| Untracked 
| 214|0x0000000635800000, 0x0000000635c00000, 0x0000000635c00000|100%| O|  |TAMS 0x0000000635800000, 0x0000000635800000| Untracked 
| 215|0x0000000635c00000, 0x0000000636000000, 0x0000000636000000|100%| O|  |TAMS 0x0000000635c00000, 0x0000000635c00000| Untracked 
| 216|0x0000000636000000, 0x00000006363a5e00, 0x0000000636400000| 91%| O|  |TAMS 0x0000000636000000, 0x0000000636000000| Untracked 
| 217|0x0000000636400000, 0x0000000636400000, 0x0000000636800000|  0%| F|  |TAMS 0x0000000636400000, 0x0000000636400000| Untracked 
| 218|0x0000000636800000, 0x0000000636800000, 0x0000000636c00000|  0%| F|  |TAMS 0x0000000636800000, 0x0000000636800000| Untracked 
| 219|0x0000000636c00000, 0x0000000636c00000, 0x0000000637000000|  0%| F|  |TAMS 0x0000000636c00000, 0x0000000636c00000| Untracked 
| 220|0x0000000637000000, 0x0000000637000000, 0x0000000637400000|  0%| F|  |TAMS 0x0000000637000000, 0x0000000637000000| Untracked 
| 221|0x0000000637400000, 0x0000000637400000, 0x0000000637800000|  0%| F|  |TAMS 0x0000000637400000, 0x0000000637400000| Untracked 
| 222|0x0000000637800000, 0x0000000637800000, 0x0000000637c00000|  0%| F|  |TAMS 0x0000000637800000, 0x0000000637800000| Untracked 
| 223|0x0000000637c00000, 0x0000000637c00000, 0x0000000638000000|  0%| F|  |TAMS 0x0000000637c00000, 0x0000000637c00000| Untracked 
| 224|0x0000000638000000, 0x0000000638000000, 0x0000000638400000|  0%| F|  |TAMS 0x0000000638000000, 0x0000000638000000| Untracked 
| 225|0x0000000638400000, 0x0000000638400000, 0x0000000638800000|  0%| F|  |TAMS 0x0000000638400000, 0x0000000638400000| Untracked 
| 226|0x0000000638800000, 0x0000000638800000, 0x0000000638c00000|  0%| F|  |TAMS 0x0000000638800000, 0x0000000638800000| Untracked 
| 227|0x0000000638c00000, 0x0000000638c00000, 0x0000000639000000|  0%| F|  |TAMS 0x0000000638c00000, 0x0000000638c00000| Untracked 
| 228|0x0000000639000000, 0x0000000639000000, 0x0000000639400000|  0%| F|  |TAMS 0x0000000639000000, 0x0000000639000000| Untracked 
| 229|0x0000000639400000, 0x0000000639400000, 0x0000000639800000|  0%| F|  |TAMS 0x0000000639400000, 0x0000000639400000| Untracked 
| 230|0x0000000639800000, 0x0000000639800000, 0x0000000639c00000|  0%| F|  |TAMS 0x0000000639800000, 0x0000000639800000| Untracked 
| 231|0x0000000639c00000, 0x0000000639c00000, 0x000000063a000000|  0%| F|  |TAMS 0x0000000639c00000, 0x0000000639c00000| Untracked 
| 232|0x000000063a000000, 0x000000063a000000, 0x000000063a400000|  0%| F|  |TAMS 0x000000063a000000, 0x000000063a000000| Untracked 
| 233|0x000000063a400000, 0x000000063a400000, 0x000000063a800000|  0%| F|  |TAMS 0x000000063a400000, 0x000000063a400000| Untracked 
| 234|0x000000063a800000, 0x000000063a800000, 0x000000063ac00000|  0%| F|  |TAMS 0x000000063a800000, 0x000000063a800000| Untracked 
| 235|0x000000063ac00000, 0x000000063ac00000, 0x000000063b000000|  0%| F|  |TAMS 0x000000063ac00000, 0x000000063ac00000| Untracked 
| 236|0x000000063b000000, 0x000000063b000000, 0x000000063b400000|  0%| F|  |TAMS 0x000000063b000000, 0x000000063b000000| Untracked 
| 237|0x000000063b400000, 0x000000063b400000, 0x000000063b800000|  0%| F|  |TAMS 0x000000063b400000, 0x000000063b400000| Untracked 
| 238|0x000000063b800000, 0x000000063b800000, 0x000000063bc00000|  0%| F|  |TAMS 0x000000063b800000, 0x000000063b800000| Untracked 
| 239|0x000000063bc00000, 0x000000063bc00000, 0x000000063c000000|  0%| F|  |TAMS 0x000000063bc00000, 0x000000063bc00000| Untracked 
| 240|0x000000063c000000, 0x000000063c000000, 0x000000063c400000|  0%| F|  |TAMS 0x000000063c000000, 0x000000063c000000| Untracked 
| 241|0x000000063c400000, 0x000000063c400000, 0x000000063c800000|  0%| F|  |TAMS 0x000000063c400000, 0x000000063c400000| Untracked 
| 242|0x000000063c800000, 0x000000063c800000, 0x000000063cc00000|  0%| F|  |TAMS 0x000000063c800000, 0x000000063c800000| Untracked 
| 243|0x000000063cc00000, 0x000000063cc00000, 0x000000063d000000|  0%| F|  |TAMS 0x000000063cc00000, 0x000000063cc00000| Untracked 
| 244|0x000000063d000000, 0x000000063d000000, 0x000000063d400000|  0%| F|  |TAMS 0x000000063d000000, 0x000000063d000000| Untracked 
| 245|0x000000063d400000, 0x000000063d400000, 0x000000063d800000|  0%| F|  |TAMS 0x000000063d400000, 0x000000063d400000| Untracked 
| 246|0x000000063d800000, 0x000000063d800000, 0x000000063dc00000|  0%| F|  |TAMS 0x000000063d800000, 0x000000063d800000| Untracked 
| 247|0x000000063dc00000, 0x000000063dc00000, 0x000000063e000000|  0%| F|  |TAMS 0x000000063dc00000, 0x000000063dc00000| Untracked 
| 248|0x000000063e000000, 0x000000063e000000, 0x000000063e400000|  0%| F|  |TAMS 0x000000063e000000, 0x000000063e000000| Untracked 
| 249|0x000000063e400000, 0x000000063e400000, 0x000000063e800000|  0%| F|  |TAMS 0x000000063e400000, 0x000000063e400000| Untracked 
| 250|0x000000063e800000, 0x000000063e800000, 0x000000063ec00000|  0%| F|  |TAMS 0x000000063e800000, 0x000000063e800000| Untracked 
| 251|0x000000063ec00000, 0x000000063ec00000, 0x000000063f000000|  0%| F|  |TAMS 0x000000063ec00000, 0x000000063ec00000| Untracked 
| 252|0x000000063f000000, 0x000000063f000000, 0x000000063f400000|  0%| F|  |TAMS 0x000000063f000000, 0x000000063f000000| Untracked 
| 253|0x000000063f400000, 0x000000063f400000, 0x000000063f800000|  0%| F|  |TAMS 0x000000063f400000, 0x000000063f400000| Untracked 
| 254|0x000000063f800000, 0x000000063f800000, 0x000000063fc00000|  0%| F|  |TAMS 0x000000063f800000, 0x000000063f800000| Untracked 
| 255|0x000000063fc00000, 0x000000063fc00000, 0x0000000640000000|  0%| F|  |TAMS 0x000000063fc00000, 0x000000063fc00000| Untracked 
| 256|0x0000000640000000, 0x0000000640000000, 0x0000000640400000|  0%| F|  |TAMS 0x0000000640000000, 0x0000000640000000| Untracked 
| 257|0x0000000640400000, 0x0000000640400000, 0x0000000640800000|  0%| F|  |TAMS 0x0000000640400000, 0x0000000640400000| Untracked 
| 258|0x0000000640800000, 0x0000000640800000, 0x0000000640c00000|  0%| F|  |TAMS 0x0000000640800000, 0x0000000640800000| Untracked 
| 259|0x0000000640c00000, 0x0000000640c00000, 0x0000000641000000|  0%| F|  |TAMS 0x0000000640c00000, 0x0000000640c00000| Untracked 
| 260|0x0000000641000000, 0x0000000641000000, 0x0000000641400000|  0%| F|  |TAMS 0x0000000641000000, 0x0000000641000000| Untracked 
| 261|0x0000000641400000, 0x0000000641400000, 0x0000000641800000|  0%| F|  |TAMS 0x0000000641400000, 0x0000000641400000| Untracked 
| 262|0x0000000641800000, 0x0000000641800000, 0x0000000641c00000|  0%| F|  |TAMS 0x0000000641800000, 0x0000000641800000| Untracked 
| 263|0x0000000641c00000, 0x0000000641c00000, 0x0000000642000000|  0%| F|  |TAMS 0x0000000641c00000, 0x0000000641c00000| Untracked 
| 264|0x0000000642000000, 0x0000000642000000, 0x0000000642400000|  0%| F|  |TAMS 0x0000000642000000, 0x0000000642000000| Untracked 
| 265|0x0000000642400000, 0x0000000642400000, 0x0000000642800000|  0%| F|  |TAMS 0x0000000642400000, 0x0000000642400000| Untracked 
| 266|0x0000000642800000, 0x0000000642800000, 0x0000000642c00000|  0%| F|  |TAMS 0x0000000642800000, 0x0000000642800000| Untracked 
| 267|0x0000000642c00000, 0x0000000642c00000, 0x0000000643000000|  0%| F|  |TAMS 0x0000000642c00000, 0x0000000642c00000| Untracked 
| 268|0x0000000643000000, 0x0000000643000000, 0x0000000643400000|  0%| F|  |TAMS 0x0000000643000000, 0x0000000643000000| Untracked 
| 269|0x0000000643400000, 0x0000000643400000, 0x0000000643800000|  0%| F|  |TAMS 0x0000000643400000, 0x0000000643400000| Untracked 
| 270|0x0000000643800000, 0x0000000643800000, 0x0000000643c00000|  0%| F|  |TAMS 0x0000000643800000, 0x0000000643800000| Untracked 
| 271|0x0000000643c00000, 0x0000000643c00000, 0x0000000644000000|  0%| F|  |TAMS 0x0000000643c00000, 0x0000000643c00000| Untracked 
| 272|0x0000000644000000, 0x0000000644000000, 0x0000000644400000|  0%| F|  |TAMS 0x0000000644000000, 0x0000000644000000| Untracked 
| 273|0x0000000644400000, 0x0000000644400000, 0x0000000644800000|  0%| F|  |TAMS 0x0000000644400000, 0x0000000644400000| Untracked 
| 274|0x0000000644800000, 0x0000000644800000, 0x0000000644c00000|  0%| F|  |TAMS 0x0000000644800000, 0x0000000644800000| Untracked 
| 275|0x0000000644c00000, 0x0000000644c00000, 0x0000000645000000|  0%| F|  |TAMS 0x0000000644c00000, 0x0000000644c00000| Untracked 
| 276|0x0000000645000000, 0x0000000645000000, 0x0000000645400000|  0%| F|  |TAMS 0x0000000645000000, 0x0000000645000000| Untracked 
| 277|0x0000000645400000, 0x0000000645400000, 0x0000000645800000|  0%| F|  |TAMS 0x0000000645400000, 0x0000000645400000| Untracked 
| 278|0x0000000645800000, 0x0000000645800000, 0x0000000645c00000|  0%| F|  |TAMS 0x0000000645800000, 0x0000000645800000| Untracked 
| 279|0x0000000645c00000, 0x0000000645c00000, 0x0000000646000000|  0%| F|  |TAMS 0x0000000645c00000, 0x0000000645c00000| Untracked 
| 280|0x0000000646000000, 0x0000000646000000, 0x0000000646400000|  0%| F|  |TAMS 0x0000000646000000, 0x0000000646000000| Untracked 
| 281|0x0000000646400000, 0x0000000646400000, 0x0000000646800000|  0%| F|  |TAMS 0x0000000646400000, 0x0000000646400000| Untracked 
| 282|0x0000000646800000, 0x0000000646800000, 0x0000000646c00000|  0%| F|  |TAMS 0x0000000646800000, 0x0000000646800000| Untracked 
| 283|0x0000000646c00000, 0x0000000646c00000, 0x0000000647000000|  0%| F|  |TAMS 0x0000000646c00000, 0x0000000646c00000| Untracked 
| 284|0x0000000647000000, 0x0000000647000000, 0x0000000647400000|  0%| F|  |TAMS 0x0000000647000000, 0x0000000647000000| Untracked 
| 285|0x0000000647400000, 0x0000000647400000, 0x0000000647800000|  0%| F|  |TAMS 0x0000000647400000, 0x0000000647400000| Untracked 
| 286|0x0000000647800000, 0x0000000647800000, 0x0000000647c00000|  0%| F|  |TAMS 0x0000000647800000, 0x0000000647800000| Untracked 
| 287|0x0000000647c00000, 0x0000000647c00000, 0x0000000648000000|  0%| F|  |TAMS 0x0000000647c00000, 0x0000000647c00000| Untracked 
| 288|0x0000000648000000, 0x0000000648000000, 0x0000000648400000|  0%| F|  |TAMS 0x0000000648000000, 0x0000000648000000| Untracked 
| 289|0x0000000648400000, 0x0000000648400000, 0x0000000648800000|  0%| F|  |TAMS 0x0000000648400000, 0x0000000648400000| Untracked 
| 290|0x0000000648800000, 0x0000000648800000, 0x0000000648c00000|  0%| F|  |TAMS 0x0000000648800000, 0x0000000648800000| Untracked 
| 291|0x0000000648c00000, 0x0000000648e7c660, 0x0000000649000000| 62%| S|CS|TAMS 0x0000000648c00000, 0x0000000648c00000| Complete 
| 292|0x0000000649000000, 0x0000000649400000, 0x0000000649400000|100%| S|CS|TAMS 0x0000000649000000, 0x0000000649000000| Complete 
| 293|0x0000000649400000, 0x0000000649400000, 0x0000000649800000|  0%| F|  |TAMS 0x0000000649400000, 0x0000000649400000| Untracked 
| 294|0x0000000649800000, 0x0000000649800000, 0x0000000649c00000|  0%| F|  |TAMS 0x0000000649800000, 0x0000000649800000| Untracked 
| 295|0x0000000649c00000, 0x0000000649c00000, 0x000000064a000000|  0%| F|  |TAMS 0x0000000649c00000, 0x0000000649c00000| Untracked 
| 296|0x000000064a000000, 0x000000064a000000, 0x000000064a400000|  0%| F|  |TAMS 0x000000064a000000, 0x000000064a000000| Untracked 
| 297|0x000000064a400000, 0x000000064a400000, 0x000000064a800000|  0%| F|  |TAMS 0x000000064a400000, 0x000000064a400000| Untracked 
| 298|0x000000064a800000, 0x000000064a800000, 0x000000064ac00000|  0%| F|  |TAMS 0x000000064a800000, 0x000000064a800000| Untracked 
| 299|0x000000064ac00000, 0x000000064ac00000, 0x000000064b000000|  0%| F|  |TAMS 0x000000064ac00000, 0x000000064ac00000| Untracked 
| 300|0x000000064b000000, 0x000000064b000000, 0x000000064b400000|  0%| F|  |TAMS 0x000000064b000000, 0x000000064b000000| Untracked 
| 301|0x000000064b400000, 0x000000064b400000, 0x000000064b800000|  0%| F|  |TAMS 0x000000064b400000, 0x000000064b400000| Untracked 
| 302|0x000000064b800000, 0x000000064bc00000, 0x000000064bc00000|100%| S|CS|TAMS 0x000000064b800000, 0x000000064b800000| Complete 
| 303|0x000000064bc00000, 0x000000064c000000, 0x000000064c000000|100%| S|CS|TAMS 0x000000064bc00000, 0x000000064bc00000| Complete 
| 304|0x000000064c000000, 0x000000064c400000, 0x000000064c400000|100%| S|CS|TAMS 0x000000064c000000, 0x000000064c000000| Complete 
| 305|0x000000064c400000, 0x000000064c800000, 0x000000064c800000|100%| S|CS|TAMS 0x000000064c400000, 0x000000064c400000| Complete 
| 306|0x000000064c800000, 0x000000064cc00000, 0x000000064cc00000|100%| S|CS|TAMS 0x000000064c800000, 0x000000064c800000| Complete 
| 307|0x000000064cc00000, 0x000000064d000000, 0x000000064d000000|100%| S|CS|TAMS 0x000000064cc00000, 0x000000064cc00000| Complete 
| 308|0x000000064d000000, 0x000000064d400000, 0x000000064d400000|100%| S|CS|TAMS 0x000000064d000000, 0x000000064d000000| Complete 
| 309|0x000000064d400000, 0x000000064d400000, 0x000000064d800000|  0%| F|  |TAMS 0x000000064d400000, 0x000000064d400000| Untracked 
| 310|0x000000064d800000, 0x000000064d800000, 0x000000064dc00000|  0%| F|  |TAMS 0x000000064d800000, 0x000000064d800000| Untracked 
| 311|0x000000064dc00000, 0x000000064dc00000, 0x000000064e000000|  0%| F|  |TAMS 0x000000064dc00000, 0x000000064dc00000| Untracked 
| 312|0x000000064e000000, 0x000000064e000000, 0x000000064e400000|  0%| F|  |TAMS 0x000000064e000000, 0x000000064e000000| Untracked 
| 313|0x000000064e400000, 0x000000064e400000, 0x000000064e800000|  0%| F|  |TAMS 0x000000064e400000, 0x000000064e400000| Untracked 
| 314|0x000000064e800000, 0x000000064e800000, 0x000000064ec00000|  0%| F|  |TAMS 0x000000064e800000, 0x000000064e800000| Untracked 
| 315|0x000000064ec00000, 0x000000064ec00000, 0x000000064f000000|  0%| F|  |TAMS 0x000000064ec00000, 0x000000064ec00000| Untracked 
| 316|0x000000064f000000, 0x000000064f000000, 0x000000064f400000|  0%| F|  |TAMS 0x000000064f000000, 0x000000064f000000| Untracked 
| 317|0x000000064f400000, 0x000000064f400000, 0x000000064f800000|  0%| F|  |TAMS 0x000000064f400000, 0x000000064f400000| Untracked 
| 318|0x000000064f800000, 0x000000064f800000, 0x000000064fc00000|  0%| F|  |TAMS 0x000000064f800000, 0x000000064f800000| Untracked 
| 319|0x000000064fc00000, 0x000000064fc00000, 0x0000000650000000|  0%| F|  |TAMS 0x000000064fc00000, 0x000000064fc00000| Untracked 
| 320|0x0000000650000000, 0x0000000650000000, 0x0000000650400000|  0%| F|  |TAMS 0x0000000650000000, 0x0000000650000000| Untracked 
| 321|0x0000000650400000, 0x0000000650400000, 0x0000000650800000|  0%| F|  |TAMS 0x0000000650400000, 0x0000000650400000| Untracked 
| 322|0x0000000650800000, 0x0000000650800000, 0x0000000650c00000|  0%| F|  |TAMS 0x0000000650800000, 0x0000000650800000| Untracked 
| 323|0x0000000650c00000, 0x0000000650c00000, 0x0000000651000000|  0%| F|  |TAMS 0x0000000650c00000, 0x0000000650c00000| Untracked 
| 324|0x0000000651000000, 0x0000000651000000, 0x0000000651400000|  0%| F|  |TAMS 0x0000000651000000, 0x0000000651000000| Untracked 
| 325|0x0000000651400000, 0x0000000651400000, 0x0000000651800000|  0%| F|  |TAMS 0x0000000651400000, 0x0000000651400000| Untracked 
| 326|0x0000000651800000, 0x0000000651800000, 0x0000000651c00000|  0%| F|  |TAMS 0x0000000651800000, 0x0000000651800000| Untracked 
| 327|0x0000000651c00000, 0x0000000651c00000, 0x0000000652000000|  0%| F|  |TAMS 0x0000000651c00000, 0x0000000651c00000| Untracked 
| 328|0x0000000652000000, 0x0000000652000000, 0x0000000652400000|  0%| F|  |TAMS 0x0000000652000000, 0x0000000652000000| Untracked 
| 329|0x0000000652400000, 0x0000000652400000, 0x0000000652800000|  0%| F|  |TAMS 0x0000000652400000, 0x0000000652400000| Untracked 
| 330|0x0000000652800000, 0x0000000652800000, 0x0000000652c00000|  0%| F|  |TAMS 0x0000000652800000, 0x0000000652800000| Untracked 
| 331|0x0000000652c00000, 0x0000000652c00000, 0x0000000653000000|  0%| F|  |TAMS 0x0000000652c00000, 0x0000000652c00000| Untracked 
| 332|0x0000000653000000, 0x0000000653000000, 0x0000000653400000|  0%| F|  |TAMS 0x0000000653000000, 0x0000000653000000| Untracked 
| 333|0x0000000653400000, 0x0000000653400000, 0x0000000653800000|  0%| F|  |TAMS 0x0000000653400000, 0x0000000653400000| Untracked 
| 334|0x0000000653800000, 0x0000000653800000, 0x0000000653c00000|  0%| F|  |TAMS 0x0000000653800000, 0x0000000653800000| Untracked 
| 335|0x0000000653c00000, 0x0000000653c00000, 0x0000000654000000|  0%| F|  |TAMS 0x0000000653c00000, 0x0000000653c00000| Untracked 
| 336|0x0000000654000000, 0x0000000654000000, 0x0000000654400000|  0%| F|  |TAMS 0x0000000654000000, 0x0000000654000000| Untracked 
| 337|0x0000000654400000, 0x0000000654400000, 0x0000000654800000|  0%| F|  |TAMS 0x0000000654400000, 0x0000000654400000| Untracked 
| 338|0x0000000654800000, 0x0000000654800000, 0x0000000654c00000|  0%| F|  |TAMS 0x0000000654800000, 0x0000000654800000| Untracked 
| 339|0x0000000654c00000, 0x0000000654c00000, 0x0000000655000000|  0%| F|  |TAMS 0x0000000654c00000, 0x0000000654c00000| Untracked 
| 340|0x0000000655000000, 0x0000000655000000, 0x0000000655400000|  0%| F|  |TAMS 0x0000000655000000, 0x0000000655000000| Untracked 
| 341|0x0000000655400000, 0x0000000655400000, 0x0000000655800000|  0%| F|  |TAMS 0x0000000655400000, 0x0000000655400000| Untracked 
| 342|0x0000000655800000, 0x0000000655800000, 0x0000000655c00000|  0%| F|  |TAMS 0x0000000655800000, 0x0000000655800000| Untracked 
| 343|0x0000000655c00000, 0x0000000655c00000, 0x0000000656000000|  0%| F|  |TAMS 0x0000000655c00000, 0x0000000655c00000| Untracked 
| 344|0x0000000656000000, 0x0000000656000000, 0x0000000656400000|  0%| F|  |TAMS 0x0000000656000000, 0x0000000656000000| Untracked 
| 345|0x0000000656400000, 0x0000000656400000, 0x0000000656800000|  0%| F|  |TAMS 0x0000000656400000, 0x0000000656400000| Untracked 
| 346|0x0000000656800000, 0x0000000656800000, 0x0000000656c00000|  0%| F|  |TAMS 0x0000000656800000, 0x0000000656800000| Untracked 
| 347|0x0000000656c00000, 0x0000000656c00000, 0x0000000657000000|  0%| F|  |TAMS 0x0000000656c00000, 0x0000000656c00000| Untracked 
| 348|0x0000000657000000, 0x0000000657000000, 0x0000000657400000|  0%| F|  |TAMS 0x0000000657000000, 0x0000000657000000| Untracked 
| 349|0x0000000657400000, 0x0000000657400000, 0x0000000657800000|  0%| F|  |TAMS 0x0000000657400000, 0x0000000657400000| Untracked 
| 350|0x0000000657800000, 0x0000000657800000, 0x0000000657c00000|  0%| F|  |TAMS 0x0000000657800000, 0x0000000657800000| Untracked 
| 351|0x0000000657c00000, 0x0000000657c00000, 0x0000000658000000|  0%| F|  |TAMS 0x0000000657c00000, 0x0000000657c00000| Untracked 
| 352|0x0000000658000000, 0x0000000658000000, 0x0000000658400000|  0%| F|  |TAMS 0x0000000658000000, 0x0000000658000000| Untracked 
| 353|0x0000000658400000, 0x0000000658400000, 0x0000000658800000|  0%| F|  |TAMS 0x0000000658400000, 0x0000000658400000| Untracked 
| 354|0x0000000658800000, 0x0000000658800000, 0x0000000658c00000|  0%| F|  |TAMS 0x0000000658800000, 0x0000000658800000| Untracked 
| 355|0x0000000658c00000, 0x0000000658c00000, 0x0000000659000000|  0%| F|  |TAMS 0x0000000658c00000, 0x0000000658c00000| Untracked 
| 356|0x0000000659000000, 0x0000000659000000, 0x0000000659400000|  0%| F|  |TAMS 0x0000000659000000, 0x0000000659000000| Untracked 
| 357|0x0000000659400000, 0x0000000659400000, 0x0000000659800000|  0%| F|  |TAMS 0x0000000659400000, 0x0000000659400000| Untracked 
| 358|0x0000000659800000, 0x0000000659800000, 0x0000000659c00000|  0%| F|  |TAMS 0x0000000659800000, 0x0000000659800000| Untracked 
| 359|0x0000000659c00000, 0x0000000659c00000, 0x000000065a000000|  0%| F|  |TAMS 0x0000000659c00000, 0x0000000659c00000| Untracked 
| 360|0x000000065a000000, 0x000000065a000000, 0x000000065a400000|  0%| F|  |TAMS 0x000000065a000000, 0x000000065a000000| Untracked 
| 361|0x000000065a400000, 0x000000065a400000, 0x000000065a800000|  0%| F|  |TAMS 0x000000065a400000, 0x000000065a400000| Untracked 
| 362|0x000000065a800000, 0x000000065a800000, 0x000000065ac00000|  0%| F|  |TAMS 0x000000065a800000, 0x000000065a800000| Untracked 
| 363|0x000000065ac00000, 0x000000065ac00000, 0x000000065b000000|  0%| F|  |TAMS 0x000000065ac00000, 0x000000065ac00000| Untracked 
| 364|0x000000065b000000, 0x000000065b000000, 0x000000065b400000|  0%| F|  |TAMS 0x000000065b000000, 0x000000065b000000| Untracked 
| 365|0x000000065b400000, 0x000000065b400000, 0x000000065b800000|  0%| F|  |TAMS 0x000000065b400000, 0x000000065b400000| Untracked 
| 366|0x000000065b800000, 0x000000065b800000, 0x000000065bc00000|  0%| F|  |TAMS 0x000000065b800000, 0x000000065b800000| Untracked 
| 367|0x000000065bc00000, 0x000000065bc00000, 0x000000065c000000|  0%| F|  |TAMS 0x000000065bc00000, 0x000000065bc00000| Untracked 
| 368|0x000000065c000000, 0x000000065c000000, 0x000000065c400000|  0%| F|  |TAMS 0x000000065c000000, 0x000000065c000000| Untracked 
| 369|0x000000065c400000, 0x000000065c400000, 0x000000065c800000|  0%| F|  |TAMS 0x000000065c400000, 0x000000065c400000| Untracked 
| 370|0x000000065c800000, 0x000000065c800000, 0x000000065cc00000|  0%| F|  |TAMS 0x000000065c800000, 0x000000065c800000| Untracked 
| 371|0x000000065cc00000, 0x000000065cc00000, 0x000000065d000000|  0%| F|  |TAMS 0x000000065cc00000, 0x000000065cc00000| Untracked 
| 372|0x000000065d000000, 0x000000065d000000, 0x000000065d400000|  0%| F|  |TAMS 0x000000065d000000, 0x000000065d000000| Untracked 
| 373|0x000000065d400000, 0x000000065d400000, 0x000000065d800000|  0%| F|  |TAMS 0x000000065d400000, 0x000000065d400000| Untracked 
| 374|0x000000065d800000, 0x000000065d800000, 0x000000065dc00000|  0%| F|  |TAMS 0x000000065d800000, 0x000000065d800000| Untracked 
| 375|0x000000065dc00000, 0x000000065dc00000, 0x000000065e000000|  0%| F|  |TAMS 0x000000065dc00000, 0x000000065dc00000| Untracked 
| 376|0x000000065e000000, 0x000000065e000000, 0x000000065e400000|  0%| F|  |TAMS 0x000000065e000000, 0x000000065e000000| Untracked 
| 377|0x000000065e400000, 0x000000065e400000, 0x000000065e800000|  0%| F|  |TAMS 0x000000065e400000, 0x000000065e400000| Untracked 
| 378|0x000000065e800000, 0x000000065e800000, 0x000000065ec00000|  0%| F|  |TAMS 0x000000065e800000, 0x000000065e800000| Untracked 
| 379|0x000000065ec00000, 0x000000065ec00000, 0x000000065f000000|  0%| F|  |TAMS 0x000000065ec00000, 0x000000065ec00000| Untracked 
| 380|0x000000065f000000, 0x000000065f000000, 0x000000065f400000|  0%| F|  |TAMS 0x000000065f000000, 0x000000065f000000| Untracked 
| 381|0x000000065f400000, 0x000000065f400000, 0x000000065f800000|  0%| F|  |TAMS 0x000000065f400000, 0x000000065f400000| Untracked 
| 382|0x000000065f800000, 0x000000065f800000, 0x000000065fc00000|  0%| F|  |TAMS 0x000000065f800000, 0x000000065f800000| Untracked 
| 383|0x000000065fc00000, 0x000000065fc00000, 0x0000000660000000|  0%| F|  |TAMS 0x000000065fc00000, 0x000000065fc00000| Untracked 
| 384|0x0000000660000000, 0x0000000660000000, 0x0000000660400000|  0%| F|  |TAMS 0x0000000660000000, 0x0000000660000000| Untracked 
| 385|0x0000000660400000, 0x0000000660400000, 0x0000000660800000|  0%| F|  |TAMS 0x0000000660400000, 0x0000000660400000| Untracked 
| 386|0x0000000660800000, 0x0000000660800000, 0x0000000660c00000|  0%| F|  |TAMS 0x0000000660800000, 0x0000000660800000| Untracked 
| 387|0x0000000660c00000, 0x0000000660c00000, 0x0000000661000000|  0%| F|  |TAMS 0x0000000660c00000, 0x0000000660c00000| Untracked 
| 388|0x0000000661000000, 0x0000000661000000, 0x0000000661400000|  0%| F|  |TAMS 0x0000000661000000, 0x0000000661000000| Untracked 
| 389|0x0000000661400000, 0x0000000661400000, 0x0000000661800000|  0%| F|  |TAMS 0x0000000661400000, 0x0000000661400000| Untracked 
| 390|0x0000000661800000, 0x0000000661800000, 0x0000000661c00000|  0%| F|  |TAMS 0x0000000661800000, 0x0000000661800000| Untracked 
| 391|0x0000000661c00000, 0x0000000661c00000, 0x0000000662000000|  0%| F|  |TAMS 0x0000000661c00000, 0x0000000661c00000| Untracked 
| 392|0x0000000662000000, 0x0000000662000000, 0x0000000662400000|  0%| F|  |TAMS 0x0000000662000000, 0x0000000662000000| Untracked 
| 393|0x0000000662400000, 0x0000000662400000, 0x0000000662800000|  0%| F|  |TAMS 0x0000000662400000, 0x0000000662400000| Untracked 
| 394|0x0000000662800000, 0x0000000662800000, 0x0000000662c00000|  0%| F|  |TAMS 0x0000000662800000, 0x0000000662800000| Untracked 
| 395|0x0000000662c00000, 0x0000000662c00000, 0x0000000663000000|  0%| F|  |TAMS 0x0000000662c00000, 0x0000000662c00000| Untracked 
| 396|0x0000000663000000, 0x0000000663000000, 0x0000000663400000|  0%| F|  |TAMS 0x0000000663000000, 0x0000000663000000| Untracked 
| 397|0x0000000663400000, 0x0000000663400000, 0x0000000663800000|  0%| F|  |TAMS 0x0000000663400000, 0x0000000663400000| Untracked 
| 398|0x0000000663800000, 0x0000000663800000, 0x0000000663c00000|  0%| F|  |TAMS 0x0000000663800000, 0x0000000663800000| Untracked 
| 399|0x0000000663c00000, 0x0000000663c00000, 0x0000000664000000|  0%| F|  |TAMS 0x0000000663c00000, 0x0000000663c00000| Untracked 
| 400|0x0000000664000000, 0x0000000664000000, 0x0000000664400000|  0%| F|  |TAMS 0x0000000664000000, 0x0000000664000000| Untracked 
| 401|0x0000000664400000, 0x0000000664400000, 0x0000000664800000|  0%| F|  |TAMS 0x0000000664400000, 0x0000000664400000| Untracked 
| 402|0x0000000664800000, 0x0000000664800000, 0x0000000664c00000|  0%| F|  |TAMS 0x0000000664800000, 0x0000000664800000| Untracked 
| 403|0x0000000664c00000, 0x0000000664c00000, 0x0000000665000000|  0%| F|  |TAMS 0x0000000664c00000, 0x0000000664c00000| Untracked 
| 404|0x0000000665000000, 0x0000000665000000, 0x0000000665400000|  0%| F|  |TAMS 0x0000000665000000, 0x0000000665000000| Untracked 
| 405|0x0000000665400000, 0x0000000665400000, 0x0000000665800000|  0%| F|  |TAMS 0x0000000665400000, 0x0000000665400000| Untracked 
| 406|0x0000000665800000, 0x0000000665800000, 0x0000000665c00000|  0%| F|  |TAMS 0x0000000665800000, 0x0000000665800000| Untracked 
| 407|0x0000000665c00000, 0x0000000665c00000, 0x0000000666000000|  0%| F|  |TAMS 0x0000000665c00000, 0x0000000665c00000| Untracked 
| 408|0x0000000666000000, 0x0000000666000000, 0x0000000666400000|  0%| F|  |TAMS 0x0000000666000000, 0x0000000666000000| Untracked 
| 409|0x0000000666400000, 0x0000000666400000, 0x0000000666800000|  0%| F|  |TAMS 0x0000000666400000, 0x0000000666400000| Untracked 
| 410|0x0000000666800000, 0x0000000666800000, 0x0000000666c00000|  0%| F|  |TAMS 0x0000000666800000, 0x0000000666800000| Untracked 
| 411|0x0000000666c00000, 0x0000000666c00000, 0x0000000667000000|  0%| F|  |TAMS 0x0000000666c00000, 0x0000000666c00000| Untracked 
| 412|0x0000000667000000, 0x0000000667000000, 0x0000000667400000|  0%| F|  |TAMS 0x0000000667000000, 0x0000000667000000| Untracked 
| 413|0x0000000667400000, 0x0000000667400000, 0x0000000667800000|  0%| F|  |TAMS 0x0000000667400000, 0x0000000667400000| Untracked 
| 414|0x0000000667800000, 0x0000000667800000, 0x0000000667c00000|  0%| F|  |TAMS 0x0000000667800000, 0x0000000667800000| Untracked 
| 415|0x0000000667c00000, 0x0000000667c00000, 0x0000000668000000|  0%| F|  |TAMS 0x0000000667c00000, 0x0000000667c00000| Untracked 
| 416|0x0000000668000000, 0x0000000668000000, 0x0000000668400000|  0%| F|  |TAMS 0x0000000668000000, 0x0000000668000000| Untracked 
| 417|0x0000000668400000, 0x0000000668400000, 0x0000000668800000|  0%| F|  |TAMS 0x0000000668400000, 0x0000000668400000| Untracked 
| 418|0x0000000668800000, 0x0000000668800000, 0x0000000668c00000|  0%| F|  |TAMS 0x0000000668800000, 0x0000000668800000| Untracked 
| 419|0x0000000668c00000, 0x0000000668c00000, 0x0000000669000000|  0%| F|  |TAMS 0x0000000668c00000, 0x0000000668c00000| Untracked 
| 420|0x0000000669000000, 0x0000000669000000, 0x0000000669400000|  0%| F|  |TAMS 0x0000000669000000, 0x0000000669000000| Untracked 
| 421|0x0000000669400000, 0x0000000669400000, 0x0000000669800000|  0%| F|  |TAMS 0x0000000669400000, 0x0000000669400000| Untracked 
| 422|0x0000000669800000, 0x0000000669800000, 0x0000000669c00000|  0%| F|  |TAMS 0x0000000669800000, 0x0000000669800000| Untracked 
| 423|0x0000000669c00000, 0x0000000669c00000, 0x000000066a000000|  0%| F|  |TAMS 0x0000000669c00000, 0x0000000669c00000| Untracked 
| 424|0x000000066a000000, 0x000000066a000000, 0x000000066a400000|  0%| F|  |TAMS 0x000000066a000000, 0x000000066a000000| Untracked 
| 425|0x000000066a400000, 0x000000066a400000, 0x000000066a800000|  0%| F|  |TAMS 0x000000066a400000, 0x000000066a400000| Untracked 
| 426|0x000000066a800000, 0x000000066a800000, 0x000000066ac00000|  0%| F|  |TAMS 0x000000066a800000, 0x000000066a800000| Untracked 
| 427|0x000000066ac00000, 0x000000066ac00000, 0x000000066b000000|  0%| F|  |TAMS 0x000000066ac00000, 0x000000066ac00000| Untracked 
| 428|0x000000066b000000, 0x000000066b000000, 0x000000066b400000|  0%| F|  |TAMS 0x000000066b000000, 0x000000066b000000| Untracked 
| 429|0x000000066b400000, 0x000000066b400000, 0x000000066b800000|  0%| F|  |TAMS 0x000000066b400000, 0x000000066b400000| Untracked 
| 430|0x000000066b800000, 0x000000066b800000, 0x000000066bc00000|  0%| F|  |TAMS 0x000000066b800000, 0x000000066b800000| Untracked 
| 431|0x000000066bc00000, 0x000000066bc00000, 0x000000066c000000|  0%| F|  |TAMS 0x000000066bc00000, 0x000000066bc00000| Untracked 
| 432|0x000000066c000000, 0x000000066c000000, 0x000000066c400000|  0%| F|  |TAMS 0x000000066c000000, 0x000000066c000000| Untracked 
| 433|0x000000066c400000, 0x000000066c400000, 0x000000066c800000|  0%| F|  |TAMS 0x000000066c400000, 0x000000066c400000| Untracked 
| 434|0x000000066c800000, 0x000000066c800000, 0x000000066cc00000|  0%| F|  |TAMS 0x000000066c800000, 0x000000066c800000| Untracked 
| 435|0x000000066cc00000, 0x000000066cc00000, 0x000000066d000000|  0%| F|  |TAMS 0x000000066cc00000, 0x000000066cc00000| Untracked 
| 436|0x000000066d000000, 0x000000066d400000, 0x000000066d400000|100%| E|  |TAMS 0x000000066d000000, 0x000000066d000000| Complete 
| 437|0x000000066d400000, 0x000000066d800000, 0x000000066d800000|100%| E|CS|TAMS 0x000000066d400000, 0x000000066d400000| Complete 
| 438|0x000000066d800000, 0x000000066dc00000, 0x000000066dc00000|100%| E|CS|TAMS 0x000000066d800000, 0x000000066d800000| Complete 
| 439|0x000000066dc00000, 0x000000066e000000, 0x000000066e000000|100%| E|CS|TAMS 0x000000066dc00000, 0x000000066dc00000| Complete 
| 440|0x000000066e000000, 0x000000066e400000, 0x000000066e400000|100%| E|CS|TAMS 0x000000066e000000, 0x000000066e000000| Complete 
| 441|0x000000066e400000, 0x000000066e800000, 0x000000066e800000|100%| E|CS|TAMS 0x000000066e400000, 0x000000066e400000| Complete 
| 442|0x000000066e800000, 0x000000066ec00000, 0x000000066ec00000|100%| E|CS|TAMS 0x000000066e800000, 0x000000066e800000| Complete 
| 443|0x000000066ec00000, 0x000000066f000000, 0x000000066f000000|100%| E|CS|TAMS 0x000000066ec00000, 0x000000066ec00000| Complete 
| 444|0x000000066f000000, 0x000000066f400000, 0x000000066f400000|100%| E|CS|TAMS 0x000000066f000000, 0x000000066f000000| Complete 
| 445|0x000000066f400000, 0x000000066f800000, 0x000000066f800000|100%| E|CS|TAMS 0x000000066f400000, 0x000000066f400000| Complete 
| 446|0x000000066f800000, 0x000000066fc00000, 0x000000066fc00000|100%| E|CS|TAMS 0x000000066f800000, 0x000000066f800000| Complete 
| 447|0x000000066fc00000, 0x0000000670000000, 0x0000000670000000|100%| E|CS|TAMS 0x000000066fc00000, 0x000000066fc00000| Complete 
| 448|0x0000000670000000, 0x0000000670400000, 0x0000000670400000|100%| E|CS|TAMS 0x0000000670000000, 0x0000000670000000| Complete 
| 449|0x0000000670400000, 0x0000000670800000, 0x0000000670800000|100%| E|CS|TAMS 0x0000000670400000, 0x0000000670400000| Complete 
| 450|0x0000000670800000, 0x0000000670c00000, 0x0000000670c00000|100%| E|CS|TAMS 0x0000000670800000, 0x0000000670800000| Complete 
| 451|0x0000000670c00000, 0x0000000671000000, 0x0000000671000000|100%| E|CS|TAMS 0x0000000670c00000, 0x0000000670c00000| Complete 
| 452|0x0000000671000000, 0x0000000671400000, 0x0000000671400000|100%| E|CS|TAMS 0x0000000671000000, 0x0000000671000000| Complete 
| 453|0x0000000671400000, 0x0000000671800000, 0x0000000671800000|100%| E|CS|TAMS 0x0000000671400000, 0x0000000671400000| Complete 
| 454|0x0000000671800000, 0x0000000671c00000, 0x0000000671c00000|100%| E|CS|TAMS 0x0000000671800000, 0x0000000671800000| Complete 
| 455|0x0000000671c00000, 0x0000000672000000, 0x0000000672000000|100%| E|CS|TAMS 0x0000000671c00000, 0x0000000671c00000| Complete 
| 456|0x0000000672000000, 0x0000000672400000, 0x0000000672400000|100%| E|CS|TAMS 0x0000000672000000, 0x0000000672000000| Complete 
| 457|0x0000000672400000, 0x0000000672800000, 0x0000000672800000|100%| E|CS|TAMS 0x0000000672400000, 0x0000000672400000| Complete 
| 458|0x0000000672800000, 0x0000000672c00000, 0x0000000672c00000|100%| E|CS|TAMS 0x0000000672800000, 0x0000000672800000| Complete 
| 459|0x0000000672c00000, 0x0000000673000000, 0x0000000673000000|100%| E|CS|TAMS 0x0000000672c00000, 0x0000000672c00000| Complete 
| 460|0x0000000673000000, 0x0000000673400000, 0x0000000673400000|100%| E|CS|TAMS 0x0000000673000000, 0x0000000673000000| Complete 
| 461|0x0000000673400000, 0x0000000673800000, 0x0000000673800000|100%| E|CS|TAMS 0x0000000673400000, 0x0000000673400000| Complete 
| 462|0x0000000673800000, 0x0000000673c00000, 0x0000000673c00000|100%| E|CS|TAMS 0x0000000673800000, 0x0000000673800000| Complete 
| 463|0x0000000673c00000, 0x0000000674000000, 0x0000000674000000|100%| E|CS|TAMS 0x0000000673c00000, 0x0000000673c00000| Complete 
| 464|0x0000000674000000, 0x0000000674400000, 0x0000000674400000|100%| E|CS|TAMS 0x0000000674000000, 0x0000000674000000| Complete 
| 465|0x0000000674400000, 0x0000000674800000, 0x0000000674800000|100%| E|CS|TAMS 0x0000000674400000, 0x0000000674400000| Complete 
| 466|0x0000000674800000, 0x0000000674c00000, 0x0000000674c00000|100%| E|CS|TAMS 0x0000000674800000, 0x0000000674800000| Complete 
| 467|0x0000000674c00000, 0x0000000675000000, 0x0000000675000000|100%| E|CS|TAMS 0x0000000674c00000, 0x0000000674c00000| Complete 
| 468|0x0000000675000000, 0x0000000675400000, 0x0000000675400000|100%| E|CS|TAMS 0x0000000675000000, 0x0000000675000000| Complete 
| 469|0x0000000675400000, 0x0000000675800000, 0x0000000675800000|100%| E|CS|TAMS 0x0000000675400000, 0x0000000675400000| Complete 
| 470|0x0000000675800000, 0x0000000675c00000, 0x0000000675c00000|100%| E|CS|TAMS 0x0000000675800000, 0x0000000675800000| Complete 
| 471|0x0000000675c00000, 0x0000000676000000, 0x0000000676000000|100%| E|CS|TAMS 0x0000000675c00000, 0x0000000675c00000| Complete 
| 472|0x0000000676000000, 0x0000000676400000, 0x0000000676400000|100%| E|CS|TAMS 0x0000000676000000, 0x0000000676000000| Complete 
| 473|0x0000000676400000, 0x0000000676800000, 0x0000000676800000|100%| E|CS|TAMS 0x0000000676400000, 0x0000000676400000| Complete 
| 474|0x0000000676800000, 0x0000000676c00000, 0x0000000676c00000|100%| E|CS|TAMS 0x0000000676800000, 0x0000000676800000| Complete 
| 475|0x0000000676c00000, 0x0000000677000000, 0x0000000677000000|100%| E|CS|TAMS 0x0000000676c00000, 0x0000000676c00000| Complete 
| 476|0x0000000677000000, 0x0000000677400000, 0x0000000677400000|100%| E|CS|TAMS 0x0000000677000000, 0x0000000677000000| Complete 
| 477|0x0000000677400000, 0x0000000677800000, 0x0000000677800000|100%| E|CS|TAMS 0x0000000677400000, 0x0000000677400000| Complete 
| 478|0x0000000677800000, 0x0000000677c00000, 0x0000000677c00000|100%| E|CS|TAMS 0x0000000677800000, 0x0000000677800000| Complete 
| 479|0x0000000677c00000, 0x0000000678000000, 0x0000000678000000|100%| E|CS|TAMS 0x0000000677c00000, 0x0000000677c00000| Complete 
| 480|0x0000000678000000, 0x0000000678400000, 0x0000000678400000|100%| E|CS|TAMS 0x0000000678000000, 0x0000000678000000| Complete 
| 481|0x0000000678400000, 0x0000000678800000, 0x0000000678800000|100%| E|CS|TAMS 0x0000000678400000, 0x0000000678400000| Complete 
| 482|0x0000000678800000, 0x0000000678c00000, 0x0000000678c00000|100%| E|CS|TAMS 0x0000000678800000, 0x0000000678800000| Complete 
| 483|0x0000000678c00000, 0x0000000679000000, 0x0000000679000000|100%| E|CS|TAMS 0x0000000678c00000, 0x0000000678c00000| Complete 
| 484|0x0000000679000000, 0x0000000679400000, 0x0000000679400000|100%| E|CS|TAMS 0x0000000679000000, 0x0000000679000000| Complete 
| 485|0x0000000679400000, 0x0000000679800000, 0x0000000679800000|100%| E|CS|TAMS 0x0000000679400000, 0x0000000679400000| Complete 
| 486|0x0000000679800000, 0x0000000679c00000, 0x0000000679c00000|100%| E|CS|TAMS 0x0000000679800000, 0x0000000679800000| Complete 
| 487|0x0000000679c00000, 0x000000067a000000, 0x000000067a000000|100%| E|CS|TAMS 0x0000000679c00000, 0x0000000679c00000| Complete 
| 488|0x000000067a000000, 0x000000067a400000, 0x000000067a400000|100%| E|CS|TAMS 0x000000067a000000, 0x000000067a000000| Complete 
| 489|0x000000067a400000, 0x000000067a800000, 0x000000067a800000|100%| E|CS|TAMS 0x000000067a400000, 0x000000067a400000| Complete 
| 490|0x000000067a800000, 0x000000067ac00000, 0x000000067ac00000|100%| E|CS|TAMS 0x000000067a800000, 0x000000067a800000| Complete 
| 491|0x000000067ac00000, 0x000000067b000000, 0x000000067b000000|100%| E|CS|TAMS 0x000000067ac00000, 0x000000067ac00000| Complete 
| 492|0x000000067b000000, 0x000000067b400000, 0x000000067b400000|100%| E|CS|TAMS 0x000000067b000000, 0x000000067b000000| Complete 
| 493|0x000000067b400000, 0x000000067b800000, 0x000000067b800000|100%| E|CS|TAMS 0x000000067b400000, 0x000000067b400000| Complete 
| 494|0x000000067b800000, 0x000000067bc00000, 0x000000067bc00000|100%| E|CS|TAMS 0x000000067b800000, 0x000000067b800000| Complete 
| 495|0x000000067bc00000, 0x000000067c000000, 0x000000067c000000|100%| E|CS|TAMS 0x000000067bc00000, 0x000000067bc00000| Complete 
| 496|0x000000067c000000, 0x000000067c400000, 0x000000067c400000|100%| E|CS|TAMS 0x000000067c000000, 0x000000067c000000| Complete 
| 497|0x000000067c400000, 0x000000067c800000, 0x000000067c800000|100%| E|CS|TAMS 0x000000067c400000, 0x000000067c400000| Complete 
| 498|0x000000067c800000, 0x000000067cc00000, 0x000000067cc00000|100%| E|CS|TAMS 0x000000067c800000, 0x000000067c800000| Complete 
| 499|0x000000067cc00000, 0x000000067d000000, 0x000000067d000000|100%| E|CS|TAMS 0x000000067cc00000, 0x000000067cc00000| Complete 
| 500|0x000000067d000000, 0x000000067d400000, 0x000000067d400000|100%| E|CS|TAMS 0x000000067d000000, 0x000000067d000000| Complete 
| 501|0x000000067d400000, 0x000000067d800000, 0x000000067d800000|100%| E|CS|TAMS 0x000000067d400000, 0x000000067d400000| Complete 
| 502|0x000000067d800000, 0x000000067dc00000, 0x000000067dc00000|100%| E|CS|TAMS 0x000000067d800000, 0x000000067d800000| Complete 
| 503|0x000000067dc00000, 0x000000067e000000, 0x000000067e000000|100%| E|CS|TAMS 0x000000067dc00000, 0x000000067dc00000| Complete 
| 504|0x000000067e000000, 0x000000067e400000, 0x000000067e400000|100%| E|CS|TAMS 0x000000067e000000, 0x000000067e000000| Complete 
| 505|0x000000067e400000, 0x000000067e800000, 0x000000067e800000|100%| E|CS|TAMS 0x000000067e400000, 0x000000067e400000| Complete 
| 506|0x000000067e800000, 0x000000067ec00000, 0x000000067ec00000|100%| E|CS|TAMS 0x000000067e800000, 0x000000067e800000| Complete 
| 507|0x000000067ec00000, 0x000000067f000000, 0x000000067f000000|100%| E|CS|TAMS 0x000000067ec00000, 0x000000067ec00000| Complete 
| 508|0x000000067f000000, 0x000000067f400000, 0x000000067f400000|100%| E|CS|TAMS 0x000000067f000000, 0x000000067f000000| Complete 
| 509|0x000000067f400000, 0x000000067f800000, 0x000000067f800000|100%| E|CS|TAMS 0x000000067f400000, 0x000000067f400000| Complete 
| 510|0x000000067f800000, 0x000000067fc00000, 0x000000067fc00000|100%| E|CS|TAMS 0x000000067f800000, 0x000000067f800000| Complete 
| 511|0x000000067fc00000, 0x0000000680000000, 0x0000000680000000|100%| E|CS|TAMS 0x000000067fc00000, 0x000000067fc00000| Complete 
| 512|0x0000000680000000, 0x0000000680400000, 0x0000000680400000|100%| E|CS|TAMS 0x0000000680000000, 0x0000000680000000| Complete 
| 513|0x0000000680400000, 0x0000000680800000, 0x0000000680800000|100%| E|CS|TAMS 0x0000000680400000, 0x0000000680400000| Complete 
| 514|0x0000000680800000, 0x0000000680c00000, 0x0000000680c00000|100%| E|CS|TAMS 0x0000000680800000, 0x0000000680800000| Complete 
| 515|0x0000000680c00000, 0x0000000681000000, 0x0000000681000000|100%| E|CS|TAMS 0x0000000680c00000, 0x0000000680c00000| Complete 
| 516|0x0000000681000000, 0x0000000681400000, 0x0000000681400000|100%| E|CS|TAMS 0x0000000681000000, 0x0000000681000000| Complete 
| 517|0x0000000681400000, 0x0000000681800000, 0x0000000681800000|100%| E|CS|TAMS 0x0000000681400000, 0x0000000681400000| Complete 
| 518|0x0000000681800000, 0x0000000681c00000, 0x0000000681c00000|100%| E|CS|TAMS 0x0000000681800000, 0x0000000681800000| Complete 
| 519|0x0000000681c00000, 0x0000000682000000, 0x0000000682000000|100%| E|CS|TAMS 0x0000000681c00000, 0x0000000681c00000| Complete 
| 520|0x0000000682000000, 0x0000000682400000, 0x0000000682400000|100%| E|CS|TAMS 0x0000000682000000, 0x0000000682000000| Complete 
| 521|0x0000000682400000, 0x0000000682800000, 0x0000000682800000|100%| E|CS|TAMS 0x0000000682400000, 0x0000000682400000| Complete 
| 522|0x0000000682800000, 0x0000000682c00000, 0x0000000682c00000|100%| E|CS|TAMS 0x0000000682800000, 0x0000000682800000| Complete 
| 523|0x0000000682c00000, 0x0000000683000000, 0x0000000683000000|100%| E|CS|TAMS 0x0000000682c00000, 0x0000000682c00000| Complete 
| 524|0x0000000683000000, 0x0000000683400000, 0x0000000683400000|100%| E|CS|TAMS 0x0000000683000000, 0x0000000683000000| Complete 
| 525|0x0000000683400000, 0x0000000683800000, 0x0000000683800000|100%| E|CS|TAMS 0x0000000683400000, 0x0000000683400000| Complete 
| 526|0x0000000683800000, 0x0000000683c00000, 0x0000000683c00000|100%| E|CS|TAMS 0x0000000683800000, 0x0000000683800000| Complete 
| 527|0x0000000683c00000, 0x0000000684000000, 0x0000000684000000|100%| E|CS|TAMS 0x0000000683c00000, 0x0000000683c00000| Complete 
| 528|0x0000000684000000, 0x0000000684400000, 0x0000000684400000|100%| E|CS|TAMS 0x0000000684000000, 0x0000000684000000| Complete 
| 529|0x0000000684400000, 0x0000000684800000, 0x0000000684800000|100%| E|CS|TAMS 0x0000000684400000, 0x0000000684400000| Complete 
| 530|0x0000000684800000, 0x0000000684c00000, 0x0000000684c00000|100%| E|CS|TAMS 0x0000000684800000, 0x0000000684800000| Complete 
| 531|0x0000000684c00000, 0x0000000685000000, 0x0000000685000000|100%| E|CS|TAMS 0x0000000684c00000, 0x0000000684c00000| Complete 
| 532|0x0000000685000000, 0x0000000685400000, 0x0000000685400000|100%| E|CS|TAMS 0x0000000685000000, 0x0000000685000000| Complete 
| 533|0x0000000685400000, 0x0000000685800000, 0x0000000685800000|100%| E|CS|TAMS 0x0000000685400000, 0x0000000685400000| Complete 
| 534|0x0000000685800000, 0x0000000685c00000, 0x0000000685c00000|100%| E|CS|TAMS 0x0000000685800000, 0x0000000685800000| Complete 
| 535|0x0000000685c00000, 0x0000000686000000, 0x0000000686000000|100%| E|CS|TAMS 0x0000000685c00000, 0x0000000685c00000| Complete 
| 536|0x0000000686000000, 0x0000000686400000, 0x0000000686400000|100%| E|CS|TAMS 0x0000000686000000, 0x0000000686000000| Complete 
| 537|0x0000000686400000, 0x0000000686800000, 0x0000000686800000|100%| E|CS|TAMS 0x0000000686400000, 0x0000000686400000| Complete 
| 538|0x0000000686800000, 0x0000000686c00000, 0x0000000686c00000|100%| E|CS|TAMS 0x0000000686800000, 0x0000000686800000| Complete 
| 539|0x0000000686c00000, 0x0000000687000000, 0x0000000687000000|100%| E|CS|TAMS 0x0000000686c00000, 0x0000000686c00000| Complete 
| 540|0x0000000687000000, 0x0000000687400000, 0x0000000687400000|100%| E|CS|TAMS 0x0000000687000000, 0x0000000687000000| Complete 
| 541|0x0000000687400000, 0x0000000687800000, 0x0000000687800000|100%| E|CS|TAMS 0x0000000687400000, 0x0000000687400000| Complete 
| 542|0x0000000687800000, 0x0000000687c00000, 0x0000000687c00000|100%| E|CS|TAMS 0x0000000687800000, 0x0000000687800000| Complete 
| 543|0x0000000687c00000, 0x0000000688000000, 0x0000000688000000|100%| E|CS|TAMS 0x0000000687c00000, 0x0000000687c00000| Complete 
| 544|0x0000000688000000, 0x0000000688400000, 0x0000000688400000|100%| E|CS|TAMS 0x0000000688000000, 0x0000000688000000| Complete 
| 545|0x0000000688400000, 0x0000000688800000, 0x0000000688800000|100%| E|CS|TAMS 0x0000000688400000, 0x0000000688400000| Complete 
| 546|0x0000000688800000, 0x0000000688c00000, 0x0000000688c00000|100%| E|CS|TAMS 0x0000000688800000, 0x0000000688800000| Complete 
| 547|0x0000000688c00000, 0x0000000689000000, 0x0000000689000000|100%| E|CS|TAMS 0x0000000688c00000, 0x0000000688c00000| Complete 
| 548|0x0000000689000000, 0x0000000689400000, 0x0000000689400000|100%| E|CS|TAMS 0x0000000689000000, 0x0000000689000000| Complete 
| 549|0x0000000689400000, 0x0000000689800000, 0x0000000689800000|100%| E|CS|TAMS 0x0000000689400000, 0x0000000689400000| Complete 
| 550|0x0000000689800000, 0x0000000689c00000, 0x0000000689c00000|100%| E|CS|TAMS 0x0000000689800000, 0x0000000689800000| Complete 
| 551|0x0000000689c00000, 0x000000068a000000, 0x000000068a000000|100%| E|CS|TAMS 0x0000000689c00000, 0x0000000689c00000| Complete 
| 552|0x000000068a000000, 0x000000068a400000, 0x000000068a400000|100%| E|CS|TAMS 0x000000068a000000, 0x000000068a000000| Complete 
| 553|0x000000068a400000, 0x000000068a800000, 0x000000068a800000|100%| E|CS|TAMS 0x000000068a400000, 0x000000068a400000| Complete 
| 554|0x000000068a800000, 0x000000068ac00000, 0x000000068ac00000|100%| E|CS|TAMS 0x000000068a800000, 0x000000068a800000| Complete 
| 555|0x000000068ac00000, 0x000000068b000000, 0x000000068b000000|100%| E|CS|TAMS 0x000000068ac00000, 0x000000068ac00000| Complete 
| 556|0x000000068b000000, 0x000000068b400000, 0x000000068b400000|100%| E|CS|TAMS 0x000000068b000000, 0x000000068b000000| Complete 
| 557|0x000000068b400000, 0x000000068b800000, 0x000000068b800000|100%| E|CS|TAMS 0x000000068b400000, 0x000000068b400000| Complete 
| 558|0x000000068b800000, 0x000000068bc00000, 0x000000068bc00000|100%| E|CS|TAMS 0x000000068b800000, 0x000000068b800000| Complete 
| 559|0x000000068bc00000, 0x000000068c000000, 0x000000068c000000|100%| E|CS|TAMS 0x000000068bc00000, 0x000000068bc00000| Complete 
| 560|0x000000068c000000, 0x000000068c400000, 0x000000068c400000|100%| E|CS|TAMS 0x000000068c000000, 0x000000068c000000| Complete 
| 561|0x000000068c400000, 0x000000068c800000, 0x000000068c800000|100%| E|CS|TAMS 0x000000068c400000, 0x000000068c400000| Complete 
| 562|0x000000068c800000, 0x000000068cc00000, 0x000000068cc00000|100%| E|CS|TAMS 0x000000068c800000, 0x000000068c800000| Complete 
| 563|0x000000068cc00000, 0x000000068d000000, 0x000000068d000000|100%| E|CS|TAMS 0x000000068cc00000, 0x000000068cc00000| Complete 
| 564|0x000000068d000000, 0x000000068d400000, 0x000000068d400000|100%| E|CS|TAMS 0x000000068d000000, 0x000000068d000000| Complete 
| 565|0x000000068d400000, 0x000000068d800000, 0x000000068d800000|100%| E|CS|TAMS 0x000000068d400000, 0x000000068d400000| Complete 
| 566|0x000000068d800000, 0x000000068dc00000, 0x000000068dc00000|100%| E|CS|TAMS 0x000000068d800000, 0x000000068d800000| Complete 
| 567|0x000000068dc00000, 0x000000068e000000, 0x000000068e000000|100%| E|CS|TAMS 0x000000068dc00000, 0x000000068dc00000| Complete 
| 568|0x000000068e000000, 0x000000068e400000, 0x000000068e400000|100%| E|CS|TAMS 0x000000068e000000, 0x000000068e000000| Complete 
| 569|0x000000068e400000, 0x000000068e800000, 0x000000068e800000|100%| E|CS|TAMS 0x000000068e400000, 0x000000068e400000| Complete 
| 570|0x000000068e800000, 0x000000068ec00000, 0x000000068ec00000|100%| E|CS|TAMS 0x000000068e800000, 0x000000068e800000| Complete 
| 571|0x000000068ec00000, 0x000000068f000000, 0x000000068f000000|100%| E|CS|TAMS 0x000000068ec00000, 0x000000068ec00000| Complete 
| 572|0x000000068f000000, 0x000000068f400000, 0x000000068f400000|100%| E|CS|TAMS 0x000000068f000000, 0x000000068f000000| Complete 
| 573|0x000000068f400000, 0x000000068f800000, 0x000000068f800000|100%| E|CS|TAMS 0x000000068f400000, 0x000000068f400000| Complete 
| 574|0x000000068f800000, 0x000000068fc00000, 0x000000068fc00000|100%| E|CS|TAMS 0x000000068f800000, 0x000000068f800000| Complete 
| 575|0x000000068fc00000, 0x0000000690000000, 0x0000000690000000|100%| E|CS|TAMS 0x000000068fc00000, 0x000000068fc00000| Complete 
| 576|0x0000000690000000, 0x0000000690400000, 0x0000000690400000|100%| E|CS|TAMS 0x0000000690000000, 0x0000000690000000| Complete 
| 577|0x0000000690400000, 0x0000000690800000, 0x0000000690800000|100%| E|CS|TAMS 0x0000000690400000, 0x0000000690400000| Complete 
| 578|0x0000000690800000, 0x0000000690c00000, 0x0000000690c00000|100%| E|CS|TAMS 0x0000000690800000, 0x0000000690800000| Complete 
| 579|0x0000000690c00000, 0x0000000691000000, 0x0000000691000000|100%| E|CS|TAMS 0x0000000690c00000, 0x0000000690c00000| Complete 
| 580|0x0000000691000000, 0x0000000691400000, 0x0000000691400000|100%| E|CS|TAMS 0x0000000691000000, 0x0000000691000000| Complete 
| 581|0x0000000691400000, 0x0000000691800000, 0x0000000691800000|100%| E|CS|TAMS 0x0000000691400000, 0x0000000691400000| Complete 
| 582|0x0000000691800000, 0x0000000691c00000, 0x0000000691c00000|100%| E|CS|TAMS 0x0000000691800000, 0x0000000691800000| Complete 
| 583|0x0000000691c00000, 0x0000000692000000, 0x0000000692000000|100%| E|CS|TAMS 0x0000000691c00000, 0x0000000691c00000| Complete 
| 584|0x0000000692000000, 0x0000000692400000, 0x0000000692400000|100%| E|CS|TAMS 0x0000000692000000, 0x0000000692000000| Complete 
| 585|0x0000000692400000, 0x0000000692800000, 0x0000000692800000|100%| E|CS|TAMS 0x0000000692400000, 0x0000000692400000| Complete 
| 586|0x0000000692800000, 0x0000000692c00000, 0x0000000692c00000|100%| E|CS|TAMS 0x0000000692800000, 0x0000000692800000| Complete 
| 587|0x0000000692c00000, 0x0000000693000000, 0x0000000693000000|100%| E|CS|TAMS 0x0000000692c00000, 0x0000000692c00000| Complete 
| 588|0x0000000693000000, 0x0000000693400000, 0x0000000693400000|100%| E|CS|TAMS 0x0000000693000000, 0x0000000693000000| Complete 
| 589|0x0000000693400000, 0x0000000693800000, 0x0000000693800000|100%| E|CS|TAMS 0x0000000693400000, 0x0000000693400000| Complete 
| 590|0x0000000693800000, 0x0000000693c00000, 0x0000000693c00000|100%| E|CS|TAMS 0x0000000693800000, 0x0000000693800000| Complete 
| 591|0x0000000693c00000, 0x0000000694000000, 0x0000000694000000|100%| E|CS|TAMS 0x0000000693c00000, 0x0000000693c00000| Complete 
| 592|0x0000000694000000, 0x0000000694400000, 0x0000000694400000|100%| E|CS|TAMS 0x0000000694000000, 0x0000000694000000| Complete 
| 593|0x0000000694400000, 0x0000000694800000, 0x0000000694800000|100%| E|CS|TAMS 0x0000000694400000, 0x0000000694400000| Complete 

Card table byte_map: [0x0000018848090000,0x0000018849090000] _byte_map_base: 0x0000018845090000

Marking Bits (Prev, Next): (CMBitMap*) 0x000001881eb6bf00, (CMBitMap*) 0x000001881eb6bec0
 Prev Bits: [0x0000018852090000, 0x000001885a090000)
 Next Bits: [0x000001884a090000, 0x0000018852090000)

Polling page: 0x000001881c9a0000

Metaspace:

Usage:
  Non-class:    218.63 MB used.
      Class:     32.00 MB used.
       Both:    250.63 MB used.

Virtual space:
  Non-class space:      256.00 MB reserved,     220.19 MB ( 86%) committed,  4 nodes.
      Class space:        1.00 GB reserved,      33.19 MB (  3%) committed,  1 nodes.
             Both:        1.25 GB reserved,     253.38 MB ( 20%) committed. 

Chunk freelists:
   Non-Class:  3.05 MB
       Class:  14.77 MB
        Both:  17.81 MB

MaxMetaspaceSize: 4.00 GB
CompressedClassSpaceSize: 1.00 GB
Initial GC threshold: 21.00 MB
Current GC threshold: 298.69 MB
CDS: on
MetaspaceReclaimPolicy: balanced
 - commit_granule_bytes: 65536.
 - commit_granule_words: 8192.
 - virtual_space_node_default_size: 8388608.
 - enlarge_chunks_in_place: 1.
 - new_chunks_are_fully_committed: 0.
 - uncommit_free_chunks: 1.
 - use_allocation_guard: 0.
 - handle_deallocations: 1.


Internal statistics:

num_allocs_failed_limit: 27.
num_arena_births: 3986.
num_arena_deaths: 60.
num_vsnodes_births: 5.
num_vsnodes_deaths: 0.
num_space_committed: 4051.
num_space_uncommitted: 1.
num_chunks_returned_to_freelist: 199.
num_chunks_taken_from_freelist: 15335.
num_chunk_merges: 39.
num_chunk_splits: 10199.
num_chunks_enlarged: 6780.
num_inconsistent_stats: 0.

CodeHeap 'non-profiled nmethods': size=258432Kb used=45473Kb max_used=45473Kb free=212958Kb
 bounds [0x0000018836990000, 0x0000018839600000, 0x00000188465f0000]
CodeHeap 'profiled nmethods': size=258368Kb used=105724Kb max_used=106305Kb free=152643Kb
 bounds [0x00000188265f0000, 0x000001882ce00000, 0x0000018836240000]
CodeHeap 'non-nmethods': size=7488Kb used=3319Kb max_used=4543Kb free=4168Kb
 bounds [0x0000018836240000, 0x00000188366d0000, 0x0000018836990000]
 total_blobs=49200 nmethods=47857 adapters=1249
 compilation: enabled
              stopped_count=0, restarted_count=0
 full_count=0

Compilation events (20 events):
Event: 698.202 Thread 0x000001885a262010 nmethod 59104 0x00000188395e3a10 code [0x00000188395e3c00, 0x00000188395e4518]
Event: 698.202 Thread 0x000001885a262010 64706       4       com.android.tools.r8.internal.vt0::L (23 bytes)
Event: 698.204 Thread 0x000001885a262010 nmethod 64706 0x00000188395e5010 code [0x00000188395e51a0, 0x00000188395e52f8]
Event: 698.204 Thread 0x000001885a262010 59081       4       com.android.tools.r8.internal.Xa::a (8 bytes)
Event: 698.205 Thread 0x000001885a262010 nmethod 59081 0x00000188395e5490 code [0x00000188395e5620, 0x00000188395e5778]
Event: 698.205 Thread 0x00000188d540e4e0 nmethod 59102 0x00000188395e5890 code [0x00000188395e5a80, 0x00000188395e63f8]
Event: 698.206 Thread 0x000001885a262010 59157       4       com.android.tools.r8.internal.H9::O (5 bytes)
Event: 698.206 Thread 0x00000188d540e4e0 60642       4       com.android.tools.r8.internal.TF::isEmpty (13 bytes)
Event: 698.206 Thread 0x000001885a262010 nmethod 59157 0x00000188395e6f10 code [0x00000188395e7080, 0x00000188395e7118]
Event: 698.206 Thread 0x000001885a262010 56211       4       com.android.tools.r8.synthesis.I::a (183 bytes)
Event: 698.206 Thread 0x00000188d540e4e0 nmethod 60642 0x00000188395e7210 code [0x00000188395e7380, 0x00000188395e7418]
Event: 698.206 Thread 0x00000188d540e4e0 58811       4       com.android.tools.r8.graph.s4::f (122 bytes)
Event: 698.211 Thread 0x00000188d540e4e0 nmethod 58811 0x00000188395e7510 code [0x00000188395e76c0, 0x00000188395e78c8]
Event: 698.211 Thread 0x00000188d540e4e0 61952       4       com.android.tools.r8.graph.G0::u (8 bytes)
Event: 698.211 Thread 0x00000188d540e4e0 nmethod 61952 0x00000188395e7b90 code [0x00000188395e7d00, 0x00000188395e7d98]
Event: 698.211 Thread 0x00000188d540e4e0 60490       4       java.util.function.Function$$Lambda$1095/0x000001885f5e9a88::apply (15 bytes)
Event: 698.213 Thread 0x00000188d540e4e0 nmethod 60490 0x00000188395e7e90 code [0x00000188395e8040, 0x00000188395e82d8]
Event: 698.213 Thread 0x00000188d540e4e0 63242       4       com.android.tools.r8.internal.bS::<init> (15 bytes)
Event: 698.214 Thread 0x00000188d540e4e0 nmethod 63242 0x00000188395e8590 code [0x00000188395e8700, 0x00000188395e8778]
Event: 698.214 Thread 0x00000188d540e4e0 58858       4       com.android.tools.r8.graph.h::c (38 bytes)

GC Heap History (20 events):
Event: 688.174 GC heap before
{Heap before GC invocations=121 (full 0):
 garbage-first heap   total 2433024K, used 2067488K [0x0000000600000000, 0x0000000800000000)
  region size 4096K, 337 young (1380352K), 22 survivors (90112K)
 Metaspace       used 256364K, committed 259200K, reserved 1310720K
  class space    used 32759K, committed 33984K, reserved 1048576K
}
Event: 688.194 GC heap after
{Heap after GC invocations=122 (full 0):
 garbage-first heap   total 2433024K, used 781499K [0x0000000600000000, 0x0000000800000000)
  region size 4096K, 22 young (90112K), 22 survivors (90112K)
 Metaspace       used 256364K, committed 259200K, reserved 1310720K
  class space    used 32759K, committed 33984K, reserved 1048576K
}
Event: 689.718 GC heap before
{Heap before GC invocations=122 (full 0):
 garbage-first heap   total 2433024K, used 2084027K [0x0000000600000000, 0x0000000800000000)
  region size 4096K, 340 young (1392640K), 22 survivors (90112K)
 Metaspace       used 256367K, committed 259200K, reserved 1310720K
  class space    used 32759K, committed 33984K, reserved 1048576K
}
Event: 689.741 GC heap after
{Heap after GC invocations=123 (full 0):
 garbage-first heap   total 2433024K, used 775817K [0x0000000600000000, 0x0000000800000000)
  region size 4096K, 21 young (86016K), 21 survivors (86016K)
 Metaspace       used 256367K, committed 259200K, reserved 1310720K
  class space    used 32759K, committed 33984K, reserved 1048576K
}
Event: 691.832 GC heap before
{Heap before GC invocations=123 (full 0):
 garbage-first heap   total 2433024K, used 2098825K [0x0000000600000000, 0x0000000800000000)
  region size 4096K, 344 young (1409024K), 21 survivors (86016K)
 Metaspace       used 256400K, committed 259200K, reserved 1310720K
  class space    used 32760K, committed 33984K, reserved 1048576K
}
Event: 691.850 GC heap after
{Heap after GC invocations=124 (full 0):
 garbage-first heap   total 2433024K, used 771648K [0x0000000600000000, 0x0000000800000000)
  region size 4096K, 20 young (81920K), 20 survivors (81920K)
 Metaspace       used 256400K, committed 259200K, reserved 1310720K
  class space    used 32760K, committed 33984K, reserved 1048576K
}
Event: 692.579 GC heap before
{Heap before GC invocations=124 (full 0):
 garbage-first heap   total 2433024K, used 2094656K [0x0000000600000000, 0x0000000800000000)
  region size 4096K, 344 young (1409024K), 20 survivors (81920K)
 Metaspace       used 256554K, committed 259328K, reserved 1310720K
  class space    used 32764K, committed 33984K, reserved 1048576K
}
Event: 692.631 GC heap after
{Heap after GC invocations=125 (full 0):
 garbage-first heap   total 2433024K, used 862735K [0x0000000600000000, 0x0000000800000000)
  region size 4096K, 42 young (172032K), 42 survivors (172032K)
 Metaspace       used 256554K, committed 259328K, reserved 1310720K
  class space    used 32764K, committed 33984K, reserved 1048576K
}
Event: 693.461 GC heap before
{Heap before GC invocations=125 (full 0):
 garbage-first heap   total 2433024K, used 2013711K [0x0000000600000000, 0x0000000800000000)
  region size 4096K, 323 young (1323008K), 42 survivors (172032K)
 Metaspace       used 256558K, committed 259328K, reserved 1310720K
  class space    used 32764K, committed 33984K, reserved 1048576K
}
Event: 693.630 GC heap after
{Heap after GC invocations=126 (full 0):
 garbage-first heap   total 2433024K, used 910002K [0x0000000600000000, 0x0000000800000000)
  region size 4096K, 20 young (81920K), 20 survivors (81920K)
 Metaspace       used 256558K, committed 259328K, reserved 1310720K
  class space    used 32764K, committed 33984K, reserved 1048576K
}
Event: 694.247 GC heap before
{Heap before GC invocations=126 (full 0):
 garbage-first heap   total 2433024K, used 2007730K [0x0000000600000000, 0x0000000800000000)
  region size 4096K, 289 young (1183744K), 20 survivors (81920K)
 Metaspace       used 256564K, committed 259392K, reserved 1310720K
  class space    used 32765K, committed 33984K, reserved 1048576K
}
Event: 694.265 GC heap after
{Heap after GC invocations=127 (full 0):
 garbage-first heap   total 2433024K, used 912050K [0x0000000600000000, 0x0000000800000000)
  region size 4096K, 20 young (81920K), 20 survivors (81920K)
 Metaspace       used 256564K, committed 259392K, reserved 1310720K
  class space    used 32765K, committed 33984K, reserved 1048576K
}
Event: 694.731 GC heap before
{Heap before GC invocations=127 (full 0):
 garbage-first heap   total 2433024K, used 2038450K [0x0000000600000000, 0x0000000800000000)
  region size 4096K, 296 young (1212416K), 20 survivors (81920K)
 Metaspace       used 256568K, committed 259392K, reserved 1310720K
  class space    used 32765K, committed 33984K, reserved 1048576K
}
Event: 694.749 GC heap after
{Heap after GC invocations=128 (full 0):
 garbage-first heap   total 2433024K, used 913218K [0x0000000600000000, 0x0000000800000000)
  region size 4096K, 21 young (86016K), 21 survivors (86016K)
 Metaspace       used 256568K, committed 259392K, reserved 1310720K
  class space    used 32765K, committed 33984K, reserved 1048576K
}
Event: 695.404 GC heap before
{Heap before GC invocations=128 (full 0):
 garbage-first heap   total 2433024K, used 2064194K [0x0000000600000000, 0x0000000800000000)
  region size 4096K, 303 young (1241088K), 21 survivors (86016K)
 Metaspace       used 256605K, committed 259392K, reserved 1310720K
  class space    used 32765K, committed 33984K, reserved 1048576K
}
Event: 695.423 GC heap after
{Heap after GC invocations=129 (full 0):
 garbage-first heap   total 2433024K, used 915533K [0x0000000600000000, 0x0000000800000000)
  region size 4096K, 21 young (86016K), 21 survivors (86016K)
 Metaspace       used 256605K, committed 259392K, reserved 1310720K
  class space    used 32765K, committed 33984K, reserved 1048576K
}
Event: 696.321 GC heap before
{Heap before GC invocations=129 (full 0):
 garbage-first heap   total 2433024K, used 2082893K [0x0000000600000000, 0x0000000800000000)
  region size 4096K, 307 young (1257472K), 21 survivors (86016K)
 Metaspace       used 256630K, committed 259456K, reserved 1310720K
  class space    used 32766K, committed 33984K, reserved 1048576K
}
Event: 696.342 GC heap after
{Heap after GC invocations=130 (full 0):
 garbage-first heap   total 2433024K, used 921449K [0x0000000600000000, 0x0000000800000000)
  region size 4096K, 23 young (94208K), 23 survivors (94208K)
 Metaspace       used 256630K, committed 259456K, reserved 1310720K
  class space    used 32766K, committed 33984K, reserved 1048576K
}
Event: 697.481 GC heap before
{Heap before GC invocations=130 (full 0):
 garbage-first heap   total 2433024K, used 2088809K [0x0000000600000000, 0x0000000800000000)
  region size 4096K, 308 young (1261568K), 23 survivors (94208K)
 Metaspace       used 256635K, committed 259456K, reserved 1310720K
  class space    used 32766K, committed 33984K, reserved 1048576K
}
Event: 697.523 GC heap after
{Heap after GC invocations=131 (full 0):
 garbage-first heap   total 2433024K, used 923785K [0x0000000600000000, 0x0000000800000000)
  region size 4096K, 9 young (36864K), 9 survivors (36864K)
 Metaspace       used 256635K, committed 259456K, reserved 1310720K
  class space    used 32766K, committed 33984K, reserved 1048576K
}

Dll operation events (17 events):
Event: 0.009 Loaded shared library C:\Program Files\Eclipse Adoptium\jdk-17.0.14.7-hotspot\bin\java.dll
Event: 0.021 Loaded shared library C:\Program Files\Eclipse Adoptium\jdk-17.0.14.7-hotspot\bin\jsvml.dll
Event: 0.052 Loaded shared library C:\Program Files\Eclipse Adoptium\jdk-17.0.14.7-hotspot\bin\zip.dll
Event: 0.054 Loaded shared library C:\Program Files\Eclipse Adoptium\jdk-17.0.14.7-hotspot\bin\instrument.dll
Event: 0.056 Loaded shared library C:\Program Files\Eclipse Adoptium\jdk-17.0.14.7-hotspot\bin\net.dll
Event: 0.057 Loaded shared library C:\Program Files\Eclipse Adoptium\jdk-17.0.14.7-hotspot\bin\nio.dll
Event: 0.059 Loaded shared library C:\Program Files\Eclipse Adoptium\jdk-17.0.14.7-hotspot\bin\zip.dll
Event: 0.177 Loaded shared library C:\Program Files\Eclipse Adoptium\jdk-17.0.14.7-hotspot\bin\jimage.dll
Event: 0.255 Loaded shared library C:\Program Files\Eclipse Adoptium\jdk-17.0.14.7-hotspot\bin\verify.dll
Event: 0.358 Loaded shared library C:\Users\Moaz\.gradle\native\c067742578af261105cb4f569cf0c3c89f3d7b1fecec35dd04571415982c5e48\windows-amd64\native-platform.dll
Event: 0.368 Loaded shared library C:\Users\Moaz\.gradle\native\100fb08df4bc3b14c8652ba06237920a3bd2aa13389f12d3474272988ae205f9\windows-amd64\native-platform-file-events.dll
Event: 1.079 Loaded shared library C:\Program Files\Eclipse Adoptium\jdk-17.0.14.7-hotspot\bin\management.dll
Event: 1.080 Loaded shared library C:\Program Files\Eclipse Adoptium\jdk-17.0.14.7-hotspot\bin\management_ext.dll
Event: 1.200 Loaded shared library C:\Program Files\Eclipse Adoptium\jdk-17.0.14.7-hotspot\bin\extnet.dll
Event: 1.397 Loaded shared library C:\Program Files\Eclipse Adoptium\jdk-17.0.14.7-hotspot\bin\sunmscapi.dll
Event: 531.248 Loaded shared library C:\Program Files\Eclipse Adoptium\jdk-17.0.14.7-hotspot\bin\rmi.dll
Event: 608.713 Loaded shared library C:\Users\Moaz\AppData\Local\Temp\native-platform3080243543060811157dir\native-platform.dll

Deoptimization events (20 events):
Event: 697.283 Thread 0x00000188a7cc08f0 DEOPT PACKING pc=0x000001882c67d647 sp=0x000000140bdfac00
Event: 697.284 Thread 0x00000188a7cc08f0 DEOPT UNPACKING pc=0x0000018836297143 sp=0x000000140bdfa0f8 mode 0
Event: 697.286 Thread 0x00000188a7cc08f0 DEOPT PACKING pc=0x000001882b5bc068 sp=0x000000140bdfac00
Event: 697.286 Thread 0x00000188a7cc08f0 DEOPT UNPACKING pc=0x0000018836297143 sp=0x000000140bdfa100 mode 0
Event: 697.819 Thread 0x00000188b2a7f150 Uncommon trap: trap_request=0xffffffbe fr.pc=0x0000018836f4c018 relative=0x0000000000000a38
Event: 697.820 Thread 0x00000188b2a7f150 Uncommon trap: reason=profile_predicate action=maybe_recompile pc=0x0000018836f4c018 method=com.android.tools.r8.internal.p10.put(Ljava/lang/Object;Ljava/lang/Object;)Ljava/lang/Object; @ 92 c2
Event: 697.820 Thread 0x00000188b2a7f150 DEOPT PACKING pc=0x0000018836f4c018 sp=0x000000140ccf9050
Event: 697.820 Thread 0x00000188b2a7f150 DEOPT UNPACKING pc=0x00000188362969a3 sp=0x000000140ccf9008 mode 2
Event: 697.820 Thread 0x00000188b2a7f150 Uncommon trap: trap_request=0xffffffbe fr.pc=0x0000018836f4c018 relative=0x0000000000000a38
Event: 697.820 Thread 0x00000188b2a7f150 Uncommon trap: reason=profile_predicate action=maybe_recompile pc=0x0000018836f4c018 method=com.android.tools.r8.internal.p10.put(Ljava/lang/Object;Ljava/lang/Object;)Ljava/lang/Object; @ 92 c2
Event: 697.820 Thread 0x00000188b2a7f150 DEOPT PACKING pc=0x0000018836f4c018 sp=0x000000140ccf9050
Event: 697.820 Thread 0x00000188b2a7f150 DEOPT UNPACKING pc=0x00000188362969a3 sp=0x000000140ccf9008 mode 2
Event: 697.820 Thread 0x00000188b2a7f150 Uncommon trap: trap_request=0xffffffbe fr.pc=0x0000018836f4c018 relative=0x0000000000000a38
Event: 697.820 Thread 0x00000188b2a7f150 Uncommon trap: reason=profile_predicate action=maybe_recompile pc=0x0000018836f4c018 method=com.android.tools.r8.internal.p10.put(Ljava/lang/Object;Ljava/lang/Object;)Ljava/lang/Object; @ 92 c2
Event: 697.820 Thread 0x00000188b2a7f150 DEOPT PACKING pc=0x0000018836f4c018 sp=0x000000140ccf9050
Event: 697.820 Thread 0x00000188b2a7f150 DEOPT UNPACKING pc=0x00000188362969a3 sp=0x000000140ccf9008 mode 2
Event: 697.820 Thread 0x00000188b2a7f150 Uncommon trap: trap_request=0xffffffbe fr.pc=0x0000018836f4c018 relative=0x0000000000000a38
Event: 697.820 Thread 0x00000188b2a7f150 Uncommon trap: reason=profile_predicate action=maybe_recompile pc=0x0000018836f4c018 method=com.android.tools.r8.internal.p10.put(Ljava/lang/Object;Ljava/lang/Object;)Ljava/lang/Object; @ 92 c2
Event: 697.820 Thread 0x00000188b2a7f150 DEOPT PACKING pc=0x0000018836f4c018 sp=0x000000140ccf9050
Event: 697.820 Thread 0x00000188b2a7f150 DEOPT UNPACKING pc=0x00000188362969a3 sp=0x000000140ccf9008 mode 2

Classes loaded (20 events):
Event: 675.911 Loading class java/util/IdentityHashMap$EntrySpliterator
Event: 675.912 Loading class java/util/IdentityHashMap$IdentityHashMapSpliterator
Event: 675.913 Loading class java/util/IdentityHashMap$IdentityHashMapSpliterator done
Event: 675.913 Loading class java/util/IdentityHashMap$EntrySpliterator done
Event: 675.942 Loading class java/util/SortedSet$1
Event: 675.942 Loading class java/util/SortedSet$1 done
Event: 675.949 Loading class java/util/stream/SliceOps
Event: 675.950 Loading class java/util/stream/SliceOps done
Event: 675.950 Loading class java/util/stream/SliceOps$1
Event: 675.950 Loading class java/util/stream/SliceOps$1 done
Event: 675.951 Loading class java/util/stream/SliceOps$1$1
Event: 675.951 Loading class java/util/stream/SliceOps$1$1 done
Event: 675.973 Loading class java/util/IdentityHashMap$ValueIterator
Event: 675.974 Loading class java/util/IdentityHashMap$ValueIterator done
Event: 676.599 Loading class java/nio/ShortBuffer
Event: 676.600 Loading class java/nio/ShortBuffer done
Event: 676.660 Loading class java/nio/ByteBufferAsShortBufferL
Event: 676.660 Loading class java/nio/ByteBufferAsShortBufferL done
Event: 676.715 Loading class java/util/zip/Adler32
Event: 676.715 Loading class java/util/zip/Adler32 done

Classes unloaded (20 events):
Event: 539.803 Thread 0x000001885a22d430 Unloading class 0x000001885ffd0000 '_BuildScript_$_run_closure1'
Event: 539.803 Thread 0x000001885a22d430 Unloading class 0x000001885ffcb800 '_BuildScript_'
Event: 539.803 Thread 0x000001885a22d430 Unloading class 0x000001885ff3eaf8 '_BuildScript_$_run_closure4'
Event: 539.803 Thread 0x000001885a22d430 Unloading class 0x000001885ff3e710 '_BuildScript_$_run_closure3$_closure10$_closure11$_closure12$_closure13'
Event: 539.803 Thread 0x000001885a22d430 Unloading class 0x000001885ff3e328 '_BuildScript_$_run_closure3$_closure10$_closure11$_closure12'
Event: 539.803 Thread 0x000001885a22d430 Unloading class 0x000001885ff3df40 '_BuildScript_$_run_closure3$_closure10$_closure11'
Event: 539.803 Thread 0x000001885a22d430 Unloading class 0x000001885ff3db58 '_BuildScript_$_run_closure3$_closure10'
Event: 539.803 Thread 0x000001885a22d430 Unloading class 0x000001885ff3d770 '_BuildScript_$_run_closure3$_closure9'
Event: 539.803 Thread 0x000001885a22d430 Unloading class 0x000001885ff3d388 '_BuildScript_$_run_closure3$_closure8'
Event: 539.803 Thread 0x000001885a22d430 Unloading class 0x000001885ff3cfa0 '_BuildScript_$_run_closure3$_closure7'
Event: 539.803 Thread 0x000001885a22d430 Unloading class 0x000001885ff3cbb8 '_BuildScript_$_run_closure3$_closure6'
Event: 539.803 Thread 0x000001885a22d430 Unloading class 0x000001885ff3c7d0 '_BuildScript_$_run_closure3'
Event: 539.803 Thread 0x000001885a22d430 Unloading class 0x000001885ff3c3e8 '_BuildScript_$_run_closure2'
Event: 539.803 Thread 0x000001885a22d430 Unloading class 0x000001885ff3c000 '_BuildScript_$_run_closure1$_closure5'
Event: 539.803 Thread 0x000001885a22d430 Unloading class 0x000001885ff30c00 '_BuildScript_$_run_closure1'
Event: 539.803 Thread 0x000001885a22d430 Unloading class 0x000001885ff31000 '_BuildScript_'
Event: 539.803 Thread 0x000001885a22d430 Unloading class 0x000001885fe8c7d0 '_BuildScript_$_run_closure1$_closure3'
Event: 539.803 Thread 0x000001885a22d430 Unloading class 0x000001885fe8c3e8 '_BuildScript_$_run_closure1$_closure2'
Event: 539.803 Thread 0x000001885a22d430 Unloading class 0x000001885fe8c000 '_BuildScript_$_run_closure1'
Event: 539.803 Thread 0x000001885a22d430 Unloading class 0x000001885fe84000 '_BuildScript_'

Classes redefined (0 events):
No events

Internal exceptions (20 events):
Event: 692.199 Thread 0x00000188a7cc08f0 Exception <a 'sun/nio/fs/WindowsException'{0x000000066a3ee090}> (0x000000066a3ee090) 
thrown [s\src\hotspot\share\prims\jni.cpp, line 516]
Event: 692.223 Thread 0x00000188a7cbcc30 Exception <a 'sun/nio/fs/WindowsException'{0x00000006674cdd10}> (0x00000006674cdd10) 
thrown [s\src\hotspot\share\prims\jni.cpp, line 516]
Event: 692.236 Thread 0x00000188b2a7f660 Exception <a 'sun/nio/fs/WindowsException'{0x0000000665d6bd98}> (0x0000000665d6bd98) 
thrown [s\src\hotspot\share\prims\jni.cpp, line 516]
Event: 692.279 Thread 0x00000188b2a7ec40 Exception <a 'sun/nio/fs/WindowsException'{0x000000065fecc558}> (0x000000065fecc558) 
thrown [s\src\hotspot\share\prims\jni.cpp, line 516]
Event: 692.291 Thread 0x00000188b2a7f660 Exception <a 'sun/nio/fs/WindowsException'{0x00000006606069a8}> (0x00000006606069a8) 
thrown [s\src\hotspot\share\prims\jni.cpp, line 516]
Event: 692.310 Thread 0x00000188a7cbefa0 Exception <a 'sun/nio/fs/WindowsException'{0x000000065d1b03c8}> (0x000000065d1b03c8) 
thrown [s\src\hotspot\share\prims\jni.cpp, line 516]
Event: 692.321 Thread 0x00000188b2a7c3c0 Exception <a 'sun/nio/fs/WindowsException'{0x000000065c3814f0}> (0x000000065c3814f0) 
thrown [s\src\hotspot\share\prims\jni.cpp, line 516]
Event: 692.339 Thread 0x00000188b2a7ec40 Exception <a 'sun/nio/fs/WindowsException'{0x0000000659fbe348}> (0x0000000659fbe348) 
thrown [s\src\hotspot\share\prims\jni.cpp, line 516]
Event: 692.349 Thread 0x00000188a7cbefa0 Exception <a 'sun/nio/fs/WindowsException'{0x00000006582c1db0}> (0x00000006582c1db0) 
thrown [s\src\hotspot\share\prims\jni.cpp, line 516]
Event: 692.373 Thread 0x00000188b2a83830 Exception <a 'sun/nio/fs/WindowsException'{0x00000006629f32a0}> (0x00000006629f32a0) 
thrown [s\src\hotspot\share\prims\jni.cpp, line 516]
Event: 692.486 Thread 0x00000188a7cbcc30 Exception <a 'sun/nio/fs/WindowsException'{0x000000064bd18660}> (0x000000064bd18660) 
thrown [s\src\hotspot\share\prims\jni.cpp, line 516]
Event: 693.130 Thread 0x00000188b2a7dd10 Exception <a 'sun/nio/fs/WindowsException'{0x000000066aafb468}> (0x000000066aafb468) 
thrown [s\src\hotspot\share\prims\jni.cpp, line 516]
Event: 694.094 Thread 0x00000188a7cc1310 Exception <a 'sun/nio/fs/WindowsException'{0x0000000663e84ed8}> (0x0000000663e84ed8) 
thrown [s\src\hotspot\share\prims\jni.cpp, line 516]
Event: 694.179 Thread 0x00000188b2a7f660 Exception <a 'sun/nio/fs/WindowsException'{0x000000065b4a27e0}> (0x000000065b4a27e0) 
thrown [s\src\hotspot\share\prims\jni.cpp, line 516]
Event: 695.001 Thread 0x00000188a7cbdb60 Exception <a 'sun/nio/fs/WindowsException'{0x0000000677e26150}> (0x0000000677e26150) 
thrown [s\src\hotspot\share\prims\jni.cpp, line 516]
Event: 695.553 Thread 0x00000188b2a85ba0 Exception <a 'sun/nio/fs/WindowsException'{0x000000068a70aeb8}> (0x000000068a70aeb8) 
thrown [s\src\hotspot\share\prims\jni.cpp, line 516]
Event: 696.083 Thread 0x00000188a5ccbc50 Exception <a 'sun/nio/fs/WindowsException'{0x000000065f565238}> (0x000000065f565238) 
thrown [s\src\hotspot\share\prims\jni.cpp, line 516]
Event: 696.260 Thread 0x00000188a8ccc900 Exception <a 'sun/nio/fs/WindowsException'{0x000000065161d698}> (0x000000065161d698) 
thrown [s\src\hotspot\share\prims\jni.cpp, line 516]
Event: 697.299 Thread 0x00000188a7cc08f0 Exception <a 'sun/nio/fs/WindowsException'{0x0000000656e61790}> (0x0000000656e61790) 
thrown [s\src\hotspot\share\prims\jni.cpp, line 516]
Event: 698.055 Thread 0x00000188a33f2c20 Exception <a 'sun/nio/fs/WindowsException'{0x00000006799ce050}> (0x00000006799ce050) 
thrown [s\src\hotspot\share\prims\jni.cpp, line 516]

VM Operations (20 events):
Event: 694.267 Executing VM operation: HandshakeAllThreads
Event: 694.268 Executing VM operation: HandshakeAllThreads done
Event: 694.731 Executing VM operation: G1CollectForAllocation
Event: 694.749 Executing VM operation: G1CollectForAllocation done
Event: 695.367 Executing VM operation: HandshakeAllThreads
Event: 695.369 Executing VM operation: HandshakeAllThreads done
Event: 695.404 Executing VM operation: G1CollectForAllocation
Event: 695.423 Executing VM operation: G1CollectForAllocation done
Event: 696.321 Executing VM operation: G1CollectForAllocation
Event: 696.342 Executing VM operation: G1CollectForAllocation done
Event: 697.115 Executing VM operation: HandshakeAllThreads
Event: 697.116 Executing VM operation: HandshakeAllThreads done
Event: 697.428 Executing VM operation: ICBufferFull
Event: 697.428 Executing VM operation: ICBufferFull done
Event: 697.481 Executing VM operation: G1CollectForAllocation
Event: 697.523 Executing VM operation: G1CollectForAllocation done
Event: 698.039 Executing VM operation: ICBufferFull
Event: 698.039 Executing VM operation: ICBufferFull done
Event: 698.039 Executing VM operation: ICBufferFull
Event: 698.039 Executing VM operation: ICBufferFull done

Memory protections (0 events):
No events

Nmethod flushes (20 events):
Event: 697.192 Thread 0x000001885a2632e0 flushing  nmethod 0x000001882c454890
Event: 697.192 Thread 0x000001885a2632e0 flushing  nmethod 0x000001882c470310
Event: 697.192 Thread 0x000001885a2632e0 flushing  nmethod 0x000001882c513190
Event: 697.192 Thread 0x000001885a2632e0 flushing  nmethod 0x000001882c513690
Event: 697.192 Thread 0x000001885a2632e0 flushing  nmethod 0x000001882c513b90
Event: 697.192 Thread 0x000001885a2632e0 flushing  nmethod 0x000001882c5a6310
Event: 697.192 Thread 0x000001885a2632e0 flushing  nmethod 0x000001882c668f90
Event: 697.193 Thread 0x000001885a2632e0 flushing  nmethod 0x000001882c6dd290
Event: 697.193 Thread 0x000001885a2632e0 flushing  nmethod 0x000001882c71d390
Event: 697.193 Thread 0x000001885a2632e0 flushing  nmethod 0x000001882c79c810
Event: 697.193 Thread 0x000001885a2632e0 flushing  nmethod 0x000001882c858190
Event: 697.194 Thread 0x000001885a2632e0 flushing  nmethod 0x000001882c91c710
Event: 697.194 Thread 0x000001885a2632e0 flushing  nmethod 0x000001882c9ccb10
Event: 697.194 Thread 0x000001885a2632e0 flushing  nmethod 0x000001882c9d1490
Event: 697.194 Thread 0x000001885a2632e0 flushing  nmethod 0x000001882c9e6a10
Event: 697.195 Thread 0x000001885a2632e0 flushing  nmethod 0x000001882ca64d90
Event: 697.195 Thread 0x000001885a2632e0 flushing  nmethod 0x000001882ca6a190
Event: 697.195 Thread 0x000001885a2632e0 flushing  nmethod 0x000001882ca8e090
Event: 697.198 Thread 0x000001885a2632e0 flushing  nmethod 0x000001882cd19910
Event: 697.198 Thread 0x000001885a2632e0 flushing  nmethod 0x000001882cd41e10

Events (20 events):
Event: 662.057 Thread 0x00000188b01299b0 Thread exited: 0x00000188b01299b0
Event: 662.057 Thread 0x00000188b012a8e0 Thread exited: 0x00000188b012a8e0
Event: 671.016 Thread 0x000001885a2629d0 Thread added: 0x00000188aa4f84b0
Event: 671.016 Thread 0x000001885a2629d0 Thread added: 0x00000188aa4f99f0
Event: 671.143 Thread 0x000001885a2629d0 Thread added: 0x00000188a38aa220
Event: 671.894 Thread 0x00000188aa4f99f0 Thread exited: 0x00000188aa4f99f0
Event: 672.514 Thread 0x00000188a38aa220 Thread exited: 0x00000188a38aa220
Event: 672.514 Thread 0x00000188aa4f84b0 Thread exited: 0x00000188aa4f84b0
Event: 673.741 Thread 0x000001885a2629d0 Thread added: 0x00000188a38ae730
Event: 673.955 Thread 0x00000188b241b130 Thread added: 0x00000188b012eab0
Event: 674.070 Thread 0x000001885a2629d0 Thread added: 0x00000188a38ab760
Event: 675.654 Thread 0x000001885a262010 Thread added: 0x00000188b3ba29e0
Event: 675.926 Thread 0x00000188a7c839a0 Thread exited: 0x00000188a7c839a0
Event: 675.926 Thread 0x00000188a7c87150 Thread exited: 0x00000188a7c87150
Event: 675.936 Thread 0x00000188a7c86220 Thread exited: 0x00000188a7c86220
Event: 676.020 Thread 0x000001885a2629d0 Thread added: 0x00000188b3ba3a00
Event: 677.073 Thread 0x00000188b012eab0 Thread exited: 0x00000188b012eab0
Event: 684.843 Thread 0x00000188a38ae730 Thread added: 0x00000188d540e4e0
Event: 688.612 Thread 0x00000188b3ba3a00 Thread exited: 0x00000188b3ba3a00
Event: 697.708 Thread 0x00000188b3ba29e0 Thread exited: 0x00000188b3ba29e0


Dynamic libraries:
0x00007ff6c9b40000 - 0x00007ff6c9b4e000 	C:\Program Files\Eclipse Adoptium\jdk-17.0.14.7-hotspot\bin\java.exe
0x00007ff8051a0000 - 0x00007ff805407000 	C:\WINDOWS\SYSTEM32\ntdll.dll
0x00007ff804010000 - 0x00007ff8040db000 	C:\WINDOWS\System32\KERNEL32.DLL
0x00007ff802800000 - 0x00007ff802c02000 	C:\WINDOWS\System32\KERNELBASE.dll
0x00007ff8026a0000 - 0x00007ff8027ec000 	C:\WINDOWS\System32\ucrtbase.dll
0x00007fffa8960000 - 0x00007fffa8977000 	C:\Program Files\Eclipse Adoptium\jdk-17.0.14.7-hotspot\bin\jli.dll
0x00007fffa2060000 - 0x00007fffa207e000 	C:\Program Files\Eclipse Adoptium\jdk-17.0.14.7-hotspot\bin\VCRUNTIME140.dll
0x00007ff8040e0000 - 0x00007ff8042af000 	C:\WINDOWS\System32\USER32.dll
0x00007ff802e90000 - 0x00007ff802eb7000 	C:\WINDOWS\System32\win32u.dll
0x00007ff805130000 - 0x00007ff80515b000 	C:\WINDOWS\System32\GDI32.dll
0x00007fffe7980000 - 0x00007fffe7c10000 	C:\WINDOWS\WinSxS\amd64_microsoft.windows.common-controls_6595b64144ccf1df_6.0.26100.9278_none_3e0d1ba8e3303201\COMCTL32.dll
0x00007ff802ca0000 - 0x00007ff802dc9000 	C:\WINDOWS\System32\gdi32full.dll
0x00007ff804430000 - 0x00007ff8044d9000 	C:\WINDOWS\System32\msvcrt.dll
0x00007ff8025f0000 - 0x00007ff802693000 	C:\WINDOWS\System32\msvcp_win.dll
0x00007ff803710000 - 0x00007ff803741000 	C:\WINDOWS\System32\IMM32.DLL
0x00007fffef7f0000 - 0x00007fffef7fc000 	C:\Program Files\Eclipse Adoptium\jdk-17.0.14.7-hotspot\bin\vcruntime140_1.dll
0x00007fff5ec10000 - 0x00007fff5ec9d000 	C:\Program Files\Eclipse Adoptium\jdk-17.0.14.7-hotspot\bin\msvcp140.dll
0x00007ffed9bd0000 - 0x00007ffeda83b000 	C:\Program Files\Eclipse Adoptium\jdk-17.0.14.7-hotspot\bin\server\jvm.dll
0x00007ff803950000 - 0x00007ff803a0c000 	C:\WINDOWS\System32\ADVAPI32.dll
0x00007ff803660000 - 0x00007ff803709000 	C:\WINDOWS\System32\sechost.dll
0x00007ff804d50000 - 0x00007ff804e68000 	C:\WINDOWS\System32\RPCRT4.dll
0x00007ff803af0000 - 0x00007ff803b70000 	C:\WINDOWS\System32\WS2_32.dll
0x00007ffff77e0000 - 0x00007ffff7816000 	C:\WINDOWS\SYSTEM32\WINMM.dll
0x00007ff800ea0000 - 0x00007ff800efe000 	C:\WINDOWS\SYSTEM32\POWRPROF.dll
0x00007ffffa2a0000 - 0x00007ffffa2ab000 	C:\WINDOWS\SYSTEM32\VERSION.dll
0x00007ff800e80000 - 0x00007ff800e95000 	C:\WINDOWS\SYSTEM32\UMPDC.dll
0x00007ff801160000 - 0x00007ff80117b000 	C:\WINDOWS\SYSTEM32\kernel.appcore.dll
0x00007fffc7630000 - 0x00007fffc763a000 	C:\Program Files\Eclipse Adoptium\jdk-17.0.14.7-hotspot\bin\jimage.dll
0x00007ff800090000 - 0x00007ff8002dc000 	C:\WINDOWS\SYSTEM32\DBGHELP.DLL
0x00007ff8049c0000 - 0x00007ff804d45000 	C:\WINDOWS\System32\combase.dll
0x00007ff804690000 - 0x00007ff804769000 	C:\WINDOWS\System32\OLEAUT32.dll
0x00007fffda140000 - 0x00007fffda17b000 	C:\WINDOWS\SYSTEM32\dbgcore.DLL
0x00007ff8023a0000 - 0x00007ff80244c000 	C:\WINDOWS\System32\bcryptPrimitives.dll
0x00007fffb0840000 - 0x00007fffb084e000 	C:\Program Files\Eclipse Adoptium\jdk-17.0.14.7-hotspot\bin\instrument.dll
0x00007fffa09c0000 - 0x00007fffa09e5000 	C:\Program Files\Eclipse Adoptium\jdk-17.0.14.7-hotspot\bin\java.dll
0x00007fff3cc70000 - 0x00007fff3cd47000 	C:\Program Files\Eclipse Adoptium\jdk-17.0.14.7-hotspot\bin\jsvml.dll
0x00007ff802ec0000 - 0x00007ff803658000 	C:\WINDOWS\System32\SHELL32.dll
0x00007fffff730000 - 0x00007ffffffde000 	C:\WINDOWS\SYSTEM32\windows.storage.dll
0x00007ff803850000 - 0x00007ff80394b000 	C:\WINDOWS\System32\SHCORE.dll
0x00007ff803a20000 - 0x00007ff803a86000 	C:\WINDOWS\System32\shlwapi.dll
0x00007ff8022c0000 - 0x00007ff8022e9000 	C:\WINDOWS\SYSTEM32\profapi.dll
0x00007fff6a050000 - 0x00007fff6a068000 	C:\Program Files\Eclipse Adoptium\jdk-17.0.14.7-hotspot\bin\zip.dll
0x00007fffa0950000 - 0x00007fffa0969000 	C:\Program Files\Eclipse Adoptium\jdk-17.0.14.7-hotspot\bin\net.dll
0x00007ffffc400000 - 0x00007ffffc52a000 	C:\WINDOWS\SYSTEM32\WINHTTP.dll
0x00007ff801750000 - 0x00007ff8017bc000 	C:\WINDOWS\system32\mswsock.dll
0x00007fff81c60000 - 0x00007fff81c76000 	C:\Program Files\Eclipse Adoptium\jdk-17.0.14.7-hotspot\bin\nio.dll
0x00007fffc7470000 - 0x00007fffc7480000 	C:\Program Files\Eclipse Adoptium\jdk-17.0.14.7-hotspot\bin\verify.dll
0x00007fff5fac0000 - 0x00007fff5fae7000 	C:\Users\Moaz\.gradle\native\c067742578af261105cb4f569cf0c3c89f3d7b1fecec35dd04571415982c5e48\windows-amd64\native-platform.dll
0x00007fff31700000 - 0x00007fff31844000 	C:\Users\Moaz\.gradle\native\100fb08df4bc3b14c8652ba06237920a3bd2aa13389f12d3474272988ae205f9\windows-amd64\native-platform-file-events.dll
0x00007fffd9a10000 - 0x00007fffd9a1a000 	C:\Program Files\Eclipse Adoptium\jdk-17.0.14.7-hotspot\bin\management.dll
0x00007fffd9a00000 - 0x00007fffd9a0b000 	C:\Program Files\Eclipse Adoptium\jdk-17.0.14.7-hotspot\bin\management_ext.dll
0x00007ff805120000 - 0x00007ff805128000 	C:\WINDOWS\System32\PSAPI.DLL
0x00007ff801a40000 - 0x00007ff801a5b000 	C:\WINDOWS\SYSTEM32\CRYPTSP.dll
0x00007ff8010c0000 - 0x00007ff8010f9000 	C:\WINDOWS\system32\rsaenh.dll
0x00007ff801800000 - 0x00007ff801834000 	C:\WINDOWS\SYSTEM32\USERENV.dll
0x00007ff802290000 - 0x00007ff8022ba000 	C:\WINDOWS\SYSTEM32\bcrypt.dll
0x00007ff801a60000 - 0x00007ff801a6c000 	C:\WINDOWS\SYSTEM32\CRYPTBASE.dll
0x00007ff800a70000 - 0x00007ff800aa3000 	C:\WINDOWS\SYSTEM32\IPHLPAPI.DLL
0x00007ff804680000 - 0x00007ff80468a000 	C:\WINDOWS\System32\NSI.dll
0x00007ffffdb50000 - 0x00007ffffdb6d000 	C:\WINDOWS\SYSTEM32\dhcpcsvc6.DLL
0x00007ffffdb20000 - 0x00007ffffdb45000 	C:\WINDOWS\SYSTEM32\dhcpcsvc.DLL
0x00007ff800ab0000 - 0x00007ff800c08000 	C:\WINDOWS\SYSTEM32\DNSAPI.dll
0x00007ff801530000 - 0x00007ff80153d000 	C:\WINDOWS\SYSTEM32\DSPARSE.dll
0x00007fffc7260000 - 0x00007fffc7269000 	C:\Program Files\Eclipse Adoptium\jdk-17.0.14.7-hotspot\bin\extnet.dll
0x00007fffc7290000 - 0x00007fffc729e000 	C:\Program Files\Eclipse Adoptium\jdk-17.0.14.7-hotspot\bin\sunmscapi.dll
0x00007ff802460000 - 0x00007ff8025de000 	C:\WINDOWS\System32\CRYPT32.dll
0x00007ff801c80000 - 0x00007ff801cb0000 	C:\WINDOWS\SYSTEM32\ncrypt.dll
0x00007ff801c30000 - 0x00007ff801c6f000 	C:\WINDOWS\SYSTEM32\NTASN1.dll
0x00007fffd3770000 - 0x00007fffd3778000 	C:\WINDOWS\system32\wshunix.dll
0x00007ffffa870000 - 0x00007ffffa888000 	C:\WINDOWS\system32\napinsp.dll
0x00007ffffbfd0000 - 0x00007ffffbfe3000 	C:\WINDOWS\System32\winrnr.dll
0x00007fffcdc40000 - 0x00007fffcdc67000 	C:\WINDOWS\system32\nlansp_c.dll
0x00007fffcd460000 - 0x00007fffcd476000 	C:\WINDOWS\system32\wshbth.dll
0x00007ffffc180000 - 0x00007ffffc18b000 	C:\Windows\System32\rasadhlp.dll
0x00007ffffe450000 - 0x00007ffffe4d6000 	C:\WINDOWS\System32\fwpuclnt.dll
0x00007fffb0850000 - 0x00007fffb0857000 	C:\Program Files\Eclipse Adoptium\jdk-17.0.14.7-hotspot\bin\rmi.dll
0x00007ff8012a0000 - 0x00007ff8012d6000 	C:\WINDOWS\SYSTEM32\ntmarta.dll
0x00007fffaeec0000 - 0x00007fffaeede000 	C:\Users\Moaz\AppData\Local\Temp\native-platform3080243543060811157dir\native-platform.dll

dbghelp: loaded successfully - version: 4.0.5 - missing functions: none
symbol engine: initialized successfully - sym options: 0x614 - pdb path: .;C:\Program Files\Eclipse Adoptium\jdk-17.0.14.7-hotspot\bin;C:\WINDOWS\SYSTEM32;C:\WINDOWS\WinSxS\amd64_microsoft.windows.common-controls_6595b64144ccf1df_6.0.26100.9278_none_3e0d1ba8e3303201;C:\Program Files\Eclipse Adoptium\jdk-17.0.14.7-hotspot\bin\server;C:\Users\Moaz\.gradle\native\c067742578af261105cb4f569cf0c3c89f3d7b1fecec35dd04571415982c5e48\windows-amd64;C:\Users\Moaz\.gradle\native\100fb08df4bc3b14c8652ba06237920a3bd2aa13389f12d3474272988ae205f9\windows-amd64;C:\Users\Moaz\AppData\Local\Temp\native-platform3080243543060811157dir

VM Arguments:
jvm_args: -XX:MaxMetaspaceSize=4G -XX:ReservedCodeCacheSize=512m -XX:+HeapDumpOnOutOfMemoryError --add-opens=java.base/java.util=ALL-UNNAMED --add-opens=java.base/java.lang=ALL-UNNAMED --add-opens=java.base/java.lang.invoke=ALL-UNNAMED --add-opens=java.prefs/java.util.prefs=ALL-UNNAMED --add-exports=jdk.compiler/com.sun.tools.javac.api=ALL-UNNAMED --add-exports=jdk.compiler/com.sun.tools.javac.util=ALL-UNNAMED --add-opens=java.base/java.nio.charset=ALL-UNNAMED --add-opens=java.base/java.net=ALL-UNNAMED --add-opens=java.base/java.util.concurrent.atomic=ALL-UNNAMED -Xmx8G -Dfile.encoding=windows-1252 -Duser.country=US -Duser.language=en -Duser.variant -javaagent:C:\Users\Moaz\.gradle\wrapper\dists\gradle-8.10.2-all\7iv73wktx1xtkvlq19urqw1wm\gradle-8.10.2\lib\agents\gradle-instrumentation-agent-8.10.2.jar 
java_command: org.gradle.launcher.daemon.bootstrap.GradleDaemon 8.10.2
java_class_path (initial): C:\Users\Moaz\.gradle\wrapper\dists\gradle-8.10.2-all\7iv73wktx1xtkvlq19urqw1wm\gradle-8.10.2\lib\gradle-daemon-main-8.10.2.jar
Launcher Type: SUN_STANDARD

[Global flags]
     intx CICompilerCount                          = 12                                        {product} {ergonomic}
     uint ConcGCThreads                            = 3                                         {product} {ergonomic}
     uint G1ConcRefinementThreads                  = 13                                        {product} {ergonomic}
   size_t G1HeapRegionSize                         = 4194304                                   {product} {ergonomic}
    uintx GCDrainStackTargetSize                   = 64                                        {product} {ergonomic}
     bool HeapDumpOnOutOfMemoryError               = true                                   {manageable} {command line}
   size_t InitialHeapSize                          = 264241152                                 {product} {ergonomic}
   size_t MarkStackSize                            = 4194304                                   {product} {ergonomic}
   size_t MaxHeapSize                              = 8589934592                                {product} {command line}
   size_t MaxMetaspaceSize                         = 4294967296                                {product} {command line}
   size_t MaxNewSize                               = 5150605312                                {product} {ergonomic}
   size_t MinHeapDeltaBytes                        = 4194304                                   {product} {ergonomic}
   size_t MinHeapSize                              = 8388608                                   {product} {ergonomic}
    uintx NonNMethodCodeHeapSize                   = 7602480                                {pd product} {ergonomic}
    uintx NonProfiledCodeHeapSize                  = 264634216                              {pd product} {ergonomic}
    uintx ProfiledCodeHeapSize                     = 264634216                              {pd product} {ergonomic}
    uintx ReservedCodeCacheSize                    = 536870912                              {pd product} {command line}
     bool SegmentedCodeCache                       = true                                      {product} {ergonomic}
   size_t SoftMaxHeapSize                          = 8589934592                             {manageable} {ergonomic}
   double SweeperThreshold                         = 0.234375                                  {product} {ergonomic}
     bool UseCompressedClassPointers               = true                           {product lp64_product} {ergonomic}
     bool UseCompressedOops                        = true                           {product lp64_product} {ergonomic}
     bool UseG1GC                                  = true                                      {product} {ergonomic}
     bool UseLargePagesIndividualAllocation        = false                                  {pd product} {ergonomic}

Logging:
Log output configuration:
 #0: stdout all=warning uptime,level,tags
 #1: stderr all=off uptime,level,tags

Environment Variables:
JAVA_HOME=C:\Program Files\Eclipse Adoptium\jdk-17.0.14.7-hotspot
CLASSPATH=M:\physiotherapy\android\\gradle\wrapper\gradle-wrapper.jar
PATH=C:\Program Files\Eclipse Adoptium\jdk-17.0.14.7-hotspot\bin;c:\Users\Moaz\AppData\Roaming\Code\User\globalStorage\github.copilot-chat\debugCommand;c:\Users\Moaz\AppData\Roaming\Code\User\globalStorage\github.copilot-chat\copilotCli;C:\Users\Moaz\flutter\bin\;C:\Program Files\Eclipse Adoptium\jdk-8.0.504.1-hotspot\bin;C:\Program Files\Common Files\Oracle\Java\javapath;C:\Users\Moaz\AppData\Local\Programs\Python\Python39\;C:\Users\Moaz\AppData\Local\Programs\Python\Python39\Scripts\;C:\Program Files\Git\cmd;C:\Program Files\Git\mingw64\bin;C:\Program Files\Git\usr\bin;C:\Windows\System32;C:\Windows\System32\WindowsPowerShell\v1.0\;C:\Program Files\nodejs\;C:\UsersMoaz\AppData\Local\Pub\Cache\bin;c:\Users\Moaz\AppData\Local\Programs\cursor\resources\app\bin;C:\Program Files\Java\jdk-21\bin;C:\Users\Moaz\AppData\Local\Pub\Cache\bin;C:\Program Files\dotnet\;C:\Users\Moaz\AppData\Local\Programs\Python\Python39\Scripts\;C:\Users\Moaz\AppData\Local\Programs\Python\Python39\;C:\Users\Moaz\AppData\Local\Programs\Python\Launcher\;C:\Users\Moaz\AppData\Local\Microsoft\WindowsApps;C:\Users\Moaz\AppData\Local\Programs\Microsoft VS Code\bin;C:\Users\Moaz\AppData\Local\GitHubDesktop\bin;C:\Program Files\MongoDB\Server\8.0\bin;C:\Users\Moaz\flutter\bin;C:\Windows\System32;C:\Users\Moaz\AppData\Roaming\npm;C:\Program Files\JetBrains\IntelliJ IDEA 2024.3.5\bin;;C:\Users\Moaz\AppData\Local\Programs\cursor\resources\app\bin;c:\Users\Moaz\.vscode\extensions\vscjava.vscode-java-debug-0.59.0\bundled\scripts\noConfigScripts;C:\Users\Moaz\flutter\bin\mingit\cmd
USERNAME=Moaz
LANG=en_US.UTF-8
OS=Windows_NT
PROCESSOR_IDENTIFIER=Intel64 Family 6 Model 186 Stepping 2, GenuineIntel
TMP=C:\Users\Moaz\AppData\Local\Temp
TEMP=C:\Users\Moaz\AppData\Local\Temp



Periodic native trim disabled


---------------  S Y S T E M  ---------------

OS:
 Windows 11 , 64 bit Build 26100 (10.0.26100.9444)
OS uptime: 0 days 12:05 hours
Hyper-V role detected

CPU: total 16 (initial active 16) (8 cores per cpu, 2 threads per core) family 6 model 186 stepping 2 microcode 0x4122, cx8, cmov, fxsr, ht, mmx, 3dnowpref, sse, sse2, sse3, ssse3, sse4.1, sse4.2, popcnt, lzcnt, tsc, tscinvbit, avx, avx2, aes, erms, clmul, bmi1, bmi2, adx, sha, fma, vzeroupper, clflush, clflushopt, clwb, hv
Processor Information for all 16 processors :
  Max Mhz: 2400, Current Mhz: 2400, Mhz Limit: 2400

Memory: 4k page, system-wide physical 16010M (494M free)
TotalPageFile size 36106M (AvailPageFile size 10M)
current process WorkingSet (physical memory assigned to process): 2273M, peak: 2308M
current process commit charge ("private bytes"): 3664M, peak: 3673M

vm_info: OpenJDK 64-Bit Server VM (17.0.14+7) for windows-amd64 JRE (17.0.14+7), built on Jan 21 2025 23:40:15 by "admin" with MS VC++ 17.7 (VS2022)

END.
