#
# There is insufficient memory for the Java Runtime Environment to continue.
# Native memory allocation (malloc) failed to allocate 1209936 bytes. Error detail: Chunk::new
# Possible reasons:
#   The system is out of physical RAM or swap space
#   This process is running with CompressedOops enabled, and the Java Heap may be blocking the growth of the native heap
# Possible solutions:
#   Reduce memory load on the system
#   Increase physical memory or swap space
#   Check if swap backing store is full
#   Decrease Java heap size (-Xmx/-Xms)
#   Decrease number of Java threads
#   Decrease Java thread stack sizes (-Xss)
#   Set larger code cache with -XX:ReservedCodeCacheSize=
#   JVM is running with Zero Based Compressed Oops mode in which the Java heap is
#     placed in the first 32GB address space. The Java Heap base address is the
#     maximum limit for the native heap growth. Please use -XX:HeapBaseMinAddress
#     to set the Java Heap base and to place the Java Heap above 32GB virtual address.
# This output file may be truncated or incomplete.
#
#  Out of Memory Error (arena.cpp:191), pid=31012, tid=20160
#
# JRE version: OpenJDK Runtime Environment Temurin-17.0.14+7 (17.0.14+7) (build 17.0.14+7)
# Java VM: OpenJDK 64-Bit Server VM Temurin-17.0.14+7 (17.0.14+7, mixed mode, sharing, tiered, compressed oops, compressed class ptrs, g1 gc, windows-amd64)
# No core dump will be written. Minidumps are not enabled by default on client versions of Windows
#

---------------  S U M M A R Y ------------

Command Line: -XX:MaxMetaspaceSize=1G -XX:ReservedCodeCacheSize=256m -XX:+HeapDumpOnOutOfMemoryError --add-opens=java.base/java.util=ALL-UNNAMED --add-opens=java.base/java.lang=ALL-UNNAMED --add-opens=java.base/java.lang.invoke=ALL-UNNAMED --add-opens=java.prefs/java.util.prefs=ALL-UNNAMED --add-exports=jdk.compiler/com.sun.tools.javac.api=ALL-UNNAMED --add-exports=jdk.compiler/com.sun.tools.javac.util=ALL-UNNAMED --add-opens=java.base/java.nio.charset=ALL-UNNAMED --add-opens=java.base/java.net=ALL-UNNAMED --add-opens=java.base/java.util.concurrent.atomic=ALL-UNNAMED -Xmx4G -Dfile.encoding=windows-1252 -Duser.country=US -Duser.language=en -Duser.variant -javaagent:C:\Users\Moaz\.gradle\wrapper\dists\gradle-8.10.2-all\7iv73wktx1xtkvlq19urqw1wm\gradle-8.10.2\lib\agents\gradle-instrumentation-agent-8.10.2.jar org.gradle.launcher.daemon.bootstrap.GradleDaemon 8.10.2

Host: 13th Gen Intel(R) Core(TM) i7-13620H, 16 cores, 15G,  Windows 11 , 64 bit Build 26100 (10.0.26100.9444)
Time: Sun Sep 13 19:18:45 2026 Egypt Daylight Time elapsed time: 113.833439 seconds (0d 0h 1m 53s)

---------------  T H R E A D  ---------------

Current thread (0x00000278c74444a0):  JavaThread "C2 CompilerThread0" daemon [_thread_in_native, id=20160, stack(0x0000009b2eb00000,0x0000009b2ec00000)]


Current CompileTask:
C2: 113833 36976       4       com.android.tools.r8.graph.G3::b (716 bytes)

Stack: [0x0000009b2eb00000,0x0000009b2ec00000]
Native frames: (J=compiled Java code, j=interpreted, Vv=VM code, C=native code)
V  [jvm.dll+0x682eb9]
V  [jvm.dll+0x8399c8]
V  [jvm.dll+0x83b473]
V  [jvm.dll+0x83bae3]
V  [jvm.dll+0x24715f]
V  [jvm.dll+0xace44]
V  [jvm.dll+0xad4dc]
V  [jvm.dll+0x365b0f]
V  [jvm.dll+0x32fd58]
V  [jvm.dll+0x32f1da]
V  [jvm.dll+0x21814f]
V  [jvm.dll+0x21758f]
V  [jvm.dll+0x1a3150]
V  [jvm.dll+0x22799c]
V  [jvm.dll+0x225afb]
V  [jvm.dll+0x7ef128]
V  [jvm.dll+0x7e948c]
V  [jvm.dll+0x681d97]
C  [ucrtbase.dll+0x2cd30]
C  [KERNEL32.DLL+0x2cd87]
C  [ntdll.dll+0xacaec]


---------------  P R O C E S S  ---------------

Threads class SMR info:
_java_thread_list=0x00000278943f7a60, length=274, elements={
0x00000278a0df36d0, 0x00000278c7420730, 0x00000278c7421200, 0x00000278c743be00,
0x00000278c743e6e0, 0x00000278c743efb0, 0x00000278c74438a0, 0x00000278c74444a0,
0x00000278c7444db0, 0x00000278c7a31f60, 0x00000278c7b38b90, 0x00000278c7c9b640,
0x00000278fdee6610, 0x00000278ff329b90, 0x00000278ff2ef120, 0x00000278ff2df020,
0x00000278ff2df500, 0x00000278ff26c7d0, 0x00000278ff3f9d50, 0x00000278c7caeff0,
0x00000278c7caf500, 0x00000278c7cb1d80, 0x00000278c7cb27a0, 0x00000278c7cafa10,
0x00000278ff3bfdf0, 0x00000278ff3bf8e0, 0x00000278ff3c0300, 0x00000278ff3beec0,
0x00000278ff3bf3d0, 0x00000278ff3bd060, 0x00000278ff3c0d20, 0x00000278ff3bda80,
0x00000278ff3bd570, 0x00000278ff3c1230, 0x00000278ff3be9b0, 0x00000278ff3c3090,
0x00000278ff3c3ab0, 0x00000278ff3c35a0, 0x00000278ff3c3fc0, 0x00000278ff3c44d0,
0x00000278ff3c49e0, 0x00000278c7cb1360, 0x00000278c7cb0430, 0x00000278c7caff20,
0x00000278c7cb1870, 0x00000278869815c0, 0x0000027886980180, 0x000002788697f760,
0x0000027886980ba0, 0x00000278869810b0, 0x000002788697fc70, 0x00000278869824f0,
0x0000027886981fe0, 0x0000027886980690, 0x0000027886982a00, 0x000002788697f250,
0x0000027886983e40, 0x0000027886984d70, 0x0000027886983420, 0x0000027886985790,
0x0000027886985ca0, 0x0000027886984860, 0x00000278869861b0, 0x0000027886985280,
0x0000027886984350, 0x00000278869866c0, 0x0000027886983930, 0x0000027886982f10,
0x0000027886986bd0, 0x00000278fe366670, 0x00000278fe3675a0, 0x00000278fe365c50,
0x00000278fe3689e0, 0x00000278fe3684d0, 0x00000278fe368ef0, 0x00000278fe367ab0,
0x00000278fe366b80, 0x00000278fe367090, 0x00000278fe369400, 0x00000278fe369910,
0x00000278fe36b260, 0x00000278fe36b770, 0x00000278fe36bc80, 0x00000278fe36c190,
0x00000278fe36cbb0, 0x00000278fe36c6a0, 0x00000278fe36a840, 0x00000278fe36d0c0,
0x00000278fe36d5d0, 0x0000027884a10430, 0x0000027884a10940, 0x0000027884a127a0,
0x0000027884a0fa10, 0x0000027884a11870, 0x0000027884a0eff0, 0x0000027884a10e50,
0x0000027884a0ff20, 0x0000027884a11360, 0x0000027884a0f500, 0x0000027884a11d80,
0x0000027884a12290, 0x0000027885d99df0, 0x0000027885d98ec0, 0x0000027885d993d0,
0x0000027885d989b0, 0x0000027885d9a810, 0x0000027885d97060, 0x0000027885d97570,
0x0000027885d9a300, 0x0000027885d97a80, 0x0000027885d998e0, 0x0000027885d97f90,
0x0000027885d984a0, 0x0000027886d4e7a0, 0x0000027886d500f0, 0x0000027886d4fbe0,
0x0000027886d4dd80, 0x0000027886d4ecb0, 0x0000027886d4d870, 0x0000027886d4c940,
0x0000027886d4d360, 0x0000027886d4e290, 0x0000027886d4f1c0, 0x0000027886d4ce50,
0x0000027886d4f6d0, 0x0000027884a079b0, 0x0000027884a09300, 0x0000027884a08df0,
0x0000027884a09810, 0x0000027884a06060, 0x0000027884a07ec0, 0x0000027884a09d20,
0x0000027884a06570, 0x0000027884a06f90, 0x0000027884a0a230, 0x0000027884a06a80,
0x0000027884a0a740, 0x0000027884a0ac50, 0x0000027884a0b670, 0x0000027884a088e0,
0x0000027884a0c090, 0x0000027884a0d9e0, 0x0000027884a0d4d0, 0x0000027885b249d0,
0x0000027885b27c70, 0x0000027885b23fb0, 0x0000027885b244c0, 0x0000027885b25e10,
0x0000027885b295c0, 0x0000027885b29ad0, 0x0000027885b28180, 0x0000027885b290b0,
0x0000027885b27250, 0x0000027885b26830, 0x0000027885b28690, 0x0000027885b2b930,
0x0000027885b28ba0, 0x0000027885b29fe0, 0x0000027885b2a4f0, 0x0000027885b2aa00,
0x0000027885b26d40, 0x0000027885b27760, 0x0000027885b25900, 0x0000027885b24ee0,
0x0000027885b26320, 0x0000027885b2af10, 0x0000027885b2b420, 0x0000027884a0cab0,
0x0000027884a0cfc0, 0x00000278fe063210, 0x00000278fe05ff70, 0x00000278fe0618c0,
0x00000278fe060ea0, 0x00000278fe05fa60, 0x00000278fe063720, 0x00000278fe0622e0,
0x00000278fe063c30, 0x00000278fe061dd0, 0x00000278fe060480, 0x00000278fe060990,
0x00000278fe062d00, 0x00000278fe0627f0, 0x00000278fe0673e0, 0x00000278fe064140,
0x00000278fe066ed0, 0x00000278fe064b60, 0x00000278fe064650, 0x00000278fe0669c0,
0x00000278fe065070, 0x00000278fe065580, 0x000002788562db50, 0x000002788562adc0,
0x0000027885631300, 0x000002788562f9b0, 0x000002788562e570, 0x000002788562ea80,
0x00000278856303d0, 0x00000278856308e0, 0x0000027885632230, 0x0000027885630df0,
0x000002788562f4a0, 0x000002788562fec0, 0x000002788d1d7f40, 0x000002788d1d8450,
0x000002788d1da7c0, 0x000002788d1d9da0, 0x000002788d1d7a30, 0x000002788d1d9890,
0x000002788d1db1e0, 0x000002788d1d8960, 0x000002788d1d8e70, 0x000002788d1da2b0,
0x000002788d1db6f0, 0x000002788d1dacd0, 0x000002788d1dc110, 0x000002788d1dbc00,
0x000002788d1dc620, 0x000002788d1dcb30, 0x000002788d1d9380, 0x000002788d1de480,
0x000002788d1ddf70, 0x000002788d1de990, 0x000002788d1dd040, 0x000002788d1df3b0,
0x000002788d1dd550, 0x000002788e9be810, 0x000002788e9bc4a0, 0x000002788e9bd3d0,
0x000002788e9bbf90, 0x000002788e9bd8e0, 0x000002788e9bed20, 0x000002788e9bb570,
0x000002788e9bc9b0, 0x000002788e9bf230, 0x000002788e9bba80, 0x000002788e9c0b80,
0x000002788e9c0670, 0x0000027887edff40, 0x0000027887ee1380, 0x0000027887ee5a60,
0x0000027887ee6ea0, 0x0000027887ee4620, 0x0000027887ee36f0, 0x0000027887ee5040,
0x0000027887ee4b30, 0x0000027887ee6480, 0x0000027887ee6990, 0x0000027887ee73b0,
0x0000027887ee3c00, 0x0000027887ee78c0, 0x0000027887ee4110, 0x0000027887eeb070,
0x0000027887ee8d00, 0x0000027887eeab60, 0x0000027887ee87f0, 0x0000027887ee7dd0,
0x000002788f142600, 0x000002788f140620, 0x000002788f147b00, 0x0000027886981ad0,
0x0000027885b253f0, 0x000002788562e060, 0x0000027891155b90, 0x00000278911574e0,
0x0000027891154750, 0x00000278911579f0, 0x0000027891156ac0, 0x0000027891154c60,
0x0000027891155680, 0x00000278911560a0, 0x0000027891155170, 0x0000027891158920,
0x000002788752b320, 0x00000278905440b0
}

Java Threads: ( => current thread )
  0x00000278a0df36d0 JavaThread "main" [_thread_blocked, id=30736, stack(0x0000009b2de00000,0x0000009b2df00000)]
  0x00000278c7420730 JavaThread "Reference Handler" daemon [_thread_blocked, id=32480, stack(0x0000009b2e500000,0x0000009b2e600000)]
  0x00000278c7421200 JavaThread "Finalizer" daemon [_thread_blocked, id=29224, stack(0x0000009b2e600000,0x0000009b2e700000)]
  0x00000278c743be00 JavaThread "Signal Dispatcher" daemon [_thread_blocked, id=24148, stack(0x0000009b2e700000,0x0000009b2e800000)]
  0x00000278c743e6e0 JavaThread "Attach Listener" daemon [_thread_blocked, id=33208, stack(0x0000009b2e800000,0x0000009b2e900000)]
  0x00000278c743efb0 JavaThread "Service Thread" daemon [_thread_blocked, id=18688, stack(0x0000009b2e900000,0x0000009b2ea00000)]
  0x00000278c74438a0 JavaThread "Monitor Deflation Thread" daemon [_thread_blocked, id=12348, stack(0x0000009b2ea00000,0x0000009b2eb00000)]
=>0x00000278c74444a0 JavaThread "C2 CompilerThread0" daemon [_thread_in_native, id=20160, stack(0x0000009b2eb00000,0x0000009b2ec00000)]
  0x00000278c7444db0 JavaThread "C1 CompilerThread0" daemon [_thread_blocked, id=37632, stack(0x0000009b2ec00000,0x0000009b2ed00000)]
  0x00000278c7a31f60 JavaThread "Sweeper thread" daemon [_thread_blocked, id=18696, stack(0x0000009b2ed00000,0x0000009b2ee00000)]
  0x00000278c7b38b90 JavaThread "Common-Cleaner" daemon [_thread_blocked, id=31908, stack(0x0000009b2ee00000,0x0000009b2ef00000)]
  0x00000278c7c9b640 JavaThread "Notification Thread" daemon [_thread_blocked, id=34696, stack(0x0000009b2f100000,0x0000009b2f200000)]
  0x00000278fdee6610 JavaThread "Daemon health stats" [_thread_blocked, id=19312, stack(0x0000009b2f500000,0x0000009b2f600000)]
  0x00000278ff329b90 JavaThread "Incoming local TCP Connector on port 62777" [_thread_in_native, id=1928, stack(0x0000009b2fd00000,0x0000009b2fe00000)]
  0x00000278ff2ef120 JavaThread "Daemon periodic checks" [_thread_blocked, id=34144, stack(0x0000009b2fe00000,0x0000009b2ff00000)]
  0x00000278ff2df020 JavaThread "Daemon" [_thread_blocked, id=33068, stack(0x0000009b2ff00000,0x0000009b30000000)]
  0x00000278ff2df500 JavaThread "Handler for socket connection from /127.0.0.1:62777 to /127.0.0.1:62779" [_thread_in_native, id=4724, stack(0x0000009b30000000,0x0000009b30100000)]
  0x00000278ff26c7d0 JavaThread "Cancel handler" [_thread_blocked, id=20836, stack(0x0000009b30100000,0x0000009b30200000)]
  0x00000278ff3f9d50 JavaThread "Daemon worker" [_thread_blocked, id=23916, stack(0x0000009b30200000,0x0000009b30300000)]
  0x00000278c7caeff0 JavaThread "Asynchronous log dispatcher for DefaultDaemonConnection: socket connection from /127.0.0.1:62777 to /127.0.0.1:62779" [_thread_blocked, id=30112, stack(0x0000009b30300000,0x0000009b30400000)]
  0x00000278c7caf500 JavaThread "Stdin handler" [_thread_blocked, id=3720, stack(0x0000009b30400000,0x0000009b30500000)]
  0x00000278c7cb1d80 JavaThread "Daemon client event forwarder" [_thread_blocked, id=29892, stack(0x0000009b30500000,0x0000009b30600000)]
  0x00000278c7cb27a0 JavaThread "Cache worker for journal cache (C:\Users\Moaz\.gradle\caches\journal-1)" [_thread_blocked, id=32152, stack(0x0000009b30600000,0x0000009b30700000)]
  0x00000278c7cafa10 JavaThread "File lock request listener" [_thread_in_native, id=34288, stack(0x0000009b30700000,0x0000009b30800000)]
  0x00000278ff3bfdf0 JavaThread "Cache worker for file hash cache (C:\Users\Moaz\.gradle\caches\8.10.2\fileHashes)" [_thread_blocked, id=33592, stack(0x0000009b2f000000,0x0000009b2f100000)]
  0x00000278ff3bf8e0 JavaThread "File lock release action executor" [_thread_blocked, id=36980, stack(0x0000009b30800000,0x0000009b30900000)]
  0x00000278ff3c0300 JavaThread "Cache worker for file hash cache (M:\physiotherapy\android\.gradle\8.10.2\fileHashes)" [_thread_blocked, id=16100, stack(0x0000009b30b00000,0x0000009b30c00000)]
  0x00000278ff3beec0 JavaThread "Cache worker for Build Output Cleanup Cache (M:\physiotherapy\android\.gradle\buildOutputCleanup)" [_thread_blocked, id=15368, stack(0x0000009b30c00000,0x0000009b30d00000)]
  0x00000278ff3bf3d0 JavaThread "File watcher server" daemon [_thread_in_native, id=7904, stack(0x0000009b31400000,0x0000009b31500000)]
  0x00000278ff3bd060 JavaThread "File watcher consumer" daemon [_thread_blocked, id=31264, stack(0x0000009b31500000,0x0000009b31600000)]
  0x00000278ff3c0d20 JavaThread "Cache worker for checksums cache (M:\physiotherapy\android\.gradle\8.10.2\checksums)" [_thread_blocked, id=13304, stack(0x0000009b31600000,0x0000009b31700000)]
  0x00000278ff3bda80 JavaThread "Cache worker for file content cache (C:\Users\Moaz\.gradle\caches\8.10.2\fileContent)" [_thread_blocked, id=35544, stack(0x0000009b31700000,0x0000009b31800000)]
  0x00000278ff3bd570 JavaThread "Cache worker for cache directory md-rule (C:\Users\Moaz\.gradle\caches\8.10.2\md-rule)" [_thread_blocked, id=21964, stack(0x0000009b31800000,0x0000009b31900000)]
  0x00000278ff3c1230 JavaThread "Cache worker for cache directory md-supplier (C:\Users\Moaz\.gradle\caches\8.10.2\md-supplier)" [_thread_blocked, id=24308, stack(0x0000009b30a00000,0x0000009b30b00000)]
  0x00000278ff3be9b0 JavaThread "Cache worker for Build Output Cleanup Cache (C:\Users\Moaz\flutter\packages\flutter_tools\gradle\.gradle\buildOutputCleanup)" [_thread_blocked, id=9892, stack(0x0000009b31b00000,0x0000009b31c00000)]
  0x00000278ff3c3090 JavaThread "Unconstrained build operations" [_thread_blocked, id=23972, stack(0x0000009b31a00000,0x0000009b31b00000)]
  0x00000278ff3c3ab0 JavaThread "Unconstrained build operations Thread 2" [_thread_blocked, id=22972, stack(0x0000009b31c00000,0x0000009b31d00000)]
  0x00000278ff3c35a0 JavaThread "Unconstrained build operations Thread 3" [_thread_blocked, id=30204, stack(0x0000009b31d00000,0x0000009b31e00000)]
  0x00000278ff3c3fc0 JavaThread "Unconstrained build operations Thread 4" [_thread_blocked, id=15236, stack(0x0000009b31e00000,0x0000009b31f00000)]
  0x00000278ff3c44d0 JavaThread "Unconstrained build operations Thread 5" [_thread_blocked, id=32604, stack(0x0000009b31f00000,0x0000009b32000000)]
  0x00000278ff3c49e0 JavaThread "Unconstrained build operations Thread 6" [_thread_blocked, id=18396, stack(0x0000009b32000000,0x0000009b32100000)]
  0x00000278c7cb1360 JavaThread "Unconstrained build operations Thread 7" [_thread_blocked, id=30848, stack(0x0000009b32100000,0x0000009b32200000)]
  0x00000278c7cb0430 JavaThread "Unconstrained build operations Thread 8" [_thread_blocked, id=19540, stack(0x0000009b32200000,0x0000009b32300000)]
  0x00000278c7caff20 JavaThread "Unconstrained build operations Thread 9" [_thread_blocked, id=30108, stack(0x0000009b32300000,0x0000009b32400000)]
  0x00000278c7cb1870 JavaThread "Unconstrained build operations Thread 10" [_thread_blocked, id=35308, stack(0x0000009b32400000,0x0000009b32500000)]
  0x00000278869815c0 JavaThread "Unconstrained build operations Thread 11" [_thread_blocked, id=30772, stack(0x0000009b32500000,0x0000009b32600000)]
  0x0000027886980180 JavaThread "Unconstrained build operations Thread 12" [_thread_blocked, id=10460, stack(0x0000009b32600000,0x0000009b32700000)]
  0x000002788697f760 JavaThread "Unconstrained build operations Thread 13" [_thread_blocked, id=36160, stack(0x0000009b32700000,0x0000009b32800000)]
  0x0000027886980ba0 JavaThread "Unconstrained build operations Thread 14" [_thread_blocked, id=30852, stack(0x0000009b32800000,0x0000009b32900000)]
  0x00000278869810b0 JavaThread "Unconstrained build operations Thread 15" [_thread_blocked, id=7520, stack(0x0000009b32900000,0x0000009b32a00000)]
  0x000002788697fc70 JavaThread "Unconstrained build operations Thread 16" [_thread_blocked, id=5172, stack(0x0000009b32a00000,0x0000009b32b00000)]
  0x00000278869824f0 JavaThread "Unconstrained build operations Thread 17" [_thread_blocked, id=35412, stack(0x0000009b32b00000,0x0000009b32c00000)]
  0x0000027886981fe0 JavaThread "Unconstrained build operations Thread 18" [_thread_blocked, id=28264, stack(0x0000009b32c00000,0x0000009b32d00000)]
  0x0000027886980690 JavaThread "Unconstrained build operations Thread 19" [_thread_blocked, id=24716, stack(0x0000009b32d00000,0x0000009b32e00000)]
  0x0000027886982a00 JavaThread "Unconstrained build operations Thread 20" [_thread_blocked, id=33220, stack(0x0000009b32e00000,0x0000009b32f00000)]
  0x000002788697f250 JavaThread "Unconstrained build operations Thread 21" [_thread_blocked, id=25428, stack(0x0000009b32f00000,0x0000009b33000000)]
  0x0000027886983e40 JavaThread "Unconstrained build operations Thread 22" [_thread_blocked, id=26360, stack(0x0000009b33000000,0x0000009b33100000)]
  0x0000027886984d70 JavaThread "Unconstrained build operations Thread 23" [_thread_blocked, id=35984, stack(0x0000009b33100000,0x0000009b33200000)]
  0x0000027886983420 JavaThread "Unconstrained build operations Thread 24" [_thread_blocked, id=25684, stack(0x0000009b33200000,0x0000009b33300000)]
  0x0000027886985790 JavaThread "Unconstrained build operations Thread 25" [_thread_blocked, id=28328, stack(0x0000009b33300000,0x0000009b33400000)]
  0x0000027886985ca0 JavaThread "Unconstrained build operations Thread 26" [_thread_blocked, id=844, stack(0x0000009b33400000,0x0000009b33500000)]
  0x0000027886984860 JavaThread "Unconstrained build operations Thread 27" [_thread_blocked, id=18064, stack(0x0000009b33500000,0x0000009b33600000)]
  0x00000278869861b0 JavaThread "Unconstrained build operations Thread 28" [_thread_blocked, id=6028, stack(0x0000009b33600000,0x0000009b33700000)]
  0x0000027886985280 JavaThread "Unconstrained build operations Thread 29" [_thread_blocked, id=34348, stack(0x0000009b33700000,0x0000009b33800000)]
  0x0000027886984350 JavaThread "Unconstrained build operations Thread 30" [_thread_blocked, id=28756, stack(0x0000009b33900000,0x0000009b33a00000)]
  0x00000278869866c0 JavaThread "Unconstrained build operations Thread 31" [_thread_blocked, id=29788, stack(0x0000009b33a00000,0x0000009b33b00000)]
  0x0000027886983930 JavaThread "Unconstrained build operations Thread 32" [_thread_blocked, id=35148, stack(0x0000009b33b00000,0x0000009b33c00000)]
  0x0000027886982f10 JavaThread "Unconstrained build operations Thread 33" [_thread_blocked, id=23960, stack(0x0000009b33c00000,0x0000009b33d00000)]
  0x0000027886986bd0 JavaThread "Unconstrained build operations Thread 34" [_thread_blocked, id=26848, stack(0x0000009b33d00000,0x0000009b33e00000)]
  0x00000278fe366670 JavaThread "Unconstrained build operations Thread 35" [_thread_blocked, id=1388, stack(0x0000009b33e00000,0x0000009b33f00000)]
  0x00000278fe3675a0 JavaThread "Unconstrained build operations Thread 36" [_thread_blocked, id=20428, stack(0x0000009b33f00000,0x0000009b34000000)]
  0x00000278fe365c50 JavaThread "Unconstrained build operations Thread 37" [_thread_blocked, id=30808, stack(0x0000009b34000000,0x0000009b34100000)]
  0x00000278fe3689e0 JavaThread "Unconstrained build operations Thread 38" [_thread_blocked, id=29148, stack(0x0000009b34100000,0x0000009b34200000)]
  0x00000278fe3684d0 JavaThread "Unconstrained build operations Thread 39" [_thread_blocked, id=6980, stack(0x0000009b34200000,0x0000009b34300000)]
  0x00000278fe368ef0 JavaThread "Unconstrained build operations Thread 40" [_thread_blocked, id=37568, stack(0x0000009b34300000,0x0000009b34400000)]
  0x00000278fe367ab0 JavaThread "Unconstrained build operations Thread 41" [_thread_blocked, id=29904, stack(0x0000009b34400000,0x0000009b34500000)]
  0x00000278fe366b80 JavaThread "Unconstrained build operations Thread 42" [_thread_blocked, id=33564, stack(0x0000009b34500000,0x0000009b34600000)]
  0x00000278fe367090 JavaThread "Unconstrained build operations Thread 43" [_thread_blocked, id=37880, stack(0x0000009b34600000,0x0000009b34700000)]
  0x00000278fe369400 JavaThread "Unconstrained build operations Thread 44" [_thread_blocked, id=28584, stack(0x0000009b34700000,0x0000009b34800000)]
  0x00000278fe369910 JavaThread "Unconstrained build operations Thread 45" [_thread_blocked, id=8856, stack(0x0000009b34800000,0x0000009b34900000)]
  0x00000278fe36b260 JavaThread "Memory manager" [_thread_blocked, id=31620, stack(0x0000009b34900000,0x0000009b34a00000)]
  0x00000278fe36b770 JavaThread "build event listener" [_thread_blocked, id=29812, stack(0x0000009b34a00000,0x0000009b34b00000)]
  0x00000278fe36bc80 JavaThread "included builds" [_thread_blocked, id=31000, stack(0x0000009b34d00000,0x0000009b34e00000)]
  0x00000278fe36c190 JavaThread "Execution worker" [_thread_blocked, id=37492, stack(0x0000009b34e00000,0x0000009b34f00000)]
  0x00000278fe36cbb0 JavaThread "Execution worker Thread 2" [_thread_blocked, id=33844, stack(0x0000009b34f00000,0x0000009b35000000)]
  0x00000278fe36c6a0 JavaThread "Execution worker Thread 3" [_thread_blocked, id=3120, stack(0x0000009b35000000,0x0000009b35100000)]
  0x00000278fe36a840 JavaThread "Execution worker Thread 4" [_thread_blocked, id=31332, stack(0x0000009b35100000,0x0000009b35200000)]
  0x00000278fe36d0c0 JavaThread "Execution worker Thread 5" [_thread_blocked, id=6016, stack(0x0000009b35200000,0x0000009b35300000)]
  0x00000278fe36d5d0 JavaThread "Execution worker Thread 6" [_thread_blocked, id=30128, stack(0x0000009b35300000,0x0000009b35400000)]
  0x0000027884a10430 JavaThread "Execution worker Thread 7" [_thread_blocked, id=31088, stack(0x0000009b35400000,0x0000009b35500000)]
  0x0000027884a10940 JavaThread "Execution worker Thread 8" [_thread_blocked, id=1972, stack(0x0000009b35500000,0x0000009b35600000)]
  0x0000027884a127a0 JavaThread "Execution worker Thread 9" [_thread_blocked, id=15516, stack(0x0000009b35600000,0x0000009b35700000)]
  0x0000027884a0fa10 JavaThread "Execution worker Thread 10" [_thread_blocked, id=24592, stack(0x0000009b35700000,0x0000009b35800000)]
  0x0000027884a11870 JavaThread "Execution worker Thread 11" [_thread_blocked, id=33396, stack(0x0000009b35800000,0x0000009b35900000)]
  0x0000027884a0eff0 JavaThread "Execution worker Thread 12" [_thread_blocked, id=36280, stack(0x0000009b35900000,0x0000009b35a00000)]
  0x0000027884a10e50 JavaThread "Execution worker Thread 13" [_thread_blocked, id=33628, stack(0x0000009b35a00000,0x0000009b35b00000)]
  0x0000027884a0ff20 JavaThread "Execution worker Thread 14" [_thread_blocked, id=23964, stack(0x0000009b35b00000,0x0000009b35c00000)]
  0x0000027884a11360 JavaThread "Execution worker Thread 15" [_thread_blocked, id=26768, stack(0x0000009b35c00000,0x0000009b35d00000)]
  0x0000027884a0f500 JavaThread "Cache worker for execution history cache (C:\Users\Moaz\flutter\packages\flutter_tools\gradle\.gradle\8.10.2\executionHistory)" [_thread_blocked, id=30216, stack(0x0000009b35d00000,0x0000009b35e00000)]
  0x0000027884a11d80 JavaThread "Unconstrained build operations Thread 46" [_thread_blocked, id=20344, stack(0x0000009b35e00000,0x0000009b35f00000)]
  0x0000027884a12290 JavaThread "Unconstrained build operations Thread 47" [_thread_blocked, id=34108, stack(0x0000009b35f00000,0x0000009b36000000)]
  0x0000027885d99df0 JavaThread "Unconstrained build operations Thread 48" [_thread_blocked, id=2560, stack(0x0000009b36000000,0x0000009b36100000)]
  0x0000027885d98ec0 JavaThread "Unconstrained build operations Thread 49" [_thread_blocked, id=35580, stack(0x0000009b36100000,0x0000009b36200000)]
  0x0000027885d993d0 JavaThread "Unconstrained build operations Thread 50" [_thread_blocked, id=29744, stack(0x0000009b36200000,0x0000009b36300000)]
  0x0000027885d989b0 JavaThread "Unconstrained build operations Thread 51" [_thread_blocked, id=36100, stack(0x0000009b36300000,0x0000009b36400000)]
  0x0000027885d9a810 JavaThread "Unconstrained build operations Thread 52" [_thread_blocked, id=37612, stack(0x0000009b36400000,0x0000009b36500000)]
  0x0000027885d97060 JavaThread "Unconstrained build operations Thread 53" [_thread_blocked, id=34072, stack(0x0000009b36500000,0x0000009b36600000)]
  0x0000027885d97570 JavaThread "Unconstrained build operations Thread 54" [_thread_blocked, id=10716, stack(0x0000009b36600000,0x0000009b36700000)]
  0x0000027885d9a300 JavaThread "Unconstrained build operations Thread 55" [_thread_blocked, id=28884, stack(0x0000009b36700000,0x0000009b36800000)]
  0x0000027885d97a80 JavaThread "Unconstrained build operations Thread 56" [_thread_blocked, id=15264, stack(0x0000009b36800000,0x0000009b36900000)]
  0x0000027885d998e0 JavaThread "Unconstrained build operations Thread 57" [_thread_blocked, id=34372, stack(0x0000009b36900000,0x0000009b36a00000)]
  0x0000027885d97f90 JavaThread "Unconstrained build operations Thread 58" [_thread_blocked, id=28668, stack(0x0000009b36a00000,0x0000009b36b00000)]
  0x0000027885d984a0 JavaThread "Unconstrained build operations Thread 59" [_thread_blocked, id=35368, stack(0x0000009b36b00000,0x0000009b36c00000)]
  0x0000027886d4e7a0 JavaThread "Unconstrained build operations Thread 60" [_thread_blocked, id=35516, stack(0x0000009b36c00000,0x0000009b36d00000)]
  0x0000027886d500f0 JavaThread "Unconstrained build operations Thread 61" [_thread_blocked, id=7916, stack(0x0000009b36d00000,0x0000009b36e00000)]
  0x0000027886d4fbe0 JavaThread "Unconstrained build operations Thread 62" [_thread_blocked, id=35780, stack(0x0000009b36e00000,0x0000009b36f00000)]
  0x0000027886d4dd80 JavaThread "Unconstrained build operations Thread 63" [_thread_blocked, id=31920, stack(0x0000009b36f00000,0x0000009b37000000)]
  0x0000027886d4ecb0 JavaThread "Unconstrained build operations Thread 64" [_thread_blocked, id=37640, stack(0x0000009b37000000,0x0000009b37100000)]
  0x0000027886d4d870 JavaThread "Unconstrained build operations Thread 65" [_thread_blocked, id=16616, stack(0x0000009b37100000,0x0000009b37200000)]
  0x0000027886d4c940 JavaThread "Unconstrained build operations Thread 66" [_thread_blocked, id=33328, stack(0x0000009b37200000,0x0000009b37300000)]
  0x0000027886d4d360 JavaThread "Unconstrained build operations Thread 67" [_thread_blocked, id=6520, stack(0x0000009b37300000,0x0000009b37400000)]
  0x0000027886d4e290 JavaThread "Unconstrained build operations Thread 68" [_thread_blocked, id=27048, stack(0x0000009b37400000,0x0000009b37500000)]
  0x0000027886d4f1c0 JavaThread "Unconstrained build operations Thread 69" [_thread_blocked, id=36228, stack(0x0000009b37500000,0x0000009b37600000)]
  0x0000027886d4ce50 JavaThread "Unconstrained build operations Thread 70" [_thread_blocked, id=2908, stack(0x0000009b37600000,0x0000009b37700000)]
  0x0000027886d4f6d0 JavaThread "Unconstrained build operations Thread 71" [_thread_blocked, id=19552, stack(0x0000009b37700000,0x0000009b37800000)]
  0x0000027884a079b0 JavaThread "Unconstrained build operations Thread 72" [_thread_blocked, id=36456, stack(0x0000009b37800000,0x0000009b37900000)]
  0x0000027884a09300 JavaThread "Unconstrained build operations Thread 73" [_thread_blocked, id=34156, stack(0x0000009b37900000,0x0000009b37a00000)]
  0x0000027884a08df0 JavaThread "Unconstrained build operations Thread 74" [_thread_blocked, id=31664, stack(0x0000009b37b00000,0x0000009b37c00000)]
  0x0000027884a09810 JavaThread "Unconstrained build operations Thread 75" [_thread_blocked, id=35700, stack(0x0000009b37c00000,0x0000009b37d00000)]
  0x0000027884a06060 JavaThread "Unconstrained build operations Thread 76" [_thread_blocked, id=31832, stack(0x0000009b37d00000,0x0000009b37e00000)]
  0x0000027884a07ec0 JavaThread "Unconstrained build operations Thread 77" [_thread_blocked, id=22016, stack(0x0000009b37e00000,0x0000009b37f00000)]
  0x0000027884a09d20 JavaThread "Unconstrained build operations Thread 78" [_thread_blocked, id=20560, stack(0x0000009b37f00000,0x0000009b38000000)]
  0x0000027884a06570 JavaThread "Unconstrained build operations Thread 79" [_thread_blocked, id=35016, stack(0x0000009b38000000,0x0000009b38100000)]
  0x0000027884a06f90 JavaThread "Unconstrained build operations Thread 80" [_thread_blocked, id=28724, stack(0x0000009b38100000,0x0000009b38200000)]
  0x0000027884a0a230 JavaThread "Unconstrained build operations Thread 81" [_thread_blocked, id=35344, stack(0x0000009b38200000,0x0000009b38300000)]
  0x0000027884a06a80 JavaThread "Unconstrained build operations Thread 82" [_thread_blocked, id=32212, stack(0x0000009b38300000,0x0000009b38400000)]
  0x0000027884a0a740 JavaThread "Unconstrained build operations Thread 83" [_thread_blocked, id=25328, stack(0x0000009b38400000,0x0000009b38500000)]
  0x0000027884a0ac50 JavaThread "Unconstrained build operations Thread 84" [_thread_blocked, id=31604, stack(0x0000009b38500000,0x0000009b38600000)]
  0x0000027884a0b670 JavaThread "WorkerExecutor Queue" [_thread_blocked, id=27620, stack(0x0000009b37a00000,0x0000009b37b00000)]
  0x0000027884a088e0 JavaThread "RMI Scheduler(0)" daemon [_thread_blocked, id=27616, stack(0x0000009b38600000,0x0000009b38700000)]
  0x0000027884a0c090 JavaThread "RMI TCP Accept-0" daemon [_thread_in_native, id=34160, stack(0x0000009b38900000,0x0000009b38a00000)]
  0x0000027884a0d9e0 JavaThread "RMI TCP Connection(idle)" daemon [_thread_blocked, id=24160, stack(0x0000009b38b00000,0x0000009b38c00000)]
  0x0000027884a0d4d0 JavaThread "Exec process" [_thread_in_native, id=35808, stack(0x0000009b38c00000,0x0000009b38d00000)]
  0x0000027885b249d0 JavaThread "Exec process Thread 3" [_thread_in_native, id=17232, stack(0x0000009b38f00000,0x0000009b39000000)]
  0x0000027885b27c70 JavaThread "Exec process Thread 4" [_thread_in_native, id=13360, stack(0x0000009b39000000,0x0000009b39100000)]
  0x0000027885b23fb0 JavaThread "Unconstrained build operations Thread 85" [_thread_blocked, id=36396, stack(0x0000009b39500000,0x0000009b39600000)]
  0x0000027885b244c0 JavaThread "Unconstrained build operations Thread 86" [_thread_blocked, id=20872, stack(0x0000009b39600000,0x0000009b39700000)]
  0x0000027885b25e10 JavaThread "Unconstrained build operations Thread 87" [_thread_blocked, id=4376, stack(0x0000009b39700000,0x0000009b39800000)]
  0x0000027885b295c0 JavaThread "Unconstrained build operations Thread 88" [_thread_blocked, id=35240, stack(0x0000009b39800000,0x0000009b39900000)]
  0x0000027885b29ad0 JavaThread "Unconstrained build operations Thread 89" [_thread_blocked, id=32108, stack(0x0000009b39900000,0x0000009b39a00000)]
  0x0000027885b28180 JavaThread "Unconstrained build operations Thread 90" [_thread_blocked, id=30704, stack(0x0000009b39a00000,0x0000009b39b00000)]
  0x0000027885b290b0 JavaThread "Unconstrained build operations Thread 91" [_thread_blocked, id=31052, stack(0x0000009b39b00000,0x0000009b39c00000)]
  0x0000027885b27250 JavaThread "Unconstrained build operations Thread 92" [_thread_blocked, id=32504, stack(0x0000009b39c00000,0x0000009b39d00000)]
  0x0000027885b26830 JavaThread "Unconstrained build operations Thread 93" [_thread_blocked, id=23212, stack(0x0000009b39d00000,0x0000009b39e00000)]
  0x0000027885b28690 JavaThread "Unconstrained build operations Thread 94" [_thread_blocked, id=37620, stack(0x0000009b39e00000,0x0000009b39f00000)]
  0x0000027885b2b930 JavaThread "Unconstrained build operations Thread 95" [_thread_blocked, id=35744, stack(0x0000009b39f00000,0x0000009b3a000000)]
  0x0000027885b28ba0 JavaThread "Unconstrained build operations Thread 96" [_thread_blocked, id=11048, stack(0x0000009b3a000000,0x0000009b3a100000)]
  0x0000027885b29fe0 JavaThread "Unconstrained build operations Thread 97" [_thread_blocked, id=31020, stack(0x0000009b3a100000,0x0000009b3a200000)]
  0x0000027885b2a4f0 JavaThread "Unconstrained build operations Thread 98" [_thread_blocked, id=2544, stack(0x0000009b3a200000,0x0000009b3a300000)]
  0x0000027885b2aa00 JavaThread "Unconstrained build operations Thread 99" [_thread_blocked, id=25144, stack(0x0000009b3a300000,0x0000009b3a400000)]
  0x0000027885b26d40 JavaThread "Unconstrained build operations Thread 100" [_thread_blocked, id=36964, stack(0x0000009b34b00000,0x0000009b34c00000)]
  0x0000027885b27760 JavaThread "Unconstrained build operations Thread 101" [_thread_blocked, id=37872, stack(0x0000009b34c00000,0x0000009b34d00000)]
  0x0000027885b25900 JavaThread "Unconstrained build operations Thread 102" [_thread_blocked, id=13808, stack(0x0000009b38d00000,0x0000009b38e00000)]
  0x0000027885b24ee0 JavaThread "Unconstrained build operations Thread 103" [_thread_blocked, id=14392, stack(0x0000009b39100000,0x0000009b39200000)]
  0x0000027885b26320 JavaThread "Unconstrained build operations Thread 104" [_thread_blocked, id=33856, stack(0x0000009b39200000,0x0000009b39300000)]
  0x0000027885b2af10 JavaThread "Unconstrained build operations Thread 105" [_thread_blocked, id=10676, stack(0x0000009b39400000,0x0000009b39500000)]
  0x0000027885b2b420 JavaThread "Unconstrained build operations Thread 106" [_thread_blocked, id=18348, stack(0x0000009b3a400000,0x0000009b3a500000)]
  0x0000027884a0cab0 JavaThread "Unconstrained build operations Thread 107" [_thread_blocked, id=30944, stack(0x0000009b3a500000,0x0000009b3a600000)]
  0x0000027884a0cfc0 JavaThread "Unconstrained build operations Thread 108" [_thread_blocked, id=20408, stack(0x0000009b3a600000,0x0000009b3a700000)]
  0x00000278fe063210 JavaThread "Unconstrained build operations Thread 109" [_thread_blocked, id=35420, stack(0x0000009b3a700000,0x0000009b3a800000)]
  0x00000278fe05ff70 JavaThread "Unconstrained build operations Thread 110" [_thread_blocked, id=36192, stack(0x0000009b3a800000,0x0000009b3a900000)]
  0x00000278fe0618c0 JavaThread "Unconstrained build operations Thread 111" [_thread_blocked, id=21860, stack(0x0000009b3a900000,0x0000009b3aa00000)]
  0x00000278fe060ea0 JavaThread "Unconstrained build operations Thread 112" [_thread_blocked, id=34764, stack(0x0000009b3aa00000,0x0000009b3ab00000)]
  0x00000278fe05fa60 JavaThread "Unconstrained build operations Thread 113" [_thread_blocked, id=33800, stack(0x0000009b3ab00000,0x0000009b3ac00000)]
  0x00000278fe063720 JavaThread "Unconstrained build operations Thread 114" [_thread_blocked, id=34660, stack(0x0000009b3ac00000,0x0000009b3ad00000)]
  0x00000278fe0622e0 JavaThread "Unconstrained build operations Thread 115" [_thread_blocked, id=17124, stack(0x0000009b33800000,0x0000009b33900000)]
  0x00000278fe063c30 JavaThread "Unconstrained build operations Thread 116" [_thread_blocked, id=4944, stack(0x0000009b38700000,0x0000009b38800000)]
  0x00000278fe061dd0 JavaThread "Unconstrained build operations Thread 117" [_thread_blocked, id=9328, stack(0x0000009b3ae00000,0x0000009b3af00000)]
  0x00000278fe060480 JavaThread "Unconstrained build operations Thread 118" [_thread_blocked, id=33252, stack(0x0000009b3af00000,0x0000009b3b000000)]
  0x00000278fe060990 JavaThread "Unconstrained build operations Thread 119" [_thread_blocked, id=31632, stack(0x0000009b3b000000,0x0000009b3b100000)]
  0x00000278fe062d00 JavaThread "Unconstrained build operations Thread 120" [_thread_blocked, id=29252, stack(0x0000009b3b100000,0x0000009b3b200000)]
  0x00000278fe0627f0 JavaThread "Unconstrained build operations Thread 121" [_thread_blocked, id=35588, stack(0x0000009b3b200000,0x0000009b3b300000)]
  0x00000278fe0673e0 JavaThread "Unconstrained build operations Thread 122" [_thread_blocked, id=34632, stack(0x0000009b3b300000,0x0000009b3b400000)]
  0x00000278fe064140 JavaThread "Unconstrained build operations Thread 123" [_thread_blocked, id=9172, stack(0x0000009b3b400000,0x0000009b3b500000)]
  0x00000278fe066ed0 JavaThread "Unconstrained build operations Thread 124" [_thread_blocked, id=26680, stack(0x0000009b3b500000,0x0000009b3b600000)]
  0x00000278fe064b60 JavaThread "Unconstrained build operations Thread 125" [_thread_blocked, id=34196, stack(0x0000009b3b600000,0x0000009b3b700000)]
  0x00000278fe064650 JavaThread "Unconstrained build operations Thread 126" [_thread_blocked, id=27460, stack(0x0000009b3b700000,0x0000009b3b800000)]
  0x00000278fe0669c0 JavaThread "Unconstrained build operations Thread 127" [_thread_blocked, id=34552, stack(0x0000009b3b800000,0x0000009b3b900000)]
  0x00000278fe065070 JavaThread "Unconstrained build operations Thread 128" [_thread_blocked, id=20892, stack(0x0000009b3b900000,0x0000009b3ba00000)]
  0x00000278fe065580 JavaThread "Unconstrained build operations Thread 129" [_thread_blocked, id=18544, stack(0x0000009b3ba00000,0x0000009b3bb00000)]
  0x000002788562db50 JavaThread "jar transforms" [_thread_blocked, id=11568, stack(0x0000009b39300000,0x0000009b39400000)]
  0x000002788562adc0 JavaThread "jar transforms Thread 2" [_thread_blocked, id=23948, stack(0x0000009b2fc00000,0x0000009b2fd00000)]
  0x0000027885631300 JavaThread "jar transforms Thread 3" [_thread_blocked, id=25860, stack(0x0000009b3bd00000,0x0000009b3be00000)]
  0x000002788562f9b0 JavaThread "jar transforms Thread 4" [_thread_blocked, id=26356, stack(0x0000009b3be00000,0x0000009b3bf00000)]
  0x000002788562e570 JavaThread "Unconstrained build operations Thread 130" [_thread_blocked, id=35716, stack(0x0000009b3c000000,0x0000009b3c100000)]
  0x000002788562ea80 JavaThread "Unconstrained build operations Thread 131" [_thread_blocked, id=28752, stack(0x0000009b3c100000,0x0000009b3c200000)]
  0x00000278856303d0 JavaThread "Unconstrained build operations Thread 132" [_thread_blocked, id=26388, stack(0x0000009b3c200000,0x0000009b3c300000)]
  0x00000278856308e0 JavaThread "Unconstrained build operations Thread 133" [_thread_blocked, id=37576, stack(0x0000009b3c300000,0x0000009b3c400000)]
  0x0000027885632230 JavaThread "Unconstrained build operations Thread 134" [_thread_blocked, id=27344, stack(0x0000009b3c400000,0x0000009b3c500000)]
  0x0000027885630df0 JavaThread "Unconstrained build operations Thread 135" [_thread_blocked, id=35636, stack(0x0000009b3c500000,0x0000009b3c600000)]
  0x000002788562f4a0 JavaThread "Unconstrained build operations Thread 136" [_thread_blocked, id=18964, stack(0x0000009b3c600000,0x0000009b3c700000)]
  0x000002788562fec0 JavaThread "Unconstrained build operations Thread 137" [_thread_blocked, id=31168, stack(0x0000009b3c700000,0x0000009b3c800000)]
  0x000002788d1d7f40 JavaThread "Unconstrained build operations Thread 138" [_thread_blocked, id=32372, stack(0x0000009b3c800000,0x0000009b3c900000)]
  0x000002788d1d8450 JavaThread "Unconstrained build operations Thread 139" [_thread_blocked, id=36024, stack(0x0000009b3c900000,0x0000009b3ca00000)]
  0x000002788d1da7c0 JavaThread "Unconstrained build operations Thread 140" [_thread_blocked, id=33148, stack(0x0000009b3ca00000,0x0000009b3cb00000)]
  0x000002788d1d9da0 JavaThread "Unconstrained build operations Thread 141" [_thread_blocked, id=27708, stack(0x0000009b3cb00000,0x0000009b3cc00000)]
  0x000002788d1d7a30 JavaThread "Unconstrained build operations Thread 142" [_thread_blocked, id=14544, stack(0x0000009b3cc00000,0x0000009b3cd00000)]
  0x000002788d1d9890 JavaThread "Unconstrained build operations Thread 143" [_thread_blocked, id=37560, stack(0x0000009b3cd00000,0x0000009b3ce00000)]
  0x000002788d1db1e0 JavaThread "Unconstrained build operations Thread 144" [_thread_blocked, id=35188, stack(0x0000009b3ce00000,0x0000009b3cf00000)]
  0x000002788d1d8960 JavaThread "Unconstrained build operations Thread 145" [_thread_blocked, id=21916, stack(0x0000009b3cf00000,0x0000009b3d000000)]
  0x000002788d1d8e70 JavaThread "Unconstrained build operations Thread 146" [_thread_blocked, id=13300, stack(0x0000009b3d000000,0x0000009b3d100000)]
  0x000002788d1da2b0 JavaThread "Unconstrained build operations Thread 147" [_thread_blocked, id=21940, stack(0x0000009b3d100000,0x0000009b3d200000)]
  0x000002788d1db6f0 JavaThread "Unconstrained build operations Thread 148" [_thread_blocked, id=25140, stack(0x0000009b3d200000,0x0000009b3d300000)]
  0x000002788d1dacd0 JavaThread "Unconstrained build operations Thread 149" [_thread_blocked, id=12952, stack(0x0000009b3d300000,0x0000009b3d400000)]
  0x000002788d1dc110 JavaThread "Unconstrained build operations Thread 150" [_thread_blocked, id=34908, stack(0x0000009b3d400000,0x0000009b3d500000)]
  0x000002788d1dbc00 JavaThread "Unconstrained build operations Thread 151" [_thread_blocked, id=14936, stack(0x0000009b3d500000,0x0000009b3d600000)]
  0x000002788d1dc620 JavaThread "Unconstrained build operations Thread 152" [_thread_blocked, id=25768, stack(0x0000009b3d600000,0x0000009b3d700000)]
  0x000002788d1dcb30 JavaThread "Unconstrained build operations Thread 153" [_thread_blocked, id=1896, stack(0x0000009b3d700000,0x0000009b3d800000)]
  0x000002788d1d9380 JavaThread "Unconstrained build operations Thread 154" [_thread_blocked, id=11748, stack(0x0000009b3d800000,0x0000009b3d900000)]
  0x000002788d1de480 JavaThread "Unconstrained build operations Thread 155" [_thread_blocked, id=25688, stack(0x0000009b3d900000,0x0000009b3da00000)]
  0x000002788d1ddf70 JavaThread "Unconstrained build operations Thread 156" [_thread_blocked, id=36208, stack(0x0000009b3dc00000,0x0000009b3dd00000)]
  0x000002788d1de990 JavaThread "Unconstrained build operations Thread 157" [_thread_blocked, id=12460, stack(0x0000009b3dd00000,0x0000009b3de00000)]
  0x000002788d1dd040 JavaThread "Unconstrained build operations Thread 158" [_thread_blocked, id=27396, stack(0x0000009b3de00000,0x0000009b3df00000)]
  0x000002788d1df3b0 JavaThread "Unconstrained build operations Thread 159" [_thread_blocked, id=37564, stack(0x0000009b3df00000,0x0000009b3e000000)]
  0x000002788d1dd550 JavaThread "Unconstrained build operations Thread 160" [_thread_blocked, id=9968, stack(0x0000009b3e000000,0x0000009b3e100000)]
  0x000002788e9be810 JavaThread "jar transforms Thread 5" [_thread_blocked, id=8380, stack(0x0000009b2dc00000,0x0000009b2dd00000)]
  0x000002788e9bc4a0 JavaThread "jar transforms Thread 6" [_thread_blocked, id=36008, stack(0x0000009b2dd00000,0x0000009b2de00000)]
  0x000002788e9bd3d0 JavaThread "jar transforms Thread 7" [_thread_blocked, id=20404, stack(0x0000009b3bb00000,0x0000009b3bc00000)]
  0x000002788e9bbf90 JavaThread "jar transforms Thread 8" [_thread_blocked, id=34728, stack(0x0000009b3e100000,0x0000009b3e200000)]
  0x000002788e9bd8e0 JavaThread "jar transforms Thread 9" [_thread_blocked, id=3552, stack(0x0000009b3e200000,0x0000009b3e300000)]
  0x000002788e9bed20 JavaThread "jar transforms Thread 10" [_thread_blocked, id=22380, stack(0x0000009b3e300000,0x0000009b3e400000)]
  0x000002788e9bb570 JavaThread "jar transforms Thread 11" [_thread_blocked, id=35236, stack(0x0000009b3e400000,0x0000009b3e500000)]
  0x000002788e9bc9b0 JavaThread "jar transforms Thread 12" [_thread_blocked, id=13020, stack(0x0000009b3e500000,0x0000009b3e600000)]
  0x000002788e9bf230 JavaThread "jar transforms Thread 13" [_thread_blocked, id=2340, stack(0x0000009b3e600000,0x0000009b3e700000)]
  0x000002788e9bba80 JavaThread "jar transforms Thread 14" [_thread_blocked, id=35952, stack(0x0000009b3e700000,0x0000009b3e800000)]
  0x000002788e9c0b80 JavaThread "jar transforms Thread 15" [_thread_blocked, id=28548, stack(0x0000009b3e800000,0x0000009b3e900000)]
  0x000002788e9c0670 JavaThread "jar transforms Thread 16" [_thread_blocked, id=31312, stack(0x0000009b3e900000,0x0000009b3ea00000)]
  0x0000027887edff40 JavaThread "Cache worker for execution history cache (M:\physiotherapy\android\.gradle\8.10.2\executionHistory)" [_thread_blocked, id=25664, stack(0x0000009b3eb00000,0x0000009b3ec00000)]
  0x0000027887ee1380 JavaThread "WorkerExecutor Queue Thread 2" [_thread_blocked, id=36540, stack(0x0000009b3ec00000,0x0000009b3ed00000)]
  0x0000027887ee5a60 JavaThread "Cache worker for Java compile cache (C:\Users\Moaz\.gradle\caches\8.10.2\javaCompile)" [_thread_blocked, id=25300, stack(0x0000009b2db00000,0x0000009b2dc00000)]
  0x0000027887ee6ea0 JavaThread "Build operations" [_thread_blocked, id=32292, stack(0x0000009b3ea00000,0x0000009b3eb00000)]
  0x0000027887ee4620 JavaThread "Build operations Thread 2" [_thread_blocked, id=22192, stack(0x0000009b3ed00000,0x0000009b3ee00000)]
  0x0000027887ee36f0 JavaThread "Build operations Thread 3" [_thread_blocked, id=26920, stack(0x0000009b3ee00000,0x0000009b3ef00000)]
  0x0000027887ee5040 JavaThread "Build operations Thread 4" [_thread_blocked, id=12204, stack(0x0000009b3ef00000,0x0000009b3f000000)]
  0x0000027887ee4b30 JavaThread "Build operations Thread 5" [_thread_blocked, id=30264, stack(0x0000009b3f000000,0x0000009b3f100000)]
  0x0000027887ee6480 JavaThread "Build operations Thread 6" [_thread_blocked, id=15460, stack(0x0000009b3f100000,0x0000009b3f200000)]
  0x0000027887ee6990 JavaThread "Build operations Thread 7" [_thread_blocked, id=36664, stack(0x0000009b3f200000,0x0000009b3f300000)]
  0x0000027887ee73b0 JavaThread "Build operations Thread 8" [_thread_blocked, id=36660, stack(0x0000009b3f300000,0x0000009b3f400000)]
  0x0000027887ee3c00 JavaThread "Build operations Thread 9" [_thread_blocked, id=26192, stack(0x0000009b3f400000,0x0000009b3f500000)]
  0x0000027887ee78c0 JavaThread "Build operations Thread 10" [_thread_blocked, id=1364, stack(0x0000009b3f500000,0x0000009b3f600000)]
  0x0000027887ee4110 JavaThread "Build operations Thread 11" [_thread_blocked, id=31400, stack(0x0000009b3f600000,0x0000009b3f700000)]
  0x0000027887eeb070 JavaThread "Build operations Thread 12" [_thread_blocked, id=7160, stack(0x0000009b3f700000,0x0000009b3f800000)]
  0x0000027887ee8d00 JavaThread "Build operations Thread 13" [_thread_blocked, id=28848, stack(0x0000009b3f800000,0x0000009b3f900000)]
  0x0000027887eeab60 JavaThread "Build operations Thread 14" [_thread_blocked, id=20588, stack(0x0000009b3f900000,0x0000009b3fa00000)]
  0x0000027887ee87f0 JavaThread "Build operations Thread 15" [_thread_blocked, id=31800, stack(0x0000009b3fa00000,0x0000009b3fb00000)]
  0x0000027887ee7dd0 JavaThread "WorkerExecutor Queue Thread 3" [_thread_blocked, id=22072, stack(0x0000009b30900000,0x0000009b30a00000)]
  0x000002788f142600 JavaThread "C1 CompilerThread1" daemon [_thread_blocked, id=37608, stack(0x0000009b3ad00000,0x0000009b3ae00000)]
  0x000002788f140620 JavaThread "C1 CompilerThread2" daemon [_thread_blocked, id=10264, stack(0x0000009b3bc00000,0x0000009b3bd00000)]
  0x000002788f147b00 JavaThread "C1 CompilerThread3" daemon [_thread_blocked, id=34852, stack(0x0000009b3bf00000,0x0000009b3c000000)]
  0x0000027886981ad0 JavaThread "WorkerExecutor Queue Thread 4" [_thread_blocked, id=31056, stack(0x0000009b38a00000,0x0000009b38b00000)]
  0x0000027885b253f0 JavaThread "WorkerExecutor Queue Thread 5" [_thread_blocked, id=37524, stack(0x0000009b38e00000,0x0000009b38f00000)]
  0x000002788562e060 JavaThread "WorkerExecutor Queue Thread 6" [_thread_blocked, id=11012, stack(0x0000009b3fc00000,0x0000009b3fd00000)]
  0x0000027891155b90 JavaThread "WorkerExecutor Queue Thread 7" [_thread_blocked, id=34100, stack(0x0000009b3fd00000,0x0000009b3fe00000)]
  0x00000278911574e0 JavaThread "WorkerExecutor Queue Thread 8" [_thread_blocked, id=35396, stack(0x0000009b3fe00000,0x0000009b3ff00000)]
  0x0000027891154750 JavaThread "WorkerExecutor Queue Thread 9" [_thread_blocked, id=22104, stack(0x0000009b3ff00000,0x0000009b40000000)]
  0x00000278911579f0 JavaThread "WorkerExecutor Queue Thread 10" [_thread_blocked, id=26424, stack(0x0000009b40000000,0x0000009b40100000)]
  0x0000027891156ac0 JavaThread "WorkerExecutor Queue Thread 11" [_thread_blocked, id=25052, stack(0x0000009b40100000,0x0000009b40200000)]
  0x0000027891154c60 JavaThread "WorkerExecutor Queue Thread 12" [_thread_blocked, id=34240, stack(0x0000009b40200000,0x0000009b40300000)]
  0x0000027891155680 JavaThread "WorkerExecutor Queue Thread 13" [_thread_blocked, id=29684, stack(0x0000009b40300000,0x0000009b40400000)]
  0x00000278911560a0 JavaThread "WorkerExecutor Queue Thread 14" [_thread_blocked, id=15596, stack(0x0000009b40400000,0x0000009b40500000)]
  0x0000027891155170 JavaThread "WorkerExecutor Queue Thread 15" [_thread_blocked, id=26876, stack(0x0000009b40500000,0x0000009b40600000)]
  0x0000027891158920 JavaThread "WorkerExecutor Queue Thread 16" [_thread_blocked, id=16448, stack(0x0000009b40600000,0x0000009b40700000)]
  0x000002788752b320 JavaThread "WorkerExecutor Queue Thread 17" [_thread_blocked, id=31708, stack(0x0000009b38800000,0x0000009b38900000)]
  0x00000278905440b0 JavaThread "C2 CompilerThread1" daemon [_thread_in_native, id=35428, stack(0x0000009b3fb00000,0x0000009b3fc00000)]

Other Threads:
  0x00000278c741af20 VMThread "VM Thread" [stack: 0x0000009b2e400000,0x0000009b2e500000] [id=16476]
  0x00000278c7c5ea10 WatcherThread [stack: 0x0000009b2f200000,0x0000009b2f300000] [id=36312]
  0x00000278a0e62030 GCTaskThread "GC Thread#0" [stack: 0x0000009b2df00000,0x0000009b2e000000] [id=2596]
  0x00000278fd00a080 GCTaskThread "GC Thread#1" [stack: 0x0000009b2f600000,0x0000009b2f700000] [id=19572]
  0x00000278fd3543b0 GCTaskThread "GC Thread#2" [stack: 0x0000009b2f700000,0x0000009b2f800000] [id=28648]
  0x00000278fd508b80 GCTaskThread "GC Thread#3" [stack: 0x0000009b2f800000,0x0000009b2f900000] [id=2700]
  0x00000278fd508e40 GCTaskThread "GC Thread#4" [stack: 0x0000009b2f900000,0x0000009b2fa00000] [id=33840]
  0x00000278fd509100 GCTaskThread "GC Thread#5" [stack: 0x0000009b2fa00000,0x0000009b2fb00000] [id=6120]
  0x00000278fedc99f0 GCTaskThread "GC Thread#6" [stack: 0x0000009b2f300000,0x0000009b2f400000] [id=35416]
  0x00000278fedc9cb0 GCTaskThread "GC Thread#7" [stack: 0x0000009b2f400000,0x0000009b2f500000] [id=30428]
  0x00000278ff67d940 GCTaskThread "GC Thread#8" [stack: 0x0000009b30d00000,0x0000009b30e00000] [id=22196]
  0x00000278ff67dc00 GCTaskThread "GC Thread#9" [stack: 0x0000009b30e00000,0x0000009b30f00000] [id=32188]
  0x00000278ff67d680 GCTaskThread "GC Thread#10" [stack: 0x0000009b30f00000,0x0000009b31000000] [id=19020]
  0x00000278ff67dec0 GCTaskThread "GC Thread#11" [stack: 0x0000009b31000000,0x0000009b31100000] [id=36820]
  0x00000278ff67c8c0 GCTaskThread "GC Thread#12" [stack: 0x0000009b31100000,0x0000009b31200000] [id=22940]
  0x00000278a0e74170 ConcurrentGCThread "G1 Main Marker" [stack: 0x0000009b2e000000,0x0000009b2e100000] [id=35180]
  0x00000278a0e75950 ConcurrentGCThread "G1 Conc#0" [stack: 0x0000009b2e100000,0x0000009b2e200000] [id=36912]
  0x0000027885bccb60 ConcurrentGCThread "G1 Conc#1" [stack: 0x0000009b31200000,0x0000009b31300000] [id=26708]
  0x0000027885bcc320 ConcurrentGCThread "G1 Conc#2" [stack: 0x0000009b31300000,0x0000009b31400000] [id=34080]
  0x00000278c7358870 ConcurrentGCThread "G1 Refine#0" [stack: 0x0000009b2e200000,0x0000009b2e300000] [id=3248]
  0x00000278857d4f30 ConcurrentGCThread "G1 Refine#1" [stack: 0x0000009b31900000,0x0000009b31a00000] [id=16804]
  0x000002788ee96a90 ConcurrentGCThread "G1 Refine#2" [stack: 0x0000009b41700000,0x0000009b41800000] [id=20740]
  0x000002788ee96d80 ConcurrentGCThread "G1 Refine#3" [stack: 0x0000009b41800000,0x0000009b41900000] [id=36468]
  0x000002788ee97650 ConcurrentGCThread "G1 Refine#4" [stack: 0x0000009b41900000,0x0000009b41a00000] [id=37480]
  0x0000027886a46ee0 ConcurrentGCThread "G1 Refine#5" [stack: 0x0000009b41a00000,0x0000009b41b00000] [id=37172]
  0x0000027884a24d90 ConcurrentGCThread "G1 Refine#6" [stack: 0x0000009b41b00000,0x0000009b41c00000] [id=5828]
  0x000002788450f780 ConcurrentGCThread "G1 Refine#7" [stack: 0x0000009b41c00000,0x0000009b41d00000] [id=36824]
  0x00000278945720c0 ConcurrentGCThread "G1 Refine#8" [stack: 0x0000009b41d00000,0x0000009b41e00000] [id=34176]
  0x00000278945755a0 ConcurrentGCThread "G1 Refine#9" [stack: 0x0000009b41e00000,0x0000009b41f00000] [id=32200]
  0x0000027894574400 ConcurrentGCThread "G1 Refine#10" [stack: 0x0000009b41f00000,0x0000009b42000000] [id=37504]
  0x0000027894572c80 ConcurrentGCThread "G1 Refine#11" [stack: 0x0000009b42000000,0x0000009b42100000] [id=22436]
  0x0000027894573840 ConcurrentGCThread "G1 Refine#12" [stack: 0x0000009b42100000,0x0000009b42200000] [id=33048]
  0x00000278c7358f50 ConcurrentGCThread "G1 Service" [stack: 0x0000009b2e300000,0x0000009b2e400000] [id=36168]

Threads with active compile tasks:
C2 CompilerThread0   113877 36976       4       com.android.tools.r8.graph.G3::b (716 bytes)
C2 CompilerThread1   113877 36833       4       org.objectweb.asm.ClassReader::readMethod (1070 bytes)

VM state: not at safepoint (normal execution)

VM Mutex/Monitor currently owned by a thread: None

Heap address: 0x0000000700000000, size: 4096 MB, Compressed Oops mode: Zero based, Oop shift amount: 3

CDS archive(s) mapped at: [0x00000278c8000000-0x00000278c8bb0000-0x00000278c8bb0000), size 12255232, SharedBaseAddress: 0x00000278c8000000, ArchiveRelocationMode: 1.
Compressed class space mapped at: 0x00000278c9000000-0x00000278fd000000, reserved size: 872415232
Narrow klass base: 0x00000278c8000000, Narrow klass shift: 0, Narrow klass range: 0x100000000

GC Precious Log:
 CPUs: 16 total, 16 available
 Memory: 16010M
 Large Page Support: Disabled
 NUMA Support: Disabled
 Compressed Oops: Enabled (Zero based)
 Heap Region Size: 2M
 Heap Min Capacity: 8M
 Heap Initial Capacity: 252M
 Heap Max Capacity: 4G
 Pre-touch: Disabled
 Parallel Workers: 13
 Concurrent Workers: 3
 Concurrent Refinement Workers: 13
 Periodic GC: Disabled

Heap:
 garbage-first heap   total 2131968K, used 879369K [0x0000000700000000, 0x0000000800000000)
  region size 2048K, 102 young (208896K), 6 survivors (12288K)
 Metaspace       used 156244K, committed 158144K, reserved 1048576K
  class space    used 21054K, committed 21952K, reserved 851968K

Heap Regions: E=young(eden), S=young(survivor), O=old, HS=humongous(starts), HC=humongous(continues), CS=collection set, F=free, OA=open archive, CA=closed archive, TAMS=top-at-mark-start (previous, next)
|   0|0x0000000700000000, 0x0000000700200000, 0x0000000700200000|100%|HS|  |TAMS 0x0000000700200000, 0x0000000700000000| Complete 
|   1|0x0000000700200000, 0x0000000700400000, 0x0000000700400000|100%|HC|  |TAMS 0x0000000700400000, 0x0000000700200000| Complete 
|   2|0x0000000700400000, 0x0000000700600000, 0x0000000700600000|100%| O|  |TAMS 0x0000000700600000, 0x0000000700400000| Untracked 
|   3|0x0000000700600000, 0x0000000700800000, 0x0000000700800000|100%| O|  |TAMS 0x0000000700800000, 0x0000000700600000| Untracked 
|   4|0x0000000700800000, 0x0000000700a00000, 0x0000000700a00000|100%| O|  |TAMS 0x0000000700a00000, 0x0000000700800000| Untracked 
|   5|0x0000000700a00000, 0x0000000700c00000, 0x0000000700c00000|100%| O|  |TAMS 0x0000000700c00000, 0x0000000700a00000| Untracked 
|   6|0x0000000700c00000, 0x0000000700e00000, 0x0000000700e00000|100%| O|  |TAMS 0x0000000700e00000, 0x0000000700c00000| Untracked 
|   7|0x0000000700e00000, 0x0000000701000000, 0x0000000701000000|100%| O|  |TAMS 0x0000000701000000, 0x0000000700e00000| Untracked 
|   8|0x0000000701000000, 0x0000000701200000, 0x0000000701200000|100%| O|  |TAMS 0x0000000701200000, 0x0000000701000000| Untracked 
|   9|0x0000000701200000, 0x0000000701400000, 0x0000000701400000|100%| O|  |TAMS 0x0000000701400000, 0x0000000701200000| Untracked 
|  10|0x0000000701400000, 0x0000000701600000, 0x0000000701600000|100%| O|  |TAMS 0x0000000701600000, 0x0000000701400000| Untracked 
|  11|0x0000000701600000, 0x0000000701800000, 0x0000000701800000|100%| O|  |TAMS 0x0000000701800000, 0x0000000701600000| Untracked 
|  12|0x0000000701800000, 0x0000000701a00000, 0x0000000701a00000|100%| O|  |TAMS 0x0000000701a00000, 0x0000000701800000| Untracked 
|  13|0x0000000701a00000, 0x0000000701c00000, 0x0000000701c00000|100%|HS|  |TAMS 0x0000000701c00000, 0x0000000701a00000| Complete 
|  14|0x0000000701c00000, 0x0000000701e00000, 0x0000000701e00000|100%| O|  |TAMS 0x0000000701e00000, 0x0000000701c00000| Untracked 
|  15|0x0000000701e00000, 0x0000000702000000, 0x0000000702000000|100%| O|  |TAMS 0x0000000702000000, 0x0000000701e00000| Untracked 
|  16|0x0000000702000000, 0x0000000702200000, 0x0000000702200000|100%| O|  |TAMS 0x0000000702200000, 0x0000000702000000| Untracked 
|  17|0x0000000702200000, 0x0000000702400000, 0x0000000702400000|100%|HS|  |TAMS 0x0000000702400000, 0x0000000702200000| Complete 
|  18|0x0000000702400000, 0x0000000702600000, 0x0000000702600000|100%| O|  |TAMS 0x0000000702600000, 0x0000000702400000| Untracked 
|  19|0x0000000702600000, 0x0000000702800000, 0x0000000702800000|100%| O|  |TAMS 0x0000000702800000, 0x0000000702600000| Untracked 
|  20|0x0000000702800000, 0x0000000702a00000, 0x0000000702a00000|100%|HS|  |TAMS 0x0000000702a00000, 0x0000000702800000| Complete 
|  21|0x0000000702a00000, 0x0000000702c00000, 0x0000000702c00000|100%|HC|  |TAMS 0x0000000702c00000, 0x0000000702a00000| Complete 
|  22|0x0000000702c00000, 0x0000000702e00000, 0x0000000702e00000|100%|HS|  |TAMS 0x0000000702e00000, 0x0000000702c00000| Complete 
|  23|0x0000000702e00000, 0x0000000703000000, 0x0000000703000000|100%|HC|  |TAMS 0x0000000703000000, 0x0000000702e00000| Complete 
|  24|0x0000000703000000, 0x0000000703200000, 0x0000000703200000|100%| O|  |TAMS 0x0000000703200000, 0x0000000703000000| Untracked 
|  25|0x0000000703200000, 0x0000000703400000, 0x0000000703400000|100%| O|  |TAMS 0x0000000703400000, 0x0000000703200000| Untracked 
|  26|0x0000000703400000, 0x0000000703600000, 0x0000000703600000|100%| O|  |TAMS 0x0000000703600000, 0x0000000703400000| Untracked 
|  27|0x0000000703600000, 0x0000000703800000, 0x0000000703800000|100%| O|  |TAMS 0x0000000703800000, 0x0000000703600000| Untracked 
|  28|0x0000000703800000, 0x0000000703a00000, 0x0000000703a00000|100%| O|  |TAMS 0x0000000703a00000, 0x0000000703800000| Untracked 
|  29|0x0000000703a00000, 0x0000000703c00000, 0x0000000703c00000|100%| O|  |TAMS 0x0000000703c00000, 0x0000000703a00000| Untracked 
|  30|0x0000000703c00000, 0x0000000703e00000, 0x0000000703e00000|100%| O|  |TAMS 0x0000000703e00000, 0x0000000703c00000| Untracked 
|  31|0x0000000703e00000, 0x0000000704000000, 0x0000000704000000|100%| O|  |TAMS 0x0000000704000000, 0x0000000703e00000| Untracked 
|  32|0x0000000704000000, 0x0000000704200000, 0x0000000704200000|100%| O|  |TAMS 0x0000000704200000, 0x0000000704000000| Untracked 
|  33|0x0000000704200000, 0x0000000704400000, 0x0000000704400000|100%| O|  |TAMS 0x0000000704400000, 0x0000000704200000| Untracked 
|  34|0x0000000704400000, 0x0000000704600000, 0x0000000704600000|100%| O|  |TAMS 0x0000000704600000, 0x0000000704400000| Untracked 
|  35|0x0000000704600000, 0x0000000704800000, 0x0000000704800000|100%| O|  |TAMS 0x0000000704800000, 0x0000000704600000| Untracked 
|  36|0x0000000704800000, 0x0000000704a00000, 0x0000000704a00000|100%| O|  |TAMS 0x0000000704a00000, 0x0000000704800000| Untracked 
|  37|0x0000000704a00000, 0x0000000704c00000, 0x0000000704c00000|100%| O|  |TAMS 0x0000000704c00000, 0x0000000704a00000| Untracked 
|  38|0x0000000704c00000, 0x0000000704e00000, 0x0000000704e00000|100%|HS|  |TAMS 0x0000000704e00000, 0x0000000704c00000| Complete 
|  39|0x0000000704e00000, 0x0000000705000000, 0x0000000705000000|100%|HS|  |TAMS 0x0000000705000000, 0x0000000704e00000| Complete 
|  40|0x0000000705000000, 0x0000000705200000, 0x0000000705200000|100%|HC|  |TAMS 0x0000000705200000, 0x0000000705000000| Complete 
|  41|0x0000000705200000, 0x0000000705400000, 0x0000000705400000|100%| O|  |TAMS 0x0000000705200000, 0x0000000705200000| Untracked 
|  42|0x0000000705400000, 0x0000000705600000, 0x0000000705600000|100%| O|  |TAMS 0x0000000705600000, 0x0000000705400000| Untracked 
|  43|0x0000000705600000, 0x0000000705800000, 0x0000000705800000|100%| O|  |TAMS 0x0000000705800000, 0x0000000705600000| Untracked 
|  44|0x0000000705800000, 0x0000000705a00000, 0x0000000705a00000|100%| O|  |TAMS 0x0000000705a00000, 0x0000000705800000| Untracked 
|  45|0x0000000705a00000, 0x0000000705c00000, 0x0000000705c00000|100%| O|  |TAMS 0x0000000705c00000, 0x0000000705a00000| Untracked 
|  46|0x0000000705c00000, 0x0000000705e00000, 0x0000000705e00000|100%|HS|  |TAMS 0x0000000705e00000, 0x0000000705c00000| Complete 
|  47|0x0000000705e00000, 0x0000000706000000, 0x0000000706000000|100%| O|  |TAMS 0x0000000706000000, 0x0000000705e00000| Untracked 
|  48|0x0000000706000000, 0x0000000706200000, 0x0000000706200000|100%| O|  |TAMS 0x0000000706000000, 0x0000000706000000| Untracked 
|  49|0x0000000706200000, 0x0000000706400000, 0x0000000706400000|100%| O|  |TAMS 0x0000000706400000, 0x0000000706200000| Untracked 
|  50|0x0000000706400000, 0x0000000706600000, 0x0000000706600000|100%| O|  |TAMS 0x0000000706600000, 0x0000000706400000| Untracked 
|  51|0x0000000706600000, 0x0000000706800000, 0x0000000706800000|100%| O|  |TAMS 0x0000000706800000, 0x0000000706600000| Untracked 
|  52|0x0000000706800000, 0x0000000706a00000, 0x0000000706a00000|100%| O|  |TAMS 0x0000000706a00000, 0x0000000706800000| Untracked 
|  53|0x0000000706a00000, 0x0000000706c00000, 0x0000000706c00000|100%| O|  |TAMS 0x0000000706c00000, 0x0000000706a00000| Untracked 
|  54|0x0000000706c00000, 0x0000000706e00000, 0x0000000706e00000|100%|HS|  |TAMS 0x0000000706e00000, 0x0000000706c00000| Complete 
|  55|0x0000000706e00000, 0x0000000707000000, 0x0000000707000000|100%|HC|  |TAMS 0x0000000707000000, 0x0000000706e00000| Complete 
|  56|0x0000000707000000, 0x0000000707200000, 0x0000000707200000|100%| O|  |TAMS 0x0000000707200000, 0x0000000707000000| Untracked 
|  57|0x0000000707200000, 0x0000000707400000, 0x0000000707400000|100%| O|  |TAMS 0x0000000707400000, 0x0000000707200000| Untracked 
|  58|0x0000000707400000, 0x0000000707600000, 0x0000000707600000|100%| O|  |TAMS 0x0000000707600000, 0x0000000707400000| Untracked 
|  59|0x0000000707600000, 0x0000000707800000, 0x0000000707800000|100%| O|  |TAMS 0x0000000707800000, 0x0000000707600000| Untracked 
|  60|0x0000000707800000, 0x0000000707a00000, 0x0000000707a00000|100%| O|  |TAMS 0x0000000707a00000, 0x0000000707800000| Untracked 
|  61|0x0000000707a00000, 0x0000000707c00000, 0x0000000707c00000|100%| O|  |TAMS 0x0000000707c00000, 0x0000000707a00000| Untracked 
|  62|0x0000000707c00000, 0x0000000707e00000, 0x0000000707e00000|100%| O|  |TAMS 0x0000000707c00000, 0x0000000707c00000| Untracked 
|  63|0x0000000707e00000, 0x0000000708000000, 0x0000000708000000|100%|HS|  |TAMS 0x0000000708000000, 0x0000000707e00000| Complete 
|  64|0x0000000708000000, 0x0000000708200000, 0x0000000708200000|100%|HC|  |TAMS 0x0000000708200000, 0x0000000708000000| Complete 
|  65|0x0000000708200000, 0x0000000708400000, 0x0000000708400000|100%|HS|  |TAMS 0x0000000708400000, 0x0000000708200000| Complete 
|  66|0x0000000708400000, 0x0000000708600000, 0x0000000708600000|100%| O|  |TAMS 0x0000000708400000, 0x0000000708400000| Untracked 
|  67|0x0000000708600000, 0x0000000708800000, 0x0000000708800000|100%| O|  |TAMS 0x0000000708800000, 0x0000000708600000| Untracked 
|  68|0x0000000708800000, 0x0000000708a00000, 0x0000000708a00000|100%| O|  |TAMS 0x0000000708a00000, 0x0000000708800000| Untracked 
|  69|0x0000000708a00000, 0x0000000708c00000, 0x0000000708c00000|100%| O|  |TAMS 0x0000000708c00000, 0x0000000708a00000| Untracked 
|  70|0x0000000708c00000, 0x0000000708e00000, 0x0000000708e00000|100%| O|  |TAMS 0x0000000708e00000, 0x0000000708c00000| Untracked 
|  71|0x0000000708e00000, 0x0000000709000000, 0x0000000709000000|100%| O|  |TAMS 0x0000000709000000, 0x0000000708e00000| Untracked 
|  72|0x0000000709000000, 0x0000000709200000, 0x0000000709200000|100%| O|  |TAMS 0x0000000709200000, 0x0000000709000000| Untracked 
|  73|0x0000000709200000, 0x0000000709400000, 0x0000000709400000|100%| O|  |TAMS 0x0000000709400000, 0x0000000709200000| Untracked 
|  74|0x0000000709400000, 0x0000000709600000, 0x0000000709600000|100%| O|  |TAMS 0x0000000709400000, 0x0000000709400000| Untracked 
|  75|0x0000000709600000, 0x0000000709800000, 0x0000000709800000|100%| O|  |TAMS 0x0000000709800000, 0x0000000709600000| Untracked 
|  76|0x0000000709800000, 0x0000000709a00000, 0x0000000709a00000|100%| O|  |TAMS 0x0000000709a00000, 0x0000000709800000| Untracked 
|  77|0x0000000709a00000, 0x0000000709c00000, 0x0000000709c00000|100%| O|  |TAMS 0x0000000709c00000, 0x0000000709a00000| Untracked 
|  78|0x0000000709c00000, 0x0000000709e00000, 0x0000000709e00000|100%| O|  |TAMS 0x0000000709e00000, 0x0000000709c00000| Untracked 
|  79|0x0000000709e00000, 0x000000070a000000, 0x000000070a000000|100%| O|  |TAMS 0x000000070a000000, 0x0000000709e00000| Untracked 
|  80|0x000000070a000000, 0x000000070a200000, 0x000000070a200000|100%| O|  |TAMS 0x000000070a200000, 0x000000070a000000| Untracked 
|  81|0x000000070a200000, 0x000000070a400000, 0x000000070a400000|100%|HS|  |TAMS 0x000000070a400000, 0x000000070a200000| Complete 
|  82|0x000000070a400000, 0x000000070a600000, 0x000000070a600000|100%| O|  |TAMS 0x000000070a600000, 0x000000070a400000| Untracked 
|  83|0x000000070a600000, 0x000000070a800000, 0x000000070a800000|100%| O|  |TAMS 0x000000070a800000, 0x000000070a600000| Untracked 
|  84|0x000000070a800000, 0x000000070aa00000, 0x000000070aa00000|100%| O|  |TAMS 0x000000070aa00000, 0x000000070a800000| Untracked 
|  85|0x000000070aa00000, 0x000000070ac00000, 0x000000070ac00000|100%| O|  |TAMS 0x000000070ac00000, 0x000000070aa00000| Untracked 
|  86|0x000000070ac00000, 0x000000070ae00000, 0x000000070ae00000|100%| O|  |TAMS 0x000000070ae00000, 0x000000070ac00000| Untracked 
|  87|0x000000070ae00000, 0x000000070b000000, 0x000000070b000000|100%| O|  |TAMS 0x000000070b000000, 0x000000070ae00000| Untracked 
|  88|0x000000070b000000, 0x000000070b200000, 0x000000070b200000|100%| O|  |TAMS 0x000000070b200000, 0x000000070b000000| Untracked 
|  89|0x000000070b200000, 0x000000070b400000, 0x000000070b400000|100%| O|  |TAMS 0x000000070b400000, 0x000000070b200000| Untracked 
|  90|0x000000070b400000, 0x000000070b600000, 0x000000070b600000|100%| O|  |TAMS 0x000000070b400000, 0x000000070b400000| Untracked 
|  91|0x000000070b600000, 0x000000070b800000, 0x000000070b800000|100%| O|  |TAMS 0x000000070b800000, 0x000000070b600000| Untracked 
|  92|0x000000070b800000, 0x000000070ba00000, 0x000000070ba00000|100%| O|  |TAMS 0x000000070ba00000, 0x000000070b800000| Untracked 
|  93|0x000000070ba00000, 0x000000070bc00000, 0x000000070bc00000|100%| O|  |TAMS 0x000000070bc00000, 0x000000070ba00000| Untracked 
|  94|0x000000070bc00000, 0x000000070be00000, 0x000000070be00000|100%| O|  |TAMS 0x000000070be00000, 0x000000070bc00000| Untracked 
|  95|0x000000070be00000, 0x000000070c000000, 0x000000070c000000|100%| O|  |TAMS 0x000000070c000000, 0x000000070be00000| Untracked 
|  96|0x000000070c000000, 0x000000070c200000, 0x000000070c200000|100%| O|  |TAMS 0x000000070c200000, 0x000000070c000000| Untracked 
|  97|0x000000070c200000, 0x000000070c400000, 0x000000070c400000|100%| O|  |TAMS 0x000000070c400000, 0x000000070c200000| Untracked 
|  98|0x000000070c400000, 0x000000070c600000, 0x000000070c600000|100%| O|  |TAMS 0x000000070c600000, 0x000000070c400000| Untracked 
|  99|0x000000070c600000, 0x000000070c800000, 0x000000070c800000|100%| O|  |TAMS 0x000000070c800000, 0x000000070c600000| Untracked 
| 100|0x000000070c800000, 0x000000070ca00000, 0x000000070ca00000|100%| O|  |TAMS 0x000000070c800000, 0x000000070c800000| Untracked 
| 101|0x000000070ca00000, 0x000000070cc00000, 0x000000070cc00000|100%| O|  |TAMS 0x000000070cc00000, 0x000000070ca00000| Untracked 
| 102|0x000000070cc00000, 0x000000070ce00000, 0x000000070ce00000|100%| O|  |TAMS 0x000000070ce00000, 0x000000070cc00000| Untracked 
| 103|0x000000070ce00000, 0x000000070d000000, 0x000000070d000000|100%| O|  |TAMS 0x000000070d000000, 0x000000070ce00000| Untracked 
| 104|0x000000070d000000, 0x000000070d200000, 0x000000070d200000|100%|HS|  |TAMS 0x000000070d200000, 0x000000070d000000| Complete 
| 105|0x000000070d200000, 0x000000070d400000, 0x000000070d400000|100%| O|  |TAMS 0x000000070d400000, 0x000000070d200000| Untracked 
| 106|0x000000070d400000, 0x000000070d600000, 0x000000070d600000|100%| O|  |TAMS 0x000000070d600000, 0x000000070d400000| Untracked 
| 107|0x000000070d600000, 0x000000070d800000, 0x000000070d800000|100%| O|  |TAMS 0x000000070d800000, 0x000000070d600000| Untracked 
| 108|0x000000070d800000, 0x000000070da00000, 0x000000070da00000|100%| O|  |TAMS 0x000000070da00000, 0x000000070d800000| Untracked 
| 109|0x000000070da00000, 0x000000070dc00000, 0x000000070dc00000|100%| O|  |TAMS 0x000000070dc00000, 0x000000070da00000| Untracked 
| 110|0x000000070dc00000, 0x000000070de00000, 0x000000070de00000|100%| O|  |TAMS 0x000000070de00000, 0x000000070dc00000| Untracked 
| 111|0x000000070de00000, 0x000000070e000000, 0x000000070e000000|100%| O|  |TAMS 0x000000070e000000, 0x000000070de00000| Untracked 
| 112|0x000000070e000000, 0x000000070e200000, 0x000000070e200000|100%| O|  |TAMS 0x000000070e200000, 0x000000070e000000| Untracked 
| 113|0x000000070e200000, 0x000000070e400000, 0x000000070e400000|100%| O|  |TAMS 0x000000070e400000, 0x000000070e200000| Untracked 
| 114|0x000000070e400000, 0x000000070e600000, 0x000000070e600000|100%| O|  |TAMS 0x000000070e600000, 0x000000070e400000| Untracked 
| 115|0x000000070e600000, 0x000000070e800000, 0x000000070e800000|100%| O|  |TAMS 0x000000070e800000, 0x000000070e600000| Untracked 
| 116|0x000000070e800000, 0x000000070ea00000, 0x000000070ea00000|100%| O|  |TAMS 0x000000070ea00000, 0x000000070e800000| Untracked 
| 117|0x000000070ea00000, 0x000000070ec00000, 0x000000070ec00000|100%| O|  |TAMS 0x000000070ec00000, 0x000000070ea00000| Untracked 
| 118|0x000000070ec00000, 0x000000070ee00000, 0x000000070ee00000|100%| O|  |TAMS 0x000000070ee00000, 0x000000070ec00000| Untracked 
| 119|0x000000070ee00000, 0x000000070f000000, 0x000000070f000000|100%| O|  |TAMS 0x000000070f000000, 0x000000070ee00000| Untracked 
| 120|0x000000070f000000, 0x000000070f200000, 0x000000070f200000|100%| O|  |TAMS 0x000000070f200000, 0x000000070f000000| Untracked 
| 121|0x000000070f200000, 0x000000070f400000, 0x000000070f400000|100%| O|  |TAMS 0x000000070f400000, 0x000000070f200000| Untracked 
| 122|0x000000070f400000, 0x000000070f600000, 0x000000070f600000|100%| O|  |TAMS 0x000000070f600000, 0x000000070f400000| Untracked 
| 123|0x000000070f600000, 0x000000070f800000, 0x000000070f800000|100%| O|  |TAMS 0x000000070f800000, 0x000000070f600000| Untracked 
| 124|0x000000070f800000, 0x000000070fa00000, 0x000000070fa00000|100%| O|  |TAMS 0x000000070fa00000, 0x000000070f800000| Untracked 
| 125|0x000000070fa00000, 0x000000070fc00000, 0x000000070fc00000|100%| O|  |TAMS 0x000000070fa00000, 0x000000070fa00000| Untracked 
| 126|0x000000070fc00000, 0x000000070fe00000, 0x000000070fe00000|100%|HS|  |TAMS 0x000000070fe00000, 0x000000070fc00000| Complete 
| 127|0x000000070fe00000, 0x0000000710000000, 0x0000000710000000|100%| O|  |TAMS 0x0000000710000000, 0x000000070fe00000| Untracked 
| 128|0x0000000710000000, 0x0000000710200000, 0x0000000710200000|100%| O|  |TAMS 0x0000000710200000, 0x0000000710000000| Untracked 
| 129|0x0000000710200000, 0x0000000710400000, 0x0000000710400000|100%| O|  |TAMS 0x0000000710400000, 0x0000000710200000| Untracked 
| 130|0x0000000710400000, 0x0000000710600000, 0x0000000710600000|100%| O|  |TAMS 0x0000000710600000, 0x0000000710400000| Untracked 
| 131|0x0000000710600000, 0x0000000710800000, 0x0000000710800000|100%| O|  |TAMS 0x0000000710800000, 0x0000000710600000| Untracked 
| 132|0x0000000710800000, 0x0000000710a00000, 0x0000000710a00000|100%| O|  |TAMS 0x0000000710a00000, 0x0000000710800000| Untracked 
| 133|0x0000000710a00000, 0x0000000710c00000, 0x0000000710c00000|100%| O|  |TAMS 0x0000000710c00000, 0x0000000710a00000| Untracked 
| 134|0x0000000710c00000, 0x0000000710e00000, 0x0000000710e00000|100%| O|  |TAMS 0x0000000710c00000, 0x0000000710c00000| Untracked 
| 135|0x0000000710e00000, 0x0000000711000000, 0x0000000711000000|100%|HS|  |TAMS 0x0000000711000000, 0x0000000710e00000| Complete 
| 136|0x0000000711000000, 0x0000000711200000, 0x0000000711200000|100%| O|  |TAMS 0x0000000711200000, 0x0000000711000000| Untracked 
| 137|0x0000000711200000, 0x0000000711400000, 0x0000000711400000|100%| O|  |TAMS 0x0000000711400000, 0x0000000711200000| Untracked 
| 138|0x0000000711400000, 0x0000000711600000, 0x0000000711600000|100%| O|  |TAMS 0x0000000711400000, 0x0000000711400000| Untracked 
| 139|0x0000000711600000, 0x0000000711800000, 0x0000000711800000|100%| O|  |TAMS 0x0000000711800000, 0x0000000711600000| Untracked 
| 140|0x0000000711800000, 0x0000000711a00000, 0x0000000711a00000|100%| O|  |TAMS 0x0000000711a00000, 0x0000000711800000| Untracked 
| 141|0x0000000711a00000, 0x0000000711c00000, 0x0000000711c00000|100%| O|  |TAMS 0x0000000711c00000, 0x0000000711a00000| Untracked 
| 142|0x0000000711c00000, 0x0000000711e00000, 0x0000000711e00000|100%| O|  |TAMS 0x0000000711e00000, 0x0000000711c00000| Untracked 
| 143|0x0000000711e00000, 0x0000000712000000, 0x0000000712000000|100%| O|  |TAMS 0x0000000712000000, 0x0000000711e00000| Untracked 
| 144|0x0000000712000000, 0x0000000712200000, 0x0000000712200000|100%| O|  |TAMS 0x0000000712200000, 0x0000000712000000| Untracked 
| 145|0x0000000712200000, 0x0000000712400000, 0x0000000712400000|100%| O|  |TAMS 0x0000000712400000, 0x0000000712200000| Untracked 
| 146|0x0000000712400000, 0x0000000712600000, 0x0000000712600000|100%| O|  |TAMS 0x0000000712600000, 0x0000000712400000| Untracked 
| 147|0x0000000712600000, 0x0000000712800000, 0x0000000712800000|100%| O|  |TAMS 0x0000000712800000, 0x0000000712600000| Untracked 
| 148|0x0000000712800000, 0x0000000712a00000, 0x0000000712a00000|100%| O|  |TAMS 0x0000000712a00000, 0x0000000712800000| Untracked 
| 149|0x0000000712a00000, 0x0000000712c00000, 0x0000000712c00000|100%| O|  |TAMS 0x0000000712c00000, 0x0000000712a00000| Untracked 
| 150|0x0000000712c00000, 0x0000000712e00000, 0x0000000712e00000|100%| O|  |TAMS 0x0000000712e00000, 0x0000000712c00000| Untracked 
| 151|0x0000000712e00000, 0x0000000713000000, 0x0000000713000000|100%| O|  |TAMS 0x0000000713000000, 0x0000000712e00000| Untracked 
| 152|0x0000000713000000, 0x0000000713200000, 0x0000000713200000|100%| O|  |TAMS 0x0000000713000000, 0x0000000713000000| Untracked 
| 153|0x0000000713200000, 0x0000000713400000, 0x0000000713400000|100%| O|  |TAMS 0x0000000713200000, 0x0000000713200000| Untracked 
| 154|0x0000000713400000, 0x0000000713600000, 0x0000000713600000|100%| O|  |TAMS 0x0000000713400000, 0x0000000713400000| Untracked 
| 155|0x0000000713600000, 0x0000000713800000, 0x0000000713800000|100%| O|  |TAMS 0x0000000713800000, 0x0000000713600000| Untracked 
| 156|0x0000000713800000, 0x0000000713a00000, 0x0000000713a00000|100%| O|  |TAMS 0x0000000713a00000, 0x0000000713800000| Untracked 
| 157|0x0000000713a00000, 0x0000000713c00000, 0x0000000713c00000|100%| O|  |TAMS 0x0000000713a00000, 0x0000000713a00000| Untracked 
| 158|0x0000000713c00000, 0x0000000713e00000, 0x0000000713e00000|100%| O|  |TAMS 0x0000000713e00000, 0x0000000713c00000| Untracked 
| 159|0x0000000713e00000, 0x0000000714000000, 0x0000000714000000|100%| O|  |TAMS 0x0000000713e00000, 0x0000000713e00000| Untracked 
| 160|0x0000000714000000, 0x0000000714200000, 0x0000000714200000|100%|HS|  |TAMS 0x0000000714200000, 0x0000000714000000| Complete 
| 161|0x0000000714200000, 0x0000000714400000, 0x0000000714400000|100%|HS|  |TAMS 0x0000000714400000, 0x0000000714200000| Complete 
| 162|0x0000000714400000, 0x0000000714600000, 0x0000000714600000|100%| O|  |TAMS 0x0000000714400000, 0x0000000714400000| Untracked 
| 163|0x0000000714600000, 0x0000000714800000, 0x0000000714800000|100%| O|  |TAMS 0x0000000714600000, 0x0000000714600000| Untracked 
| 164|0x0000000714800000, 0x0000000714a00000, 0x0000000714a00000|100%|HS|  |TAMS 0x0000000714a00000, 0x0000000714800000| Complete 
| 165|0x0000000714a00000, 0x0000000714c00000, 0x0000000714c00000|100%| O|  |TAMS 0x0000000714a00000, 0x0000000714a00000| Untracked 
| 166|0x0000000714c00000, 0x0000000714cc2600, 0x0000000714e00000| 37%| O|  |TAMS 0x0000000714c00000, 0x0000000714c00000| Untracked 
| 167|0x0000000714e00000, 0x0000000715000000, 0x0000000715000000|100%|HS|  |TAMS 0x0000000715000000, 0x0000000714e00000| Complete 
| 168|0x0000000715000000, 0x0000000715200000, 0x0000000715200000|100%|HS|  |TAMS 0x0000000715200000, 0x0000000715000000| Complete 
| 169|0x0000000715200000, 0x0000000715400000, 0x0000000715400000|100%|HS|  |TAMS 0x0000000715400000, 0x0000000715200000| Complete 
| 170|0x0000000715400000, 0x0000000715600000, 0x0000000715600000|100%|HS|  |TAMS 0x0000000715600000, 0x0000000715400000| Complete 
| 171|0x0000000715600000, 0x0000000715600000, 0x0000000715800000|  0%| F|  |TAMS 0x0000000715600000, 0x0000000715600000| Untracked 
| 172|0x0000000715800000, 0x0000000715a00000, 0x0000000715a00000|100%|HS|  |TAMS 0x0000000715a00000, 0x0000000715800000| Complete 
| 173|0x0000000715a00000, 0x0000000715c00000, 0x0000000715c00000|100%|HC|  |TAMS 0x0000000715c00000, 0x0000000715a00000| Complete 
| 174|0x0000000715c00000, 0x0000000715e00000, 0x0000000715e00000|100%|HC|  |TAMS 0x0000000715e00000, 0x0000000715c00000| Complete 
| 175|0x0000000715e00000, 0x0000000716000000, 0x0000000716000000|100%|HC|  |TAMS 0x0000000716000000, 0x0000000715e00000| Complete 
| 176|0x0000000716000000, 0x0000000716200000, 0x0000000716200000|100%| O|  |TAMS 0x0000000716200000, 0x0000000716000000| Untracked 
| 177|0x0000000716200000, 0x0000000716400000, 0x0000000716400000|100%| O|  |TAMS 0x0000000716400000, 0x0000000716200000| Untracked 
| 178|0x0000000716400000, 0x0000000716600000, 0x0000000716600000|100%| O|  |TAMS 0x0000000716600000, 0x0000000716400000| Untracked 
| 179|0x0000000716600000, 0x0000000716800000, 0x0000000716800000|100%| O|  |TAMS 0x0000000716800000, 0x0000000716600000| Untracked 
| 180|0x0000000716800000, 0x0000000716a00000, 0x0000000716a00000|100%| O|  |TAMS 0x0000000716a00000, 0x0000000716800000| Untracked 
| 181|0x0000000716a00000, 0x0000000716c00000, 0x0000000716c00000|100%| O|  |TAMS 0x0000000716c00000, 0x0000000716a00000| Untracked 
| 182|0x0000000716c00000, 0x0000000716c00000, 0x0000000716e00000|  0%| F|  |TAMS 0x0000000716c00000, 0x0000000716c00000| Untracked 
| 183|0x0000000716e00000, 0x0000000717000000, 0x0000000717000000|100%| O|  |TAMS 0x0000000717000000, 0x0000000716e00000| Untracked 
| 184|0x0000000717000000, 0x0000000717200000, 0x0000000717200000|100%| O|  |TAMS 0x0000000717200000, 0x0000000717000000| Untracked 
| 185|0x0000000717200000, 0x0000000717200000, 0x0000000717400000|  0%| F|  |TAMS 0x0000000717200000, 0x0000000717200000| Untracked 
| 186|0x0000000717400000, 0x0000000717400000, 0x0000000717600000|  0%| F|  |TAMS 0x0000000717400000, 0x0000000717400000| Untracked 
| 187|0x0000000717600000, 0x0000000717600000, 0x0000000717800000|  0%| F|  |TAMS 0x0000000717600000, 0x0000000717600000| Untracked 
| 188|0x0000000717800000, 0x0000000717a00000, 0x0000000717a00000|100%| O|  |TAMS 0x0000000717a00000, 0x0000000717800000| Untracked 
| 189|0x0000000717a00000, 0x0000000717c00000, 0x0000000717c00000|100%| O|  |TAMS 0x0000000717c00000, 0x0000000717a00000| Untracked 
| 190|0x0000000717c00000, 0x0000000717e00000, 0x0000000717e00000|100%| O|  |TAMS 0x0000000717e00000, 0x0000000717c00000| Untracked 
| 191|0x0000000717e00000, 0x0000000718000000, 0x0000000718000000|100%| O|  |TAMS 0x0000000718000000, 0x0000000717e00000| Untracked 
| 192|0x0000000718000000, 0x0000000718200000, 0x0000000718200000|100%| O|  |TAMS 0x0000000718200000, 0x0000000718000000| Untracked 
| 193|0x0000000718200000, 0x0000000718400000, 0x0000000718400000|100%| O|  |TAMS 0x0000000718400000, 0x0000000718200000| Untracked 
| 194|0x0000000718400000, 0x0000000718600000, 0x0000000718600000|100%| O|  |TAMS 0x0000000718600000, 0x0000000718400000| Untracked 
| 195|0x0000000718600000, 0x0000000718800000, 0x0000000718800000|100%| O|  |TAMS 0x0000000718800000, 0x0000000718600000| Untracked 
| 196|0x0000000718800000, 0x0000000718a00000, 0x0000000718a00000|100%| O|  |TAMS 0x0000000718a00000, 0x0000000718800000| Untracked 
| 197|0x0000000718a00000, 0x0000000718c00000, 0x0000000718c00000|100%| O|  |TAMS 0x0000000718c00000, 0x0000000718a00000| Untracked 
| 198|0x0000000718c00000, 0x0000000718e00000, 0x0000000718e00000|100%| O|  |TAMS 0x0000000718e00000, 0x0000000718c00000| Untracked 
| 199|0x0000000718e00000, 0x0000000718e00000, 0x0000000719000000|  0%| F|  |TAMS 0x0000000718e00000, 0x0000000718e00000| Untracked 
| 200|0x0000000719000000, 0x0000000719200000, 0x0000000719200000|100%| O|  |TAMS 0x0000000719200000, 0x0000000719000000| Untracked 
| 201|0x0000000719200000, 0x0000000719200000, 0x0000000719400000|  0%| F|  |TAMS 0x0000000719200000, 0x0000000719200000| Untracked 
| 202|0x0000000719400000, 0x0000000719600000, 0x0000000719600000|100%| O|  |TAMS 0x0000000719600000, 0x0000000719400000| Untracked 
| 203|0x0000000719600000, 0x0000000719800000, 0x0000000719800000|100%|HS|  |TAMS 0x0000000719800000, 0x0000000719600000| Complete 
| 204|0x0000000719800000, 0x0000000719a00000, 0x0000000719a00000|100%|HC|  |TAMS 0x0000000719a00000, 0x0000000719800000| Complete 
| 205|0x0000000719a00000, 0x0000000719c00000, 0x0000000719c00000|100%|HC|  |TAMS 0x0000000719c00000, 0x0000000719a00000| Complete 
| 206|0x0000000719c00000, 0x0000000719e00000, 0x0000000719e00000|100%|HC|  |TAMS 0x0000000719e00000, 0x0000000719c00000| Complete 
| 207|0x0000000719e00000, 0x0000000719e00000, 0x000000071a000000|  0%| F|  |TAMS 0x0000000719e00000, 0x0000000719e00000| Untracked 
| 208|0x000000071a000000, 0x000000071a200000, 0x000000071a200000|100%| O|  |TAMS 0x000000071a000000, 0x000000071a000000| Untracked 
| 209|0x000000071a200000, 0x000000071a400000, 0x000000071a400000|100%|HS|  |TAMS 0x000000071a200000, 0x000000071a200000| Complete 
| 210|0x000000071a400000, 0x000000071a600000, 0x000000071a600000|100%| O|  |TAMS 0x000000071a400000, 0x000000071a400000| Untracked 
| 211|0x000000071a600000, 0x000000071a600000, 0x000000071a800000|  0%| F|  |TAMS 0x000000071a600000, 0x000000071a600000| Untracked 
| 212|0x000000071a800000, 0x000000071aa00000, 0x000000071aa00000|100%| O|  |TAMS 0x000000071aa00000, 0x000000071a800000| Untracked 
| 213|0x000000071aa00000, 0x000000071ac00000, 0x000000071ac00000|100%| O|  |TAMS 0x000000071aa00000, 0x000000071aa00000| Untracked 
| 214|0x000000071ac00000, 0x000000071ae00000, 0x000000071ae00000|100%| O|  |TAMS 0x000000071ac00000, 0x000000071ac00000| Untracked 
| 215|0x000000071ae00000, 0x000000071b000000, 0x000000071b000000|100%| O|  |TAMS 0x000000071ae00000, 0x000000071ae00000| Untracked 
| 216|0x000000071b000000, 0x000000071b200000, 0x000000071b200000|100%| O|  |TAMS 0x000000071b000000, 0x000000071b000000| Untracked 
| 217|0x000000071b200000, 0x000000071b400000, 0x000000071b400000|100%| O|  |TAMS 0x000000071b200000, 0x000000071b200000| Untracked 
| 218|0x000000071b400000, 0x000000071b600000, 0x000000071b600000|100%| O|  |TAMS 0x000000071b400000, 0x000000071b400000| Untracked 
| 219|0x000000071b600000, 0x000000071b800000, 0x000000071b800000|100%| O|  |TAMS 0x000000071b600000, 0x000000071b600000| Untracked 
| 220|0x000000071b800000, 0x000000071ba00000, 0x000000071ba00000|100%| O|  |TAMS 0x000000071b800000, 0x000000071b800000| Untracked 
| 221|0x000000071ba00000, 0x000000071bc00000, 0x000000071bc00000|100%| O|  |TAMS 0x000000071ba00000, 0x000000071ba00000| Untracked 
| 222|0x000000071bc00000, 0x000000071be00000, 0x000000071be00000|100%| O|  |TAMS 0x000000071bc00000, 0x000000071bc00000| Untracked 
| 223|0x000000071be00000, 0x000000071be00000, 0x000000071c000000|  0%| F|  |TAMS 0x000000071be00000, 0x000000071be00000| Untracked 
| 224|0x000000071c000000, 0x000000071c200000, 0x000000071c200000|100%| O|  |TAMS 0x000000071c000000, 0x000000071c000000| Untracked 
| 225|0x000000071c200000, 0x000000071c400000, 0x000000071c400000|100%| O|  |TAMS 0x000000071c200000, 0x000000071c200000| Untracked 
| 226|0x000000071c400000, 0x000000071c600000, 0x000000071c600000|100%| O|  |TAMS 0x000000071c400000, 0x000000071c400000| Untracked 
| 227|0x000000071c600000, 0x000000071c800000, 0x000000071c800000|100%| O|  |TAMS 0x000000071c600000, 0x000000071c600000| Untracked 
| 228|0x000000071c800000, 0x000000071ca00000, 0x000000071ca00000|100%| O|  |TAMS 0x000000071c800000, 0x000000071c800000| Untracked 
| 229|0x000000071ca00000, 0x000000071cc00000, 0x000000071cc00000|100%| O|  |TAMS 0x000000071ca00000, 0x000000071ca00000| Untracked 
| 230|0x000000071cc00000, 0x000000071ce00000, 0x000000071ce00000|100%| O|  |TAMS 0x000000071ce00000, 0x000000071cc00000| Untracked 
| 231|0x000000071ce00000, 0x000000071d000000, 0x000000071d000000|100%| O|  |TAMS 0x000000071ce00000, 0x000000071ce00000| Untracked 
| 232|0x000000071d000000, 0x000000071d200000, 0x000000071d200000|100%| O|  |TAMS 0x000000071d200000, 0x000000071d000000| Untracked 
| 233|0x000000071d200000, 0x000000071d400000, 0x000000071d400000|100%| O|  |TAMS 0x000000071d200000, 0x000000071d200000| Untracked 
| 234|0x000000071d400000, 0x000000071d600000, 0x000000071d600000|100%| O|  |TAMS 0x000000071d400000, 0x000000071d400000| Untracked 
| 235|0x000000071d600000, 0x000000071d800000, 0x000000071d800000|100%| O|  |TAMS 0x000000071d600000, 0x000000071d600000| Untracked 
| 236|0x000000071d800000, 0x000000071da00000, 0x000000071da00000|100%| O|  |TAMS 0x000000071d800000, 0x000000071d800000| Untracked 
| 237|0x000000071da00000, 0x000000071dc00000, 0x000000071dc00000|100%| O|  |TAMS 0x000000071da00000, 0x000000071da00000| Untracked 
| 238|0x000000071dc00000, 0x000000071de00000, 0x000000071de00000|100%| O|  |TAMS 0x000000071dc00000, 0x000000071dc00000| Untracked 
| 239|0x000000071de00000, 0x000000071e000000, 0x000000071e000000|100%| O|  |TAMS 0x000000071e000000, 0x000000071de00000| Untracked 
| 240|0x000000071e000000, 0x000000071e200000, 0x000000071e200000|100%| O|  |TAMS 0x000000071e000000, 0x000000071e000000| Untracked 
| 241|0x000000071e200000, 0x000000071e400000, 0x000000071e400000|100%| O|  |TAMS 0x000000071e200000, 0x000000071e200000| Untracked 
| 242|0x000000071e400000, 0x000000071e600000, 0x000000071e600000|100%| O|  |TAMS 0x000000071e400000, 0x000000071e400000| Untracked 
| 243|0x000000071e600000, 0x000000071e800000, 0x000000071e800000|100%| O|  |TAMS 0x000000071e800000, 0x000000071e600000| Untracked 
| 244|0x000000071e800000, 0x000000071ea00000, 0x000000071ea00000|100%| O|  |TAMS 0x000000071e800000, 0x000000071e800000| Untracked 
| 245|0x000000071ea00000, 0x000000071ec00000, 0x000000071ec00000|100%| O|  |TAMS 0x000000071ec00000, 0x000000071ea00000| Untracked 
| 246|0x000000071ec00000, 0x000000071ee00000, 0x000000071ee00000|100%| O|  |TAMS 0x000000071ec00000, 0x000000071ec00000| Untracked 
| 247|0x000000071ee00000, 0x000000071f000000, 0x000000071f000000|100%| O|  |TAMS 0x000000071f000000, 0x000000071ee00000| Untracked 
| 248|0x000000071f000000, 0x000000071f200000, 0x000000071f200000|100%|HS|  |TAMS 0x000000071f200000, 0x000000071f000000| Complete 
| 249|0x000000071f200000, 0x000000071f400000, 0x000000071f400000|100%|HS|  |TAMS 0x000000071f400000, 0x000000071f200000| Complete 
| 250|0x000000071f400000, 0x000000071f600000, 0x000000071f600000|100%|HS|  |TAMS 0x000000071f600000, 0x000000071f400000| Complete 
| 251|0x000000071f600000, 0x000000071f800000, 0x000000071f800000|100%|HS|  |TAMS 0x000000071f800000, 0x000000071f600000| Complete 
| 252|0x000000071f800000, 0x000000071fa00000, 0x000000071fa00000|100%|HS|  |TAMS 0x000000071fa00000, 0x000000071f800000| Complete 
| 253|0x000000071fa00000, 0x000000071fc00000, 0x000000071fc00000|100%|HS|  |TAMS 0x000000071fc00000, 0x000000071fa00000| Complete 
| 254|0x000000071fc00000, 0x000000071fe00000, 0x000000071fe00000|100%|HS|  |TAMS 0x000000071fe00000, 0x000000071fc00000| Complete 
| 255|0x000000071fe00000, 0x0000000720000000, 0x0000000720000000|100%|HC|  |TAMS 0x0000000720000000, 0x000000071fe00000| Complete 
| 256|0x0000000720000000, 0x0000000720200000, 0x0000000720200000|100%|HS|  |TAMS 0x0000000720200000, 0x0000000720000000| Complete 
| 257|0x0000000720200000, 0x0000000720400000, 0x0000000720400000|100%|HC|  |TAMS 0x0000000720400000, 0x0000000720200000| Complete 
| 258|0x0000000720400000, 0x0000000720600000, 0x0000000720600000|100%| O|  |TAMS 0x0000000720400000, 0x0000000720400000| Untracked 
| 259|0x0000000720600000, 0x0000000720600000, 0x0000000720800000|  0%| F|  |TAMS 0x0000000720600000, 0x0000000720600000| Untracked 
| 260|0x0000000720800000, 0x0000000720a00000, 0x0000000720a00000|100%| O|  |TAMS 0x0000000720a00000, 0x0000000720800000| Untracked 
| 261|0x0000000720a00000, 0x0000000720c00000, 0x0000000720c00000|100%| O|  |TAMS 0x0000000720c00000, 0x0000000720a00000| Untracked 
| 262|0x0000000720c00000, 0x0000000720e00000, 0x0000000720e00000|100%| O|  |TAMS 0x0000000720e00000, 0x0000000720c00000| Untracked 
| 263|0x0000000720e00000, 0x0000000721000000, 0x0000000721000000|100%| O|  |TAMS 0x0000000721000000, 0x0000000720e00000| Untracked 
| 264|0x0000000721000000, 0x0000000721000000, 0x0000000721200000|  0%| F|  |TAMS 0x0000000721000000, 0x0000000721000000| Untracked 
| 265|0x0000000721200000, 0x0000000721400000, 0x0000000721400000|100%| O|  |TAMS 0x0000000721400000, 0x0000000721200000| Untracked 
| 266|0x0000000721400000, 0x0000000721400000, 0x0000000721600000|  0%| F|  |TAMS 0x0000000721400000, 0x0000000721400000| Untracked 
| 267|0x0000000721600000, 0x0000000721800000, 0x0000000721800000|100%| O|  |TAMS 0x0000000721800000, 0x0000000721600000| Untracked 
| 268|0x0000000721800000, 0x0000000721800000, 0x0000000721a00000|  0%| F|  |TAMS 0x0000000721800000, 0x0000000721800000| Untracked 
| 269|0x0000000721a00000, 0x0000000721a00000, 0x0000000721c00000|  0%| F|  |TAMS 0x0000000721a00000, 0x0000000721a00000| Untracked 
| 270|0x0000000721c00000, 0x0000000721e00000, 0x0000000721e00000|100%| O|  |TAMS 0x0000000721e00000, 0x0000000721c00000| Untracked 
| 271|0x0000000721e00000, 0x0000000722000000, 0x0000000722000000|100%| O|  |TAMS 0x0000000722000000, 0x0000000721e00000| Untracked 
| 272|0x0000000722000000, 0x0000000722200000, 0x0000000722200000|100%| O|  |TAMS 0x0000000722200000, 0x0000000722000000| Untracked 
| 273|0x0000000722200000, 0x0000000722400000, 0x0000000722400000|100%| O|  |TAMS 0x0000000722400000, 0x0000000722200000| Untracked 
| 274|0x0000000722400000, 0x0000000722600000, 0x0000000722600000|100%| O|  |TAMS 0x0000000722600000, 0x0000000722400000| Untracked 
| 275|0x0000000722600000, 0x0000000722800000, 0x0000000722800000|100%| O|  |TAMS 0x0000000722800000, 0x0000000722600000| Untracked 
| 276|0x0000000722800000, 0x0000000722800000, 0x0000000722a00000|  0%| F|  |TAMS 0x0000000722800000, 0x0000000722800000| Untracked 
| 277|0x0000000722a00000, 0x0000000722a00000, 0x0000000722c00000|  0%| F|  |TAMS 0x0000000722a00000, 0x0000000722a00000| Untracked 
| 278|0x0000000722c00000, 0x0000000722c00000, 0x0000000722e00000|  0%| F|  |TAMS 0x0000000722c00000, 0x0000000722c00000| Untracked 
| 279|0x0000000722e00000, 0x0000000722e00000, 0x0000000723000000|  0%| F|  |TAMS 0x0000000722e00000, 0x0000000722e00000| Untracked 
| 280|0x0000000723000000, 0x0000000723200000, 0x0000000723200000|100%| O|  |TAMS 0x0000000723200000, 0x0000000723000000| Untracked 
| 281|0x0000000723200000, 0x0000000723400000, 0x0000000723400000|100%| O|  |TAMS 0x0000000723400000, 0x0000000723200000| Untracked 
| 282|0x0000000723400000, 0x0000000723600000, 0x0000000723600000|100%| O|  |TAMS 0x0000000723600000, 0x0000000723400000| Untracked 
| 283|0x0000000723600000, 0x0000000723800000, 0x0000000723800000|100%| O|  |TAMS 0x0000000723800000, 0x0000000723600000| Untracked 
| 284|0x0000000723800000, 0x0000000723a00000, 0x0000000723a00000|100%| O|  |TAMS 0x0000000723a00000, 0x0000000723800000| Untracked 
| 285|0x0000000723a00000, 0x0000000723c00000, 0x0000000723c00000|100%| O|  |TAMS 0x0000000723c00000, 0x0000000723a00000| Untracked 
| 286|0x0000000723c00000, 0x0000000723e00000, 0x0000000723e00000|100%| O|  |TAMS 0x0000000723e00000, 0x0000000723c00000| Untracked 
| 287|0x0000000723e00000, 0x0000000724000000, 0x0000000724000000|100%| O|  |TAMS 0x0000000724000000, 0x0000000723e00000| Untracked 
| 288|0x0000000724000000, 0x0000000724200000, 0x0000000724200000|100%| O|  |TAMS 0x0000000724200000, 0x0000000724000000| Untracked 
| 289|0x0000000724200000, 0x0000000724400000, 0x0000000724400000|100%| O|  |TAMS 0x0000000724400000, 0x0000000724200000| Untracked 
| 290|0x0000000724400000, 0x0000000724600000, 0x0000000724600000|100%| O|  |TAMS 0x0000000724600000, 0x0000000724400000| Untracked 
| 291|0x0000000724600000, 0x0000000724800000, 0x0000000724800000|100%| O|  |TAMS 0x0000000724800000, 0x0000000724600000| Untracked 
| 292|0x0000000724800000, 0x0000000724a00000, 0x0000000724a00000|100%| O|  |TAMS 0x0000000724a00000, 0x0000000724800000| Untracked 
| 293|0x0000000724a00000, 0x0000000724c00000, 0x0000000724c00000|100%| O|  |TAMS 0x0000000724c00000, 0x0000000724a00000| Untracked 
| 294|0x0000000724c00000, 0x0000000724e00000, 0x0000000724e00000|100%| O|  |TAMS 0x0000000724e00000, 0x0000000724c00000| Untracked 
| 295|0x0000000724e00000, 0x0000000725000000, 0x0000000725000000|100%| O|  |TAMS 0x0000000725000000, 0x0000000724e00000| Untracked 
| 296|0x0000000725000000, 0x0000000725200000, 0x0000000725200000|100%| O|  |TAMS 0x0000000725200000, 0x0000000725000000| Untracked 
| 297|0x0000000725200000, 0x0000000725400000, 0x0000000725400000|100%| O|  |TAMS 0x0000000725400000, 0x0000000725200000| Untracked 
| 298|0x0000000725400000, 0x0000000725600000, 0x0000000725600000|100%| O|  |TAMS 0x0000000725600000, 0x0000000725400000| Untracked 
| 299|0x0000000725600000, 0x0000000725800000, 0x0000000725800000|100%| O|  |TAMS 0x0000000725800000, 0x0000000725600000| Untracked 
| 300|0x0000000725800000, 0x0000000725a00000, 0x0000000725a00000|100%| O|  |TAMS 0x0000000725a00000, 0x0000000725800000| Untracked 
| 301|0x0000000725a00000, 0x0000000725c00000, 0x0000000725c00000|100%| O|  |TAMS 0x0000000725c00000, 0x0000000725a00000| Untracked 
| 302|0x0000000725c00000, 0x0000000725e00000, 0x0000000725e00000|100%| O|  |TAMS 0x0000000725e00000, 0x0000000725c00000| Untracked 
| 303|0x0000000725e00000, 0x0000000726000000, 0x0000000726000000|100%| O|  |TAMS 0x0000000726000000, 0x0000000725e00000| Untracked 
| 304|0x0000000726000000, 0x0000000726200000, 0x0000000726200000|100%| O|  |TAMS 0x0000000726200000, 0x0000000726000000| Untracked 
| 305|0x0000000726200000, 0x0000000726400000, 0x0000000726400000|100%| O|  |TAMS 0x0000000726400000, 0x0000000726200000| Untracked 
| 306|0x0000000726400000, 0x0000000726600000, 0x0000000726600000|100%| O|  |TAMS 0x0000000726600000, 0x0000000726400000| Untracked 
| 307|0x0000000726600000, 0x0000000726800000, 0x0000000726800000|100%| O|  |TAMS 0x0000000726800000, 0x0000000726600000| Untracked 
| 308|0x0000000726800000, 0x0000000726a00000, 0x0000000726a00000|100%| O|  |TAMS 0x0000000726a00000, 0x0000000726800000| Untracked 
| 309|0x0000000726a00000, 0x0000000726c00000, 0x0000000726c00000|100%| O|  |TAMS 0x0000000726c00000, 0x0000000726a00000| Untracked 
| 310|0x0000000726c00000, 0x0000000726e00000, 0x0000000726e00000|100%| O|  |TAMS 0x0000000726e00000, 0x0000000726c00000| Untracked 
| 311|0x0000000726e00000, 0x0000000727000000, 0x0000000727000000|100%| O|  |TAMS 0x0000000727000000, 0x0000000726e00000| Untracked 
| 312|0x0000000727000000, 0x0000000727200000, 0x0000000727200000|100%| O|  |TAMS 0x0000000727200000, 0x0000000727000000| Untracked 
| 313|0x0000000727200000, 0x0000000727400000, 0x0000000727400000|100%| O|  |TAMS 0x0000000727400000, 0x0000000727200000| Untracked 
| 314|0x0000000727400000, 0x0000000727600000, 0x0000000727600000|100%| O|  |TAMS 0x0000000727600000, 0x0000000727400000| Untracked 
| 315|0x0000000727600000, 0x0000000727800000, 0x0000000727800000|100%| O|  |TAMS 0x0000000727800000, 0x0000000727600000| Untracked 
| 316|0x0000000727800000, 0x0000000727a00000, 0x0000000727a00000|100%| O|  |TAMS 0x0000000727a00000, 0x0000000727800000| Untracked 
| 317|0x0000000727a00000, 0x0000000727c00000, 0x0000000727c00000|100%| O|  |TAMS 0x0000000727c00000, 0x0000000727a00000| Untracked 
| 318|0x0000000727c00000, 0x0000000727e00000, 0x0000000727e00000|100%| O|  |TAMS 0x0000000727e00000, 0x0000000727c00000| Untracked 
| 319|0x0000000727e00000, 0x0000000728000000, 0x0000000728000000|100%| O|  |TAMS 0x0000000728000000, 0x0000000727e00000| Untracked 
| 320|0x0000000728000000, 0x0000000728200000, 0x0000000728200000|100%| O|  |TAMS 0x0000000728200000, 0x0000000728000000| Untracked 
| 321|0x0000000728200000, 0x0000000728400000, 0x0000000728400000|100%| O|  |TAMS 0x0000000728400000, 0x0000000728200000| Untracked 
| 322|0x0000000728400000, 0x0000000728600000, 0x0000000728600000|100%| O|  |TAMS 0x0000000728600000, 0x0000000728400000| Untracked 
| 323|0x0000000728600000, 0x0000000728800000, 0x0000000728800000|100%| O|  |TAMS 0x0000000728800000, 0x0000000728600000| Untracked 
| 324|0x0000000728800000, 0x0000000728a00000, 0x0000000728a00000|100%| O|  |TAMS 0x0000000728a00000, 0x0000000728800000| Untracked 
| 325|0x0000000728a00000, 0x0000000728c00000, 0x0000000728c00000|100%| O|  |TAMS 0x0000000728c00000, 0x0000000728a00000| Untracked 
| 326|0x0000000728c00000, 0x0000000728e00000, 0x0000000728e00000|100%| O|  |TAMS 0x0000000728e00000, 0x0000000728c00000| Untracked 
| 327|0x0000000728e00000, 0x0000000729000000, 0x0000000729000000|100%| O|  |TAMS 0x0000000729000000, 0x0000000728e00000| Untracked 
| 328|0x0000000729000000, 0x0000000729200000, 0x0000000729200000|100%| O|  |TAMS 0x0000000729200000, 0x0000000729000000| Untracked 
| 329|0x0000000729200000, 0x0000000729400000, 0x0000000729400000|100%| O|  |TAMS 0x0000000729400000, 0x0000000729200000| Untracked 
| 330|0x0000000729400000, 0x0000000729600000, 0x0000000729600000|100%| O|  |TAMS 0x0000000729600000, 0x0000000729400000| Untracked 
| 331|0x0000000729600000, 0x0000000729800000, 0x0000000729800000|100%| O|  |TAMS 0x0000000729800000, 0x0000000729600000| Untracked 
| 332|0x0000000729800000, 0x0000000729a00000, 0x0000000729a00000|100%| O|  |TAMS 0x0000000729a00000, 0x0000000729800000| Untracked 
| 333|0x0000000729a00000, 0x0000000729c00000, 0x0000000729c00000|100%| O|  |TAMS 0x0000000729c00000, 0x0000000729a00000| Untracked 
| 334|0x0000000729c00000, 0x0000000729e00000, 0x0000000729e00000|100%| O|  |TAMS 0x0000000729e00000, 0x0000000729c00000| Untracked 
| 335|0x0000000729e00000, 0x000000072a000000, 0x000000072a000000|100%| O|  |TAMS 0x000000072a000000, 0x0000000729e00000| Untracked 
| 336|0x000000072a000000, 0x000000072a200000, 0x000000072a200000|100%| O|  |TAMS 0x000000072a200000, 0x000000072a000000| Untracked 
| 337|0x000000072a200000, 0x000000072a400000, 0x000000072a400000|100%| O|  |TAMS 0x000000072a400000, 0x000000072a200000| Untracked 
| 338|0x000000072a400000, 0x000000072a600000, 0x000000072a600000|100%| O|  |TAMS 0x000000072a600000, 0x000000072a400000| Untracked 
| 339|0x000000072a600000, 0x000000072a800000, 0x000000072a800000|100%| O|  |TAMS 0x000000072a800000, 0x000000072a600000| Untracked 
| 340|0x000000072a800000, 0x000000072aa00000, 0x000000072aa00000|100%| O|  |TAMS 0x000000072aa00000, 0x000000072a800000| Untracked 
| 341|0x000000072aa00000, 0x000000072ac00000, 0x000000072ac00000|100%| O|  |TAMS 0x000000072ac00000, 0x000000072aa00000| Untracked 
| 342|0x000000072ac00000, 0x000000072ae00000, 0x000000072ae00000|100%| O|  |TAMS 0x000000072ae00000, 0x000000072ac00000| Untracked 
| 343|0x000000072ae00000, 0x000000072b000000, 0x000000072b000000|100%| O|  |TAMS 0x000000072b000000, 0x000000072ae00000| Untracked 
| 344|0x000000072b000000, 0x000000072b200000, 0x000000072b200000|100%| O|  |TAMS 0x000000072b200000, 0x000000072b000000| Untracked 
| 345|0x000000072b200000, 0x000000072b400000, 0x000000072b400000|100%| O|  |TAMS 0x000000072b400000, 0x000000072b200000| Untracked 
| 346|0x000000072b400000, 0x000000072b600000, 0x000000072b600000|100%| O|  |TAMS 0x000000072b600000, 0x000000072b400000| Untracked 
| 347|0x000000072b600000, 0x000000072b600000, 0x000000072b800000|  0%| F|  |TAMS 0x000000072b600000, 0x000000072b600000| Untracked 
| 348|0x000000072b800000, 0x000000072ba00000, 0x000000072ba00000|100%| O|  |TAMS 0x000000072ba00000, 0x000000072b800000| Untracked 
| 349|0x000000072ba00000, 0x000000072ba00000, 0x000000072bc00000|  0%| F|  |TAMS 0x000000072ba00000, 0x000000072ba00000| Untracked 
| 350|0x000000072bc00000, 0x000000072bc00000, 0x000000072be00000|  0%| F|  |TAMS 0x000000072bc00000, 0x000000072bc00000| Untracked 
| 351|0x000000072be00000, 0x000000072be00000, 0x000000072c000000|  0%| F|  |TAMS 0x000000072be00000, 0x000000072be00000| Untracked 
| 352|0x000000072c000000, 0x000000072c000000, 0x000000072c200000|  0%| F|  |TAMS 0x000000072c000000, 0x000000072c000000| Untracked 
| 353|0x000000072c200000, 0x000000072c200000, 0x000000072c400000|  0%| F|  |TAMS 0x000000072c200000, 0x000000072c200000| Untracked 
| 354|0x000000072c400000, 0x000000072c400000, 0x000000072c600000|  0%| F|  |TAMS 0x000000072c400000, 0x000000072c400000| Untracked 
| 355|0x000000072c600000, 0x000000072c600000, 0x000000072c800000|  0%| F|  |TAMS 0x000000072c600000, 0x000000072c600000| Untracked 
| 356|0x000000072c800000, 0x000000072c800000, 0x000000072ca00000|  0%| F|  |TAMS 0x000000072c800000, 0x000000072c800000| Untracked 
| 357|0x000000072ca00000, 0x000000072ca00000, 0x000000072cc00000|  0%| F|  |TAMS 0x000000072ca00000, 0x000000072ca00000| Untracked 
| 358|0x000000072cc00000, 0x000000072cc00000, 0x000000072ce00000|  0%| F|  |TAMS 0x000000072cc00000, 0x000000072cc00000| Untracked 
| 359|0x000000072ce00000, 0x000000072ce00000, 0x000000072d000000|  0%| F|  |TAMS 0x000000072ce00000, 0x000000072ce00000| Untracked 
| 360|0x000000072d000000, 0x000000072d000000, 0x000000072d200000|  0%| F|  |TAMS 0x000000072d000000, 0x000000072d000000| Untracked 
| 361|0x000000072d200000, 0x000000072d200000, 0x000000072d400000|  0%| F|  |TAMS 0x000000072d200000, 0x000000072d200000| Untracked 
| 362|0x000000072d400000, 0x000000072d400000, 0x000000072d600000|  0%| F|  |TAMS 0x000000072d400000, 0x000000072d400000| Untracked 
| 363|0x000000072d600000, 0x000000072d600000, 0x000000072d800000|  0%| F|  |TAMS 0x000000072d600000, 0x000000072d600000| Untracked 
| 364|0x000000072d800000, 0x000000072d800000, 0x000000072da00000|  0%| F|  |TAMS 0x000000072d800000, 0x000000072d800000| Untracked 
| 365|0x000000072da00000, 0x000000072da00000, 0x000000072dc00000|  0%| F|  |TAMS 0x000000072da00000, 0x000000072da00000| Untracked 
| 366|0x000000072dc00000, 0x000000072dc00000, 0x000000072de00000|  0%| F|  |TAMS 0x000000072dc00000, 0x000000072dc00000| Untracked 
| 367|0x000000072de00000, 0x000000072de00000, 0x000000072e000000|  0%| F|  |TAMS 0x000000072de00000, 0x000000072de00000| Untracked 
| 368|0x000000072e000000, 0x000000072e000000, 0x000000072e200000|  0%| F|  |TAMS 0x000000072e000000, 0x000000072e000000| Untracked 
| 369|0x000000072e200000, 0x000000072e200000, 0x000000072e400000|  0%| F|  |TAMS 0x000000072e200000, 0x000000072e200000| Untracked 
| 370|0x000000072e400000, 0x000000072e400000, 0x000000072e600000|  0%| F|  |TAMS 0x000000072e400000, 0x000000072e400000| Untracked 
| 371|0x000000072e600000, 0x000000072e600000, 0x000000072e800000|  0%| F|  |TAMS 0x000000072e600000, 0x000000072e600000| Untracked 
| 372|0x000000072e800000, 0x000000072e800000, 0x000000072ea00000|  0%| F|  |TAMS 0x000000072e800000, 0x000000072e800000| Untracked 
| 373|0x000000072ea00000, 0x000000072ea00000, 0x000000072ec00000|  0%| F|  |TAMS 0x000000072ea00000, 0x000000072ea00000| Untracked 
| 374|0x000000072ec00000, 0x000000072ec00000, 0x000000072ee00000|  0%| F|  |TAMS 0x000000072ec00000, 0x000000072ec00000| Untracked 
| 375|0x000000072ee00000, 0x000000072ee00000, 0x000000072f000000|  0%| F|  |TAMS 0x000000072ee00000, 0x000000072ee00000| Untracked 
| 376|0x000000072f000000, 0x000000072f000000, 0x000000072f200000|  0%| F|  |TAMS 0x000000072f000000, 0x000000072f000000| Untracked 
| 377|0x000000072f200000, 0x000000072f200000, 0x000000072f400000|  0%| F|  |TAMS 0x000000072f200000, 0x000000072f200000| Untracked 
| 378|0x000000072f400000, 0x000000072f400000, 0x000000072f600000|  0%| F|  |TAMS 0x000000072f400000, 0x000000072f400000| Untracked 
| 379|0x000000072f600000, 0x000000072f600000, 0x000000072f800000|  0%| F|  |TAMS 0x000000072f600000, 0x000000072f600000| Untracked 
| 380|0x000000072f800000, 0x000000072f800000, 0x000000072fa00000|  0%| F|  |TAMS 0x000000072f800000, 0x000000072f800000| Untracked 
| 381|0x000000072fa00000, 0x000000072fa00000, 0x000000072fc00000|  0%| F|  |TAMS 0x000000072fa00000, 0x000000072fa00000| Untracked 
| 382|0x000000072fc00000, 0x000000072fc00000, 0x000000072fe00000|  0%| F|  |TAMS 0x000000072fc00000, 0x000000072fc00000| Untracked 
| 383|0x000000072fe00000, 0x000000072fe00000, 0x0000000730000000|  0%| F|  |TAMS 0x000000072fe00000, 0x000000072fe00000| Untracked 
| 384|0x0000000730000000, 0x0000000730000000, 0x0000000730200000|  0%| F|  |TAMS 0x0000000730000000, 0x0000000730000000| Untracked 
| 385|0x0000000730200000, 0x0000000730200000, 0x0000000730400000|  0%| F|  |TAMS 0x0000000730200000, 0x0000000730200000| Untracked 
| 386|0x0000000730400000, 0x0000000730400000, 0x0000000730600000|  0%| F|  |TAMS 0x0000000730400000, 0x0000000730400000| Untracked 
| 387|0x0000000730600000, 0x0000000730600000, 0x0000000730800000|  0%| F|  |TAMS 0x0000000730600000, 0x0000000730600000| Untracked 
| 388|0x0000000730800000, 0x0000000730800000, 0x0000000730a00000|  0%| F|  |TAMS 0x0000000730800000, 0x0000000730800000| Untracked 
| 389|0x0000000730a00000, 0x0000000730a00000, 0x0000000730c00000|  0%| F|  |TAMS 0x0000000730a00000, 0x0000000730a00000| Untracked 
| 390|0x0000000730c00000, 0x0000000730c00000, 0x0000000730e00000|  0%| F|  |TAMS 0x0000000730c00000, 0x0000000730c00000| Untracked 
| 391|0x0000000730e00000, 0x0000000730e00000, 0x0000000731000000|  0%| F|  |TAMS 0x0000000730e00000, 0x0000000730e00000| Untracked 
| 392|0x0000000731000000, 0x0000000731000000, 0x0000000731200000|  0%| F|  |TAMS 0x0000000731000000, 0x0000000731000000| Untracked 
| 393|0x0000000731200000, 0x0000000731200000, 0x0000000731400000|  0%| F|  |TAMS 0x0000000731200000, 0x0000000731200000| Untracked 
| 394|0x0000000731400000, 0x0000000731400000, 0x0000000731600000|  0%| F|  |TAMS 0x0000000731400000, 0x0000000731400000| Untracked 
| 395|0x0000000731600000, 0x0000000731600000, 0x0000000731800000|  0%| F|  |TAMS 0x0000000731600000, 0x0000000731600000| Untracked 
| 396|0x0000000731800000, 0x0000000731800000, 0x0000000731a00000|  0%| F|  |TAMS 0x0000000731800000, 0x0000000731800000| Untracked 
| 397|0x0000000731a00000, 0x0000000731a00000, 0x0000000731c00000|  0%| F|  |TAMS 0x0000000731a00000, 0x0000000731a00000| Untracked 
| 398|0x0000000731c00000, 0x0000000731c00000, 0x0000000731e00000|  0%| F|  |TAMS 0x0000000731c00000, 0x0000000731c00000| Untracked 
| 399|0x0000000731e00000, 0x0000000731e00000, 0x0000000732000000|  0%| F|  |TAMS 0x0000000731e00000, 0x0000000731e00000| Untracked 
| 400|0x0000000732000000, 0x0000000732000000, 0x0000000732200000|  0%| F|  |TAMS 0x0000000732000000, 0x0000000732000000| Untracked 
| 401|0x0000000732200000, 0x0000000732200000, 0x0000000732400000|  0%| F|  |TAMS 0x0000000732200000, 0x0000000732200000| Untracked 
| 402|0x0000000732400000, 0x0000000732400000, 0x0000000732600000|  0%| F|  |TAMS 0x0000000732400000, 0x0000000732400000| Untracked 
| 403|0x0000000732600000, 0x0000000732600000, 0x0000000732800000|  0%| F|  |TAMS 0x0000000732600000, 0x0000000732600000| Untracked 
| 404|0x0000000732800000, 0x0000000732800000, 0x0000000732a00000|  0%| F|  |TAMS 0x0000000732800000, 0x0000000732800000| Untracked 
| 405|0x0000000732a00000, 0x0000000732a00000, 0x0000000732c00000|  0%| F|  |TAMS 0x0000000732a00000, 0x0000000732a00000| Untracked 
| 406|0x0000000732c00000, 0x0000000732c00000, 0x0000000732e00000|  0%| F|  |TAMS 0x0000000732c00000, 0x0000000732c00000| Untracked 
| 407|0x0000000732e00000, 0x0000000732e00000, 0x0000000733000000|  0%| F|  |TAMS 0x0000000732e00000, 0x0000000732e00000| Untracked 
| 408|0x0000000733000000, 0x0000000733000000, 0x0000000733200000|  0%| F|  |TAMS 0x0000000733000000, 0x0000000733000000| Untracked 
| 409|0x0000000733200000, 0x0000000733200000, 0x0000000733400000|  0%| F|  |TAMS 0x0000000733200000, 0x0000000733200000| Untracked 
| 410|0x0000000733400000, 0x0000000733400000, 0x0000000733600000|  0%| F|  |TAMS 0x0000000733400000, 0x0000000733400000| Untracked 
| 411|0x0000000733600000, 0x0000000733600000, 0x0000000733800000|  0%| F|  |TAMS 0x0000000733600000, 0x0000000733600000| Untracked 
| 412|0x0000000733800000, 0x0000000733800000, 0x0000000733a00000|  0%| F|  |TAMS 0x0000000733800000, 0x0000000733800000| Untracked 
| 413|0x0000000733a00000, 0x0000000733a00000, 0x0000000733c00000|  0%| F|  |TAMS 0x0000000733a00000, 0x0000000733a00000| Untracked 
| 414|0x0000000733c00000, 0x0000000733c00000, 0x0000000733e00000|  0%| F|  |TAMS 0x0000000733c00000, 0x0000000733c00000| Untracked 
| 415|0x0000000733e00000, 0x0000000733e00000, 0x0000000734000000|  0%| F|  |TAMS 0x0000000733e00000, 0x0000000733e00000| Untracked 
| 416|0x0000000734000000, 0x0000000734000000, 0x0000000734200000|  0%| F|  |TAMS 0x0000000734000000, 0x0000000734000000| Untracked 
| 417|0x0000000734200000, 0x0000000734200000, 0x0000000734400000|  0%| F|  |TAMS 0x0000000734200000, 0x0000000734200000| Untracked 
| 418|0x0000000734400000, 0x0000000734400000, 0x0000000734600000|  0%| F|  |TAMS 0x0000000734400000, 0x0000000734400000| Untracked 
| 419|0x0000000734600000, 0x0000000734600000, 0x0000000734800000|  0%| F|  |TAMS 0x0000000734600000, 0x0000000734600000| Untracked 
| 420|0x0000000734800000, 0x0000000734800000, 0x0000000734a00000|  0%| F|  |TAMS 0x0000000734800000, 0x0000000734800000| Untracked 
| 421|0x0000000734a00000, 0x0000000734a00000, 0x0000000734c00000|  0%| F|  |TAMS 0x0000000734a00000, 0x0000000734a00000| Untracked 
| 422|0x0000000734c00000, 0x0000000734c00000, 0x0000000734e00000|  0%| F|  |TAMS 0x0000000734c00000, 0x0000000734c00000| Untracked 
| 423|0x0000000734e00000, 0x0000000734e00000, 0x0000000735000000|  0%| F|  |TAMS 0x0000000734e00000, 0x0000000734e00000| Untracked 
| 424|0x0000000735000000, 0x0000000735000000, 0x0000000735200000|  0%| F|  |TAMS 0x0000000735000000, 0x0000000735000000| Untracked 
| 425|0x0000000735200000, 0x0000000735200000, 0x0000000735400000|  0%| F|  |TAMS 0x0000000735200000, 0x0000000735200000| Untracked 
| 426|0x0000000735400000, 0x0000000735400000, 0x0000000735600000|  0%| F|  |TAMS 0x0000000735400000, 0x0000000735400000| Untracked 
| 427|0x0000000735600000, 0x0000000735600000, 0x0000000735800000|  0%| F|  |TAMS 0x0000000735600000, 0x0000000735600000| Untracked 
| 428|0x0000000735800000, 0x0000000735800000, 0x0000000735a00000|  0%| F|  |TAMS 0x0000000735800000, 0x0000000735800000| Untracked 
| 429|0x0000000735a00000, 0x0000000735a00000, 0x0000000735c00000|  0%| F|  |TAMS 0x0000000735a00000, 0x0000000735a00000| Untracked 
| 430|0x0000000735c00000, 0x0000000735c00000, 0x0000000735e00000|  0%| F|  |TAMS 0x0000000735c00000, 0x0000000735c00000| Untracked 
| 431|0x0000000735e00000, 0x0000000735e00000, 0x0000000736000000|  0%| F|  |TAMS 0x0000000735e00000, 0x0000000735e00000| Untracked 
| 432|0x0000000736000000, 0x0000000736000000, 0x0000000736200000|  0%| F|  |TAMS 0x0000000736000000, 0x0000000736000000| Untracked 
| 433|0x0000000736200000, 0x0000000736200000, 0x0000000736400000|  0%| F|  |TAMS 0x0000000736200000, 0x0000000736200000| Untracked 
| 434|0x0000000736400000, 0x0000000736400000, 0x0000000736600000|  0%| F|  |TAMS 0x0000000736400000, 0x0000000736400000| Untracked 
| 435|0x0000000736600000, 0x0000000736600000, 0x0000000736800000|  0%| F|  |TAMS 0x0000000736600000, 0x0000000736600000| Untracked 
| 436|0x0000000736800000, 0x0000000736800000, 0x0000000736a00000|  0%| F|  |TAMS 0x0000000736800000, 0x0000000736800000| Untracked 
| 437|0x0000000736a00000, 0x0000000736a00000, 0x0000000736c00000|  0%| F|  |TAMS 0x0000000736a00000, 0x0000000736a00000| Untracked 
| 438|0x0000000736c00000, 0x0000000736c00000, 0x0000000736e00000|  0%| F|  |TAMS 0x0000000736c00000, 0x0000000736c00000| Untracked 
| 439|0x0000000736e00000, 0x0000000736e00000, 0x0000000737000000|  0%| F|  |TAMS 0x0000000736e00000, 0x0000000736e00000| Untracked 
| 440|0x0000000737000000, 0x0000000737000000, 0x0000000737200000|  0%| F|  |TAMS 0x0000000737000000, 0x0000000737000000| Untracked 
| 441|0x0000000737200000, 0x0000000737200000, 0x0000000737400000|  0%| F|  |TAMS 0x0000000737200000, 0x0000000737200000| Untracked 
| 442|0x0000000737400000, 0x0000000737400000, 0x0000000737600000|  0%| F|  |TAMS 0x0000000737400000, 0x0000000737400000| Untracked 
| 443|0x0000000737600000, 0x0000000737600000, 0x0000000737800000|  0%| F|  |TAMS 0x0000000737600000, 0x0000000737600000| Untracked 
| 444|0x0000000737800000, 0x0000000737800000, 0x0000000737a00000|  0%| F|  |TAMS 0x0000000737800000, 0x0000000737800000| Untracked 
| 445|0x0000000737a00000, 0x0000000737a00000, 0x0000000737c00000|  0%| F|  |TAMS 0x0000000737a00000, 0x0000000737a00000| Untracked 
| 446|0x0000000737c00000, 0x0000000737c00000, 0x0000000737e00000|  0%| F|  |TAMS 0x0000000737c00000, 0x0000000737c00000| Untracked 
| 447|0x0000000737e00000, 0x0000000737e00000, 0x0000000738000000|  0%| F|  |TAMS 0x0000000737e00000, 0x0000000737e00000| Untracked 
| 448|0x0000000738000000, 0x0000000738000000, 0x0000000738200000|  0%| F|  |TAMS 0x0000000738000000, 0x0000000738000000| Untracked 
| 449|0x0000000738200000, 0x0000000738200000, 0x0000000738400000|  0%| F|  |TAMS 0x0000000738200000, 0x0000000738200000| Untracked 
| 450|0x0000000738400000, 0x0000000738400000, 0x0000000738600000|  0%| F|  |TAMS 0x0000000738400000, 0x0000000738400000| Untracked 
| 451|0x0000000738600000, 0x0000000738600000, 0x0000000738800000|  0%| F|  |TAMS 0x0000000738600000, 0x0000000738600000| Untracked 
| 452|0x0000000738800000, 0x0000000738800000, 0x0000000738a00000|  0%| F|  |TAMS 0x0000000738800000, 0x0000000738800000| Untracked 
| 453|0x0000000738a00000, 0x0000000738a00000, 0x0000000738c00000|  0%| F|  |TAMS 0x0000000738a00000, 0x0000000738a00000| Untracked 
| 454|0x0000000738c00000, 0x0000000738c00000, 0x0000000738e00000|  0%| F|  |TAMS 0x0000000738c00000, 0x0000000738c00000| Untracked 
| 455|0x0000000738e00000, 0x0000000738e00000, 0x0000000739000000|  0%| F|  |TAMS 0x0000000738e00000, 0x0000000738e00000| Untracked 
| 456|0x0000000739000000, 0x0000000739000000, 0x0000000739200000|  0%| F|  |TAMS 0x0000000739000000, 0x0000000739000000| Untracked 
| 457|0x0000000739200000, 0x0000000739200000, 0x0000000739400000|  0%| F|  |TAMS 0x0000000739200000, 0x0000000739200000| Untracked 
| 458|0x0000000739400000, 0x0000000739400000, 0x0000000739600000|  0%| F|  |TAMS 0x0000000739400000, 0x0000000739400000| Untracked 
| 459|0x0000000739600000, 0x0000000739600000, 0x0000000739800000|  0%| F|  |TAMS 0x0000000739600000, 0x0000000739600000| Untracked 
| 460|0x0000000739800000, 0x0000000739800000, 0x0000000739a00000|  0%| F|  |TAMS 0x0000000739800000, 0x0000000739800000| Untracked 
| 461|0x0000000739a00000, 0x0000000739a00000, 0x0000000739c00000|  0%| F|  |TAMS 0x0000000739a00000, 0x0000000739a00000| Untracked 
| 462|0x0000000739c00000, 0x0000000739c00000, 0x0000000739e00000|  0%| F|  |TAMS 0x0000000739c00000, 0x0000000739c00000| Untracked 
| 463|0x0000000739e00000, 0x0000000739e00000, 0x000000073a000000|  0%| F|  |TAMS 0x0000000739e00000, 0x0000000739e00000| Untracked 
| 464|0x000000073a000000, 0x000000073a000000, 0x000000073a200000|  0%| F|  |TAMS 0x000000073a000000, 0x000000073a000000| Untracked 
| 465|0x000000073a200000, 0x000000073a200000, 0x000000073a400000|  0%| F|  |TAMS 0x000000073a200000, 0x000000073a200000| Untracked 
| 466|0x000000073a400000, 0x000000073a400000, 0x000000073a600000|  0%| F|  |TAMS 0x000000073a400000, 0x000000073a400000| Untracked 
| 467|0x000000073a600000, 0x000000073a600000, 0x000000073a800000|  0%| F|  |TAMS 0x000000073a600000, 0x000000073a600000| Untracked 
| 468|0x000000073a800000, 0x000000073a800000, 0x000000073aa00000|  0%| F|  |TAMS 0x000000073a800000, 0x000000073a800000| Untracked 
| 469|0x000000073aa00000, 0x000000073aa00000, 0x000000073ac00000|  0%| F|  |TAMS 0x000000073aa00000, 0x000000073aa00000| Untracked 
| 470|0x000000073ac00000, 0x000000073ac00000, 0x000000073ae00000|  0%| F|  |TAMS 0x000000073ac00000, 0x000000073ac00000| Untracked 
| 471|0x000000073ae00000, 0x000000073ae00000, 0x000000073b000000|  0%| F|  |TAMS 0x000000073ae00000, 0x000000073ae00000| Untracked 
| 472|0x000000073b000000, 0x000000073b000000, 0x000000073b200000|  0%| F|  |TAMS 0x000000073b000000, 0x000000073b000000| Untracked 
| 473|0x000000073b200000, 0x000000073b200000, 0x000000073b400000|  0%| F|  |TAMS 0x000000073b200000, 0x000000073b200000| Untracked 
| 474|0x000000073b400000, 0x000000073b400000, 0x000000073b600000|  0%| F|  |TAMS 0x000000073b400000, 0x000000073b400000| Untracked 
| 475|0x000000073b600000, 0x000000073b600000, 0x000000073b800000|  0%| F|  |TAMS 0x000000073b600000, 0x000000073b600000| Untracked 
| 476|0x000000073b800000, 0x000000073b800000, 0x000000073ba00000|  0%| F|  |TAMS 0x000000073b800000, 0x000000073b800000| Untracked 
| 477|0x000000073ba00000, 0x000000073ba00000, 0x000000073bc00000|  0%| F|  |TAMS 0x000000073ba00000, 0x000000073ba00000| Untracked 
| 478|0x000000073bc00000, 0x000000073bc00000, 0x000000073be00000|  0%| F|  |TAMS 0x000000073bc00000, 0x000000073bc00000| Untracked 
| 479|0x000000073be00000, 0x000000073be00000, 0x000000073c000000|  0%| F|  |TAMS 0x000000073be00000, 0x000000073be00000| Untracked 
| 480|0x000000073c000000, 0x000000073c000000, 0x000000073c200000|  0%| F|  |TAMS 0x000000073c000000, 0x000000073c000000| Untracked 
| 481|0x000000073c200000, 0x000000073c200000, 0x000000073c400000|  0%| F|  |TAMS 0x000000073c200000, 0x000000073c200000| Untracked 
| 482|0x000000073c400000, 0x000000073c400000, 0x000000073c600000|  0%| F|  |TAMS 0x000000073c400000, 0x000000073c400000| Untracked 
| 483|0x000000073c600000, 0x000000073c600000, 0x000000073c800000|  0%| F|  |TAMS 0x000000073c600000, 0x000000073c600000| Untracked 
| 484|0x000000073c800000, 0x000000073c800000, 0x000000073ca00000|  0%| F|  |TAMS 0x000000073c800000, 0x000000073c800000| Untracked 
| 485|0x000000073ca00000, 0x000000073ca00000, 0x000000073cc00000|  0%| F|  |TAMS 0x000000073ca00000, 0x000000073ca00000| Untracked 
| 486|0x000000073cc00000, 0x000000073cc00000, 0x000000073ce00000|  0%| F|  |TAMS 0x000000073cc00000, 0x000000073cc00000| Untracked 
| 487|0x000000073ce00000, 0x000000073ce00000, 0x000000073d000000|  0%| F|  |TAMS 0x000000073ce00000, 0x000000073ce00000| Untracked 
| 488|0x000000073d000000, 0x000000073d000000, 0x000000073d200000|  0%| F|  |TAMS 0x000000073d000000, 0x000000073d000000| Untracked 
| 489|0x000000073d200000, 0x000000073d200000, 0x000000073d400000|  0%| F|  |TAMS 0x000000073d200000, 0x000000073d200000| Untracked 
| 490|0x000000073d400000, 0x000000073d400000, 0x000000073d600000|  0%| F|  |TAMS 0x000000073d400000, 0x000000073d400000| Untracked 
| 491|0x000000073d600000, 0x000000073d600000, 0x000000073d800000|  0%| F|  |TAMS 0x000000073d600000, 0x000000073d600000| Untracked 
| 492|0x000000073d800000, 0x000000073d800000, 0x000000073da00000|  0%| F|  |TAMS 0x000000073d800000, 0x000000073d800000| Untracked 
| 493|0x000000073da00000, 0x000000073da00000, 0x000000073dc00000|  0%| F|  |TAMS 0x000000073da00000, 0x000000073da00000| Untracked 
| 494|0x000000073dc00000, 0x000000073dc00000, 0x000000073de00000|  0%| F|  |TAMS 0x000000073dc00000, 0x000000073dc00000| Untracked 
| 495|0x000000073de00000, 0x000000073de00000, 0x000000073e000000|  0%| F|  |TAMS 0x000000073de00000, 0x000000073de00000| Untracked 
| 496|0x000000073e000000, 0x000000073e000000, 0x000000073e200000|  0%| F|  |TAMS 0x000000073e000000, 0x000000073e000000| Untracked 
| 497|0x000000073e200000, 0x000000073e200000, 0x000000073e400000|  0%| F|  |TAMS 0x000000073e200000, 0x000000073e200000| Untracked 
| 498|0x000000073e400000, 0x000000073e400000, 0x000000073e600000|  0%| F|  |TAMS 0x000000073e400000, 0x000000073e400000| Untracked 
| 499|0x000000073e600000, 0x000000073e600000, 0x000000073e800000|  0%| F|  |TAMS 0x000000073e600000, 0x000000073e600000| Untracked 
| 500|0x000000073e800000, 0x000000073e800000, 0x000000073ea00000|  0%| F|  |TAMS 0x000000073e800000, 0x000000073e800000| Untracked 
| 501|0x000000073ea00000, 0x000000073ea00000, 0x000000073ec00000|  0%| F|  |TAMS 0x000000073ea00000, 0x000000073ea00000| Untracked 
| 502|0x000000073ec00000, 0x000000073ec00000, 0x000000073ee00000|  0%| F|  |TAMS 0x000000073ec00000, 0x000000073ec00000| Untracked 
| 503|0x000000073ee00000, 0x000000073ee00000, 0x000000073f000000|  0%| F|  |TAMS 0x000000073ee00000, 0x000000073ee00000| Untracked 
| 504|0x000000073f000000, 0x000000073f000000, 0x000000073f200000|  0%| F|  |TAMS 0x000000073f000000, 0x000000073f000000| Untracked 
| 505|0x000000073f200000, 0x000000073f200000, 0x000000073f400000|  0%| F|  |TAMS 0x000000073f200000, 0x000000073f200000| Untracked 
| 506|0x000000073f400000, 0x000000073f400000, 0x000000073f600000|  0%| F|  |TAMS 0x000000073f400000, 0x000000073f400000| Untracked 
| 507|0x000000073f600000, 0x000000073f600000, 0x000000073f800000|  0%| F|  |TAMS 0x000000073f600000, 0x000000073f600000| Untracked 
| 508|0x000000073f800000, 0x000000073f800000, 0x000000073fa00000|  0%| F|  |TAMS 0x000000073f800000, 0x000000073f800000| Untracked 
| 509|0x000000073fa00000, 0x000000073fa00000, 0x000000073fc00000|  0%| F|  |TAMS 0x000000073fa00000, 0x000000073fa00000| Untracked 
| 510|0x000000073fc00000, 0x000000073fc00000, 0x000000073fe00000|  0%| F|  |TAMS 0x000000073fc00000, 0x000000073fc00000| Untracked 
| 511|0x000000073fe00000, 0x000000073fe00000, 0x0000000740000000|  0%| F|  |TAMS 0x000000073fe00000, 0x000000073fe00000| Untracked 
| 512|0x0000000740000000, 0x0000000740000000, 0x0000000740200000|  0%| F|  |TAMS 0x0000000740000000, 0x0000000740000000| Untracked 
| 513|0x0000000740200000, 0x0000000740200000, 0x0000000740400000|  0%| F|  |TAMS 0x0000000740200000, 0x0000000740200000| Untracked 
| 514|0x0000000740400000, 0x0000000740400000, 0x0000000740600000|  0%| F|  |TAMS 0x0000000740400000, 0x0000000740400000| Untracked 
| 515|0x0000000740600000, 0x0000000740600000, 0x0000000740800000|  0%| F|  |TAMS 0x0000000740600000, 0x0000000740600000| Untracked 
| 516|0x0000000740800000, 0x0000000740800000, 0x0000000740a00000|  0%| F|  |TAMS 0x0000000740800000, 0x0000000740800000| Untracked 
| 517|0x0000000740a00000, 0x0000000740a00000, 0x0000000740c00000|  0%| F|  |TAMS 0x0000000740a00000, 0x0000000740a00000| Untracked 
| 518|0x0000000740c00000, 0x0000000740c00000, 0x0000000740e00000|  0%| F|  |TAMS 0x0000000740c00000, 0x0000000740c00000| Untracked 
| 519|0x0000000740e00000, 0x0000000740e00000, 0x0000000741000000|  0%| F|  |TAMS 0x0000000740e00000, 0x0000000740e00000| Untracked 
| 520|0x0000000741000000, 0x0000000741000000, 0x0000000741200000|  0%| F|  |TAMS 0x0000000741000000, 0x0000000741000000| Untracked 
| 521|0x0000000741200000, 0x0000000741200000, 0x0000000741400000|  0%| F|  |TAMS 0x0000000741200000, 0x0000000741200000| Untracked 
| 522|0x0000000741400000, 0x0000000741400000, 0x0000000741600000|  0%| F|  |TAMS 0x0000000741400000, 0x0000000741400000| Untracked 
| 523|0x0000000741600000, 0x0000000741600000, 0x0000000741800000|  0%| F|  |TAMS 0x0000000741600000, 0x0000000741600000| Untracked 
| 524|0x0000000741800000, 0x0000000741800000, 0x0000000741a00000|  0%| F|  |TAMS 0x0000000741800000, 0x0000000741800000| Untracked 
| 525|0x0000000741a00000, 0x0000000741a00000, 0x0000000741c00000|  0%| F|  |TAMS 0x0000000741a00000, 0x0000000741a00000| Untracked 
| 526|0x0000000741c00000, 0x0000000741c00000, 0x0000000741e00000|  0%| F|  |TAMS 0x0000000741c00000, 0x0000000741c00000| Untracked 
| 527|0x0000000741e00000, 0x0000000741e00000, 0x0000000742000000|  0%| F|  |TAMS 0x0000000741e00000, 0x0000000741e00000| Untracked 
| 528|0x0000000742000000, 0x0000000742000000, 0x0000000742200000|  0%| F|  |TAMS 0x0000000742000000, 0x0000000742000000| Untracked 
| 529|0x0000000742200000, 0x0000000742200000, 0x0000000742400000|  0%| F|  |TAMS 0x0000000742200000, 0x0000000742200000| Untracked 
| 530|0x0000000742400000, 0x0000000742400000, 0x0000000742600000|  0%| F|  |TAMS 0x0000000742400000, 0x0000000742400000| Untracked 
| 531|0x0000000742600000, 0x0000000742600000, 0x0000000742800000|  0%| F|  |TAMS 0x0000000742600000, 0x0000000742600000| Untracked 
| 532|0x0000000742800000, 0x0000000742800000, 0x0000000742a00000|  0%| F|  |TAMS 0x0000000742800000, 0x0000000742800000| Untracked 
| 533|0x0000000742a00000, 0x0000000742a00000, 0x0000000742c00000|  0%| F|  |TAMS 0x0000000742a00000, 0x0000000742a00000| Untracked 
| 534|0x0000000742c00000, 0x0000000742c00000, 0x0000000742e00000|  0%| F|  |TAMS 0x0000000742c00000, 0x0000000742c00000| Untracked 
| 535|0x0000000742e00000, 0x0000000742e00000, 0x0000000743000000|  0%| F|  |TAMS 0x0000000742e00000, 0x0000000742e00000| Untracked 
| 536|0x0000000743000000, 0x0000000743000000, 0x0000000743200000|  0%| F|  |TAMS 0x0000000743000000, 0x0000000743000000| Untracked 
| 537|0x0000000743200000, 0x0000000743200000, 0x0000000743400000|  0%| F|  |TAMS 0x0000000743200000, 0x0000000743200000| Untracked 
| 538|0x0000000743400000, 0x0000000743400000, 0x0000000743600000|  0%| F|  |TAMS 0x0000000743400000, 0x0000000743400000| Untracked 
| 539|0x0000000743600000, 0x0000000743600000, 0x0000000743800000|  0%| F|  |TAMS 0x0000000743600000, 0x0000000743600000| Untracked 
| 540|0x0000000743800000, 0x0000000743800000, 0x0000000743a00000|  0%| F|  |TAMS 0x0000000743800000, 0x0000000743800000| Untracked 
| 541|0x0000000743a00000, 0x0000000743a00000, 0x0000000743c00000|  0%| F|  |TAMS 0x0000000743a00000, 0x0000000743a00000| Untracked 
| 542|0x0000000743c00000, 0x0000000743c00000, 0x0000000743e00000|  0%| F|  |TAMS 0x0000000743c00000, 0x0000000743c00000| Untracked 
| 543|0x0000000743e00000, 0x0000000743e00000, 0x0000000744000000|  0%| F|  |TAMS 0x0000000743e00000, 0x0000000743e00000| Untracked 
| 544|0x0000000744000000, 0x0000000744000000, 0x0000000744200000|  0%| F|  |TAMS 0x0000000744000000, 0x0000000744000000| Untracked 
| 545|0x0000000744200000, 0x0000000744200000, 0x0000000744400000|  0%| F|  |TAMS 0x0000000744200000, 0x0000000744200000| Untracked 
| 546|0x0000000744400000, 0x0000000744400000, 0x0000000744600000|  0%| F|  |TAMS 0x0000000744400000, 0x0000000744400000| Untracked 
| 547|0x0000000744600000, 0x0000000744600000, 0x0000000744800000|  0%| F|  |TAMS 0x0000000744600000, 0x0000000744600000| Untracked 
| 548|0x0000000744800000, 0x0000000744800000, 0x0000000744a00000|  0%| F|  |TAMS 0x0000000744800000, 0x0000000744800000| Untracked 
| 549|0x0000000744a00000, 0x0000000744a00000, 0x0000000744c00000|  0%| F|  |TAMS 0x0000000744a00000, 0x0000000744a00000| Untracked 
| 550|0x0000000744c00000, 0x0000000744c00000, 0x0000000744e00000|  0%| F|  |TAMS 0x0000000744c00000, 0x0000000744c00000| Untracked 
| 551|0x0000000744e00000, 0x0000000744e00000, 0x0000000745000000|  0%| F|  |TAMS 0x0000000744e00000, 0x0000000744e00000| Untracked 
| 552|0x0000000745000000, 0x0000000745000000, 0x0000000745200000|  0%| F|  |TAMS 0x0000000745000000, 0x0000000745000000| Untracked 
| 553|0x0000000745200000, 0x0000000745200000, 0x0000000745400000|  0%| F|  |TAMS 0x0000000745200000, 0x0000000745200000| Untracked 
| 554|0x0000000745400000, 0x0000000745400000, 0x0000000745600000|  0%| F|  |TAMS 0x0000000745400000, 0x0000000745400000| Untracked 
| 555|0x0000000745600000, 0x0000000745600000, 0x0000000745800000|  0%| F|  |TAMS 0x0000000745600000, 0x0000000745600000| Untracked 
| 556|0x0000000745800000, 0x0000000745800000, 0x0000000745a00000|  0%| F|  |TAMS 0x0000000745800000, 0x0000000745800000| Untracked 
| 557|0x0000000745a00000, 0x0000000745a00000, 0x0000000745c00000|  0%| F|  |TAMS 0x0000000745a00000, 0x0000000745a00000| Untracked 
| 558|0x0000000745c00000, 0x0000000745c00000, 0x0000000745e00000|  0%| F|  |TAMS 0x0000000745c00000, 0x0000000745c00000| Untracked 
| 559|0x0000000745e00000, 0x0000000745e00000, 0x0000000746000000|  0%| F|  |TAMS 0x0000000745e00000, 0x0000000745e00000| Untracked 
| 560|0x0000000746000000, 0x0000000746000000, 0x0000000746200000|  0%| F|  |TAMS 0x0000000746000000, 0x0000000746000000| Untracked 
| 561|0x0000000746200000, 0x0000000746200000, 0x0000000746400000|  0%| F|  |TAMS 0x0000000746200000, 0x0000000746200000| Untracked 
| 562|0x0000000746400000, 0x0000000746400000, 0x0000000746600000|  0%| F|  |TAMS 0x0000000746400000, 0x0000000746400000| Untracked 
| 563|0x0000000746600000, 0x0000000746600000, 0x0000000746800000|  0%| F|  |TAMS 0x0000000746600000, 0x0000000746600000| Untracked 
| 564|0x0000000746800000, 0x0000000746800000, 0x0000000746a00000|  0%| F|  |TAMS 0x0000000746800000, 0x0000000746800000| Untracked 
| 565|0x0000000746a00000, 0x0000000746a00000, 0x0000000746c00000|  0%| F|  |TAMS 0x0000000746a00000, 0x0000000746a00000| Untracked 
| 566|0x0000000746c00000, 0x0000000746c00000, 0x0000000746e00000|  0%| F|  |TAMS 0x0000000746c00000, 0x0000000746c00000| Untracked 
| 567|0x0000000746e00000, 0x0000000746e00000, 0x0000000747000000|  0%| F|  |TAMS 0x0000000746e00000, 0x0000000746e00000| Untracked 
| 568|0x0000000747000000, 0x0000000747000000, 0x0000000747200000|  0%| F|  |TAMS 0x0000000747000000, 0x0000000747000000| Untracked 
| 569|0x0000000747200000, 0x0000000747200000, 0x0000000747400000|  0%| F|  |TAMS 0x0000000747200000, 0x0000000747200000| Untracked 
| 570|0x0000000747400000, 0x0000000747400000, 0x0000000747600000|  0%| F|  |TAMS 0x0000000747400000, 0x0000000747400000| Untracked 
| 571|0x0000000747600000, 0x0000000747600000, 0x0000000747800000|  0%| F|  |TAMS 0x0000000747600000, 0x0000000747600000| Untracked 
| 572|0x0000000747800000, 0x0000000747800000, 0x0000000747a00000|  0%| F|  |TAMS 0x0000000747800000, 0x0000000747800000| Untracked 
| 573|0x0000000747a00000, 0x0000000747a00000, 0x0000000747c00000|  0%| F|  |TAMS 0x0000000747a00000, 0x0000000747a00000| Untracked 
| 574|0x0000000747c00000, 0x0000000747c00000, 0x0000000747e00000|  0%| F|  |TAMS 0x0000000747c00000, 0x0000000747c00000| Untracked 
| 575|0x0000000747e00000, 0x0000000747e00000, 0x0000000748000000|  0%| F|  |TAMS 0x0000000747e00000, 0x0000000747e00000| Untracked 
| 576|0x0000000748000000, 0x0000000748000000, 0x0000000748200000|  0%| F|  |TAMS 0x0000000748000000, 0x0000000748000000| Untracked 
| 577|0x0000000748200000, 0x0000000748200000, 0x0000000748400000|  0%| F|  |TAMS 0x0000000748200000, 0x0000000748200000| Untracked 
| 578|0x0000000748400000, 0x0000000748400000, 0x0000000748600000|  0%| F|  |TAMS 0x0000000748400000, 0x0000000748400000| Untracked 
| 579|0x0000000748600000, 0x0000000748600000, 0x0000000748800000|  0%| F|  |TAMS 0x0000000748600000, 0x0000000748600000| Untracked 
| 580|0x0000000748800000, 0x0000000748800000, 0x0000000748a00000|  0%| F|  |TAMS 0x0000000748800000, 0x0000000748800000| Untracked 
| 581|0x0000000748a00000, 0x0000000748a00000, 0x0000000748c00000|  0%| F|  |TAMS 0x0000000748a00000, 0x0000000748a00000| Untracked 
| 582|0x0000000748c00000, 0x0000000748c00000, 0x0000000748e00000|  0%| F|  |TAMS 0x0000000748c00000, 0x0000000748c00000| Untracked 
| 583|0x0000000748e00000, 0x0000000748e00000, 0x0000000749000000|  0%| F|  |TAMS 0x0000000748e00000, 0x0000000748e00000| Untracked 
| 584|0x0000000749000000, 0x0000000749000000, 0x0000000749200000|  0%| F|  |TAMS 0x0000000749000000, 0x0000000749000000| Untracked 
| 585|0x0000000749200000, 0x0000000749200000, 0x0000000749400000|  0%| F|  |TAMS 0x0000000749200000, 0x0000000749200000| Untracked 
| 586|0x0000000749400000, 0x0000000749400000, 0x0000000749600000|  0%| F|  |TAMS 0x0000000749400000, 0x0000000749400000| Untracked 
| 587|0x0000000749600000, 0x0000000749600000, 0x0000000749800000|  0%| F|  |TAMS 0x0000000749600000, 0x0000000749600000| Untracked 
| 588|0x0000000749800000, 0x0000000749800000, 0x0000000749a00000|  0%| F|  |TAMS 0x0000000749800000, 0x0000000749800000| Untracked 
| 589|0x0000000749a00000, 0x0000000749a00000, 0x0000000749c00000|  0%| F|  |TAMS 0x0000000749a00000, 0x0000000749a00000| Untracked 
| 590|0x0000000749c00000, 0x0000000749c00000, 0x0000000749e00000|  0%| F|  |TAMS 0x0000000749c00000, 0x0000000749c00000| Untracked 
| 591|0x0000000749e00000, 0x0000000749e00000, 0x000000074a000000|  0%| F|  |TAMS 0x0000000749e00000, 0x0000000749e00000| Untracked 
| 592|0x000000074a000000, 0x000000074a000000, 0x000000074a200000|  0%| F|  |TAMS 0x000000074a000000, 0x000000074a000000| Untracked 
| 593|0x000000074a200000, 0x000000074a200000, 0x000000074a400000|  0%| F|  |TAMS 0x000000074a200000, 0x000000074a200000| Untracked 
| 594|0x000000074a400000, 0x000000074a400000, 0x000000074a600000|  0%| F|  |TAMS 0x000000074a400000, 0x000000074a400000| Untracked 
| 595|0x000000074a600000, 0x000000074a600000, 0x000000074a800000|  0%| F|  |TAMS 0x000000074a600000, 0x000000074a600000| Untracked 
| 596|0x000000074a800000, 0x000000074a800000, 0x000000074aa00000|  0%| F|  |TAMS 0x000000074a800000, 0x000000074a800000| Untracked 
| 597|0x000000074aa00000, 0x000000074aa00000, 0x000000074ac00000|  0%| F|  |TAMS 0x000000074aa00000, 0x000000074aa00000| Untracked 
| 598|0x000000074ac00000, 0x000000074ac00000, 0x000000074ae00000|  0%| F|  |TAMS 0x000000074ac00000, 0x000000074ac00000| Untracked 
| 599|0x000000074ae00000, 0x000000074ae00000, 0x000000074b000000|  0%| F|  |TAMS 0x000000074ae00000, 0x000000074ae00000| Untracked 
| 600|0x000000074b000000, 0x000000074b000000, 0x000000074b200000|  0%| F|  |TAMS 0x000000074b000000, 0x000000074b000000| Untracked 
| 601|0x000000074b200000, 0x000000074b200000, 0x000000074b400000|  0%| F|  |TAMS 0x000000074b200000, 0x000000074b200000| Untracked 
| 602|0x000000074b400000, 0x000000074b400000, 0x000000074b600000|  0%| F|  |TAMS 0x000000074b400000, 0x000000074b400000| Untracked 
| 603|0x000000074b600000, 0x000000074b600000, 0x000000074b800000|  0%| F|  |TAMS 0x000000074b600000, 0x000000074b600000| Untracked 
| 604|0x000000074b800000, 0x000000074b800000, 0x000000074ba00000|  0%| F|  |TAMS 0x000000074b800000, 0x000000074b800000| Untracked 
| 605|0x000000074ba00000, 0x000000074ba00000, 0x000000074bc00000|  0%| F|  |TAMS 0x000000074ba00000, 0x000000074ba00000| Untracked 
| 606|0x000000074bc00000, 0x000000074bc00000, 0x000000074be00000|  0%| F|  |TAMS 0x000000074bc00000, 0x000000074bc00000| Untracked 
| 607|0x000000074be00000, 0x000000074be00000, 0x000000074c000000|  0%| F|  |TAMS 0x000000074be00000, 0x000000074be00000| Untracked 
| 608|0x000000074c000000, 0x000000074c000000, 0x000000074c200000|  0%| F|  |TAMS 0x000000074c000000, 0x000000074c000000| Untracked 
| 609|0x000000074c200000, 0x000000074c200000, 0x000000074c400000|  0%| F|  |TAMS 0x000000074c200000, 0x000000074c200000| Untracked 
| 610|0x000000074c400000, 0x000000074c400000, 0x000000074c600000|  0%| F|  |TAMS 0x000000074c400000, 0x000000074c400000| Untracked 
| 611|0x000000074c600000, 0x000000074c600000, 0x000000074c800000|  0%| F|  |TAMS 0x000000074c600000, 0x000000074c600000| Untracked 
| 612|0x000000074c800000, 0x000000074c800000, 0x000000074ca00000|  0%| F|  |TAMS 0x000000074c800000, 0x000000074c800000| Untracked 
| 613|0x000000074ca00000, 0x000000074ca00000, 0x000000074cc00000|  0%| F|  |TAMS 0x000000074ca00000, 0x000000074ca00000| Untracked 
| 614|0x000000074cc00000, 0x000000074cc00000, 0x000000074ce00000|  0%| F|  |TAMS 0x000000074cc00000, 0x000000074cc00000| Untracked 
| 615|0x000000074ce00000, 0x000000074ce00000, 0x000000074d000000|  0%| F|  |TAMS 0x000000074ce00000, 0x000000074ce00000| Untracked 
| 616|0x000000074d000000, 0x000000074d000000, 0x000000074d200000|  0%| F|  |TAMS 0x000000074d000000, 0x000000074d000000| Untracked 
| 617|0x000000074d200000, 0x000000074d200000, 0x000000074d400000|  0%| F|  |TAMS 0x000000074d200000, 0x000000074d200000| Untracked 
| 618|0x000000074d400000, 0x000000074d400000, 0x000000074d600000|  0%| F|  |TAMS 0x000000074d400000, 0x000000074d400000| Untracked 
| 619|0x000000074d600000, 0x000000074d600000, 0x000000074d800000|  0%| F|  |TAMS 0x000000074d600000, 0x000000074d600000| Untracked 
| 620|0x000000074d800000, 0x000000074d800000, 0x000000074da00000|  0%| F|  |TAMS 0x000000074d800000, 0x000000074d800000| Untracked 
| 621|0x000000074da00000, 0x000000074da00000, 0x000000074dc00000|  0%| F|  |TAMS 0x000000074da00000, 0x000000074da00000| Untracked 
| 622|0x000000074dc00000, 0x000000074dc00000, 0x000000074de00000|  0%| F|  |TAMS 0x000000074dc00000, 0x000000074dc00000| Untracked 
| 623|0x000000074de00000, 0x000000074de00000, 0x000000074e000000|  0%| F|  |TAMS 0x000000074de00000, 0x000000074de00000| Untracked 
| 624|0x000000074e000000, 0x000000074e000000, 0x000000074e200000|  0%| F|  |TAMS 0x000000074e000000, 0x000000074e000000| Untracked 
| 625|0x000000074e200000, 0x000000074e200000, 0x000000074e400000|  0%| F|  |TAMS 0x000000074e200000, 0x000000074e200000| Untracked 
| 626|0x000000074e400000, 0x000000074e400000, 0x000000074e600000|  0%| F|  |TAMS 0x000000074e400000, 0x000000074e400000| Untracked 
| 627|0x000000074e600000, 0x000000074e600000, 0x000000074e800000|  0%| F|  |TAMS 0x000000074e600000, 0x000000074e600000| Untracked 
| 628|0x000000074e800000, 0x000000074e800000, 0x000000074ea00000|  0%| F|  |TAMS 0x000000074e800000, 0x000000074e800000| Untracked 
| 629|0x000000074ea00000, 0x000000074ea00000, 0x000000074ec00000|  0%| F|  |TAMS 0x000000074ea00000, 0x000000074ea00000| Untracked 
| 630|0x000000074ec00000, 0x000000074ec00000, 0x000000074ee00000|  0%| F|  |TAMS 0x000000074ec00000, 0x000000074ec00000| Untracked 
| 631|0x000000074ee00000, 0x000000074ee00000, 0x000000074f000000|  0%| F|  |TAMS 0x000000074ee00000, 0x000000074ee00000| Untracked 
| 632|0x000000074f000000, 0x000000074f000000, 0x000000074f200000|  0%| F|  |TAMS 0x000000074f000000, 0x000000074f000000| Untracked 
| 633|0x000000074f200000, 0x000000074f200000, 0x000000074f400000|  0%| F|  |TAMS 0x000000074f200000, 0x000000074f200000| Untracked 
| 634|0x000000074f400000, 0x000000074f400000, 0x000000074f600000|  0%| F|  |TAMS 0x000000074f400000, 0x000000074f400000| Untracked 
| 635|0x000000074f600000, 0x000000074f600000, 0x000000074f800000|  0%| F|  |TAMS 0x000000074f600000, 0x000000074f600000| Untracked 
| 636|0x000000074f800000, 0x000000074f800000, 0x000000074fa00000|  0%| F|  |TAMS 0x000000074f800000, 0x000000074f800000| Untracked 
| 637|0x000000074fa00000, 0x000000074fa00000, 0x000000074fc00000|  0%| F|  |TAMS 0x000000074fa00000, 0x000000074fa00000| Untracked 
| 638|0x000000074fc00000, 0x000000074fc00000, 0x000000074fe00000|  0%| F|  |TAMS 0x000000074fc00000, 0x000000074fc00000| Untracked 
| 639|0x000000074fe00000, 0x000000074fe00000, 0x0000000750000000|  0%| F|  |TAMS 0x000000074fe00000, 0x000000074fe00000| Untracked 
| 640|0x0000000750000000, 0x0000000750000000, 0x0000000750200000|  0%| F|  |TAMS 0x0000000750000000, 0x0000000750000000| Untracked 
| 641|0x0000000750200000, 0x0000000750200000, 0x0000000750400000|  0%| F|  |TAMS 0x0000000750200000, 0x0000000750200000| Untracked 
| 642|0x0000000750400000, 0x0000000750400000, 0x0000000750600000|  0%| F|  |TAMS 0x0000000750400000, 0x0000000750400000| Untracked 
| 643|0x0000000750600000, 0x0000000750600000, 0x0000000750800000|  0%| F|  |TAMS 0x0000000750600000, 0x0000000750600000| Untracked 
| 644|0x0000000750800000, 0x0000000750800000, 0x0000000750a00000|  0%| F|  |TAMS 0x0000000750800000, 0x0000000750800000| Untracked 
| 645|0x0000000750a00000, 0x0000000750a00000, 0x0000000750c00000|  0%| F|  |TAMS 0x0000000750a00000, 0x0000000750a00000| Untracked 
| 646|0x0000000750c00000, 0x0000000750c00000, 0x0000000750e00000|  0%| F|  |TAMS 0x0000000750c00000, 0x0000000750c00000| Untracked 
| 647|0x0000000750e00000, 0x0000000750e00000, 0x0000000751000000|  0%| F|  |TAMS 0x0000000750e00000, 0x0000000750e00000| Untracked 
| 648|0x0000000751000000, 0x0000000751000000, 0x0000000751200000|  0%| F|  |TAMS 0x0000000751000000, 0x0000000751000000| Untracked 
| 649|0x0000000751200000, 0x0000000751200000, 0x0000000751400000|  0%| F|  |TAMS 0x0000000751200000, 0x0000000751200000| Untracked 
| 650|0x0000000751400000, 0x0000000751400000, 0x0000000751600000|  0%| F|  |TAMS 0x0000000751400000, 0x0000000751400000| Untracked 
| 651|0x0000000751600000, 0x0000000751600000, 0x0000000751800000|  0%| F|  |TAMS 0x0000000751600000, 0x0000000751600000| Untracked 
| 652|0x0000000751800000, 0x0000000751800000, 0x0000000751a00000|  0%| F|  |TAMS 0x0000000751800000, 0x0000000751800000| Untracked 
| 653|0x0000000751a00000, 0x0000000751a00000, 0x0000000751c00000|  0%| F|  |TAMS 0x0000000751a00000, 0x0000000751a00000| Untracked 
| 654|0x0000000751c00000, 0x0000000751c00000, 0x0000000751e00000|  0%| F|  |TAMS 0x0000000751c00000, 0x0000000751c00000| Untracked 
| 655|0x0000000751e00000, 0x0000000751e00000, 0x0000000752000000|  0%| F|  |TAMS 0x0000000751e00000, 0x0000000751e00000| Untracked 
| 656|0x0000000752000000, 0x0000000752000000, 0x0000000752200000|  0%| F|  |TAMS 0x0000000752000000, 0x0000000752000000| Untracked 
| 657|0x0000000752200000, 0x0000000752200000, 0x0000000752400000|  0%| F|  |TAMS 0x0000000752200000, 0x0000000752200000| Untracked 
| 658|0x0000000752400000, 0x0000000752400000, 0x0000000752600000|  0%| F|  |TAMS 0x0000000752400000, 0x0000000752400000| Untracked 
| 659|0x0000000752600000, 0x0000000752600000, 0x0000000752800000|  0%| F|  |TAMS 0x0000000752600000, 0x0000000752600000| Untracked 
| 660|0x0000000752800000, 0x0000000752800000, 0x0000000752a00000|  0%| F|  |TAMS 0x0000000752800000, 0x0000000752800000| Untracked 
| 661|0x0000000752a00000, 0x0000000752a00000, 0x0000000752c00000|  0%| F|  |TAMS 0x0000000752a00000, 0x0000000752a00000| Untracked 
| 662|0x0000000752c00000, 0x0000000752c00000, 0x0000000752e00000|  0%| F|  |TAMS 0x0000000752c00000, 0x0000000752c00000| Untracked 
| 663|0x0000000752e00000, 0x0000000752e00000, 0x0000000753000000|  0%| F|  |TAMS 0x0000000752e00000, 0x0000000752e00000| Untracked 
| 664|0x0000000753000000, 0x0000000753000000, 0x0000000753200000|  0%| F|  |TAMS 0x0000000753000000, 0x0000000753000000| Untracked 
| 665|0x0000000753200000, 0x0000000753200000, 0x0000000753400000|  0%| F|  |TAMS 0x0000000753200000, 0x0000000753200000| Untracked 
| 666|0x0000000753400000, 0x0000000753400000, 0x0000000753600000|  0%| F|  |TAMS 0x0000000753400000, 0x0000000753400000| Untracked 
| 667|0x0000000753600000, 0x0000000753600000, 0x0000000753800000|  0%| F|  |TAMS 0x0000000753600000, 0x0000000753600000| Untracked 
| 668|0x0000000753800000, 0x0000000753800000, 0x0000000753a00000|  0%| F|  |TAMS 0x0000000753800000, 0x0000000753800000| Untracked 
| 669|0x0000000753a00000, 0x0000000753a00000, 0x0000000753c00000|  0%| F|  |TAMS 0x0000000753a00000, 0x0000000753a00000| Untracked 
| 670|0x0000000753c00000, 0x0000000753c00000, 0x0000000753e00000|  0%| F|  |TAMS 0x0000000753c00000, 0x0000000753c00000| Untracked 
| 671|0x0000000753e00000, 0x0000000753e00000, 0x0000000754000000|  0%| F|  |TAMS 0x0000000753e00000, 0x0000000753e00000| Untracked 
| 672|0x0000000754000000, 0x0000000754000000, 0x0000000754200000|  0%| F|  |TAMS 0x0000000754000000, 0x0000000754000000| Untracked 
| 673|0x0000000754200000, 0x0000000754200000, 0x0000000754400000|  0%| F|  |TAMS 0x0000000754200000, 0x0000000754200000| Untracked 
| 674|0x0000000754400000, 0x0000000754400000, 0x0000000754600000|  0%| F|  |TAMS 0x0000000754400000, 0x0000000754400000| Untracked 
| 675|0x0000000754600000, 0x0000000754600000, 0x0000000754800000|  0%| F|  |TAMS 0x0000000754600000, 0x0000000754600000| Untracked 
| 676|0x0000000754800000, 0x0000000754800000, 0x0000000754a00000|  0%| F|  |TAMS 0x0000000754800000, 0x0000000754800000| Untracked 
| 677|0x0000000754a00000, 0x0000000754a00000, 0x0000000754c00000|  0%| F|  |TAMS 0x0000000754a00000, 0x0000000754a00000| Untracked 
| 678|0x0000000754c00000, 0x0000000754c00000, 0x0000000754e00000|  0%| F|  |TAMS 0x0000000754c00000, 0x0000000754c00000| Untracked 
| 679|0x0000000754e00000, 0x0000000754e00000, 0x0000000755000000|  0%| F|  |TAMS 0x0000000754e00000, 0x0000000754e00000| Untracked 
| 680|0x0000000755000000, 0x0000000755000000, 0x0000000755200000|  0%| F|  |TAMS 0x0000000755000000, 0x0000000755000000| Untracked 
| 681|0x0000000755200000, 0x0000000755200000, 0x0000000755400000|  0%| F|  |TAMS 0x0000000755200000, 0x0000000755200000| Untracked 
| 682|0x0000000755400000, 0x0000000755400000, 0x0000000755600000|  0%| F|  |TAMS 0x0000000755400000, 0x0000000755400000| Untracked 
| 683|0x0000000755600000, 0x0000000755600000, 0x0000000755800000|  0%| F|  |TAMS 0x0000000755600000, 0x0000000755600000| Untracked 
| 684|0x0000000755800000, 0x0000000755800000, 0x0000000755a00000|  0%| F|  |TAMS 0x0000000755800000, 0x0000000755800000| Untracked 
| 685|0x0000000755a00000, 0x0000000755a00000, 0x0000000755c00000|  0%| F|  |TAMS 0x0000000755a00000, 0x0000000755a00000| Untracked 
| 686|0x0000000755c00000, 0x0000000755c00000, 0x0000000755e00000|  0%| F|  |TAMS 0x0000000755c00000, 0x0000000755c00000| Untracked 
| 687|0x0000000755e00000, 0x0000000755e00000, 0x0000000756000000|  0%| F|  |TAMS 0x0000000755e00000, 0x0000000755e00000| Untracked 
| 688|0x0000000756000000, 0x0000000756000000, 0x0000000756200000|  0%| F|  |TAMS 0x0000000756000000, 0x0000000756000000| Untracked 
| 689|0x0000000756200000, 0x0000000756200000, 0x0000000756400000|  0%| F|  |TAMS 0x0000000756200000, 0x0000000756200000| Untracked 
| 690|0x0000000756400000, 0x0000000756400000, 0x0000000756600000|  0%| F|  |TAMS 0x0000000756400000, 0x0000000756400000| Untracked 
| 691|0x0000000756600000, 0x0000000756600000, 0x0000000756800000|  0%| F|  |TAMS 0x0000000756600000, 0x0000000756600000| Untracked 
| 692|0x0000000756800000, 0x0000000756800000, 0x0000000756a00000|  0%| F|  |TAMS 0x0000000756800000, 0x0000000756800000| Untracked 
| 693|0x0000000756a00000, 0x0000000756a00000, 0x0000000756c00000|  0%| F|  |TAMS 0x0000000756a00000, 0x0000000756a00000| Untracked 
| 694|0x0000000756c00000, 0x0000000756c00000, 0x0000000756e00000|  0%| F|  |TAMS 0x0000000756c00000, 0x0000000756c00000| Untracked 
| 695|0x0000000756e00000, 0x0000000756e00000, 0x0000000757000000|  0%| F|  |TAMS 0x0000000756e00000, 0x0000000756e00000| Untracked 
| 696|0x0000000757000000, 0x0000000757000000, 0x0000000757200000|  0%| F|  |TAMS 0x0000000757000000, 0x0000000757000000| Untracked 
| 697|0x0000000757200000, 0x0000000757200000, 0x0000000757400000|  0%| F|  |TAMS 0x0000000757200000, 0x0000000757200000| Untracked 
| 698|0x0000000757400000, 0x0000000757400000, 0x0000000757600000|  0%| F|  |TAMS 0x0000000757400000, 0x0000000757400000| Untracked 
| 699|0x0000000757600000, 0x0000000757600000, 0x0000000757800000|  0%| F|  |TAMS 0x0000000757600000, 0x0000000757600000| Untracked 
| 700|0x0000000757800000, 0x0000000757800000, 0x0000000757a00000|  0%| F|  |TAMS 0x0000000757800000, 0x0000000757800000| Untracked 
| 701|0x0000000757a00000, 0x0000000757a00000, 0x0000000757c00000|  0%| F|  |TAMS 0x0000000757a00000, 0x0000000757a00000| Untracked 
| 702|0x0000000757c00000, 0x0000000757c00000, 0x0000000757e00000|  0%| F|  |TAMS 0x0000000757c00000, 0x0000000757c00000| Untracked 
| 703|0x0000000757e00000, 0x0000000757e00000, 0x0000000758000000|  0%| F|  |TAMS 0x0000000757e00000, 0x0000000757e00000| Untracked 
| 704|0x0000000758000000, 0x0000000758000000, 0x0000000758200000|  0%| F|  |TAMS 0x0000000758000000, 0x0000000758000000| Untracked 
| 705|0x0000000758200000, 0x0000000758200000, 0x0000000758400000|  0%| F|  |TAMS 0x0000000758200000, 0x0000000758200000| Untracked 
| 706|0x0000000758400000, 0x0000000758400000, 0x0000000758600000|  0%| F|  |TAMS 0x0000000758400000, 0x0000000758400000| Untracked 
| 707|0x0000000758600000, 0x0000000758600000, 0x0000000758800000|  0%| F|  |TAMS 0x0000000758600000, 0x0000000758600000| Untracked 
| 708|0x0000000758800000, 0x0000000758800000, 0x0000000758a00000|  0%| F|  |TAMS 0x0000000758800000, 0x0000000758800000| Untracked 
| 709|0x0000000758a00000, 0x0000000758a00000, 0x0000000758c00000|  0%| F|  |TAMS 0x0000000758a00000, 0x0000000758a00000| Untracked 
| 710|0x0000000758c00000, 0x0000000758c00000, 0x0000000758e00000|  0%| F|  |TAMS 0x0000000758c00000, 0x0000000758c00000| Untracked 
| 711|0x0000000758e00000, 0x0000000758e00000, 0x0000000759000000|  0%| F|  |TAMS 0x0000000758e00000, 0x0000000758e00000| Untracked 
| 712|0x0000000759000000, 0x0000000759000000, 0x0000000759200000|  0%| F|  |TAMS 0x0000000759000000, 0x0000000759000000| Untracked 
| 713|0x0000000759200000, 0x0000000759200000, 0x0000000759400000|  0%| F|  |TAMS 0x0000000759200000, 0x0000000759200000| Untracked 
| 714|0x0000000759400000, 0x0000000759400000, 0x0000000759600000|  0%| F|  |TAMS 0x0000000759400000, 0x0000000759400000| Untracked 
| 715|0x0000000759600000, 0x0000000759600000, 0x0000000759800000|  0%| F|  |TAMS 0x0000000759600000, 0x0000000759600000| Untracked 
| 716|0x0000000759800000, 0x0000000759800000, 0x0000000759a00000|  0%| F|  |TAMS 0x0000000759800000, 0x0000000759800000| Untracked 
| 717|0x0000000759a00000, 0x0000000759a00000, 0x0000000759c00000|  0%| F|  |TAMS 0x0000000759a00000, 0x0000000759a00000| Untracked 
| 718|0x0000000759c00000, 0x0000000759c00000, 0x0000000759e00000|  0%| F|  |TAMS 0x0000000759c00000, 0x0000000759c00000| Untracked 
| 719|0x0000000759e00000, 0x0000000759e00000, 0x000000075a000000|  0%| F|  |TAMS 0x0000000759e00000, 0x0000000759e00000| Untracked 
| 720|0x000000075a000000, 0x000000075a000000, 0x000000075a200000|  0%| F|  |TAMS 0x000000075a000000, 0x000000075a000000| Untracked 
| 721|0x000000075a200000, 0x000000075a200000, 0x000000075a400000|  0%| F|  |TAMS 0x000000075a200000, 0x000000075a200000| Untracked 
| 722|0x000000075a400000, 0x000000075a400000, 0x000000075a600000|  0%| F|  |TAMS 0x000000075a400000, 0x000000075a400000| Untracked 
| 723|0x000000075a600000, 0x000000075a600000, 0x000000075a800000|  0%| F|  |TAMS 0x000000075a600000, 0x000000075a600000| Untracked 
| 724|0x000000075a800000, 0x000000075a800000, 0x000000075aa00000|  0%| F|  |TAMS 0x000000075a800000, 0x000000075a800000| Untracked 
| 725|0x000000075aa00000, 0x000000075aa00000, 0x000000075ac00000|  0%| F|  |TAMS 0x000000075aa00000, 0x000000075aa00000| Untracked 
| 726|0x000000075ac00000, 0x000000075ac00000, 0x000000075ae00000|  0%| F|  |TAMS 0x000000075ac00000, 0x000000075ac00000| Untracked 
| 727|0x000000075ae00000, 0x000000075ae00000, 0x000000075b000000|  0%| F|  |TAMS 0x000000075ae00000, 0x000000075ae00000| Untracked 
| 728|0x000000075b000000, 0x000000075b000000, 0x000000075b200000|  0%| F|  |TAMS 0x000000075b000000, 0x000000075b000000| Untracked 
| 729|0x000000075b200000, 0x000000075b400000, 0x000000075b400000|100%| S|CS|TAMS 0x000000075b200000, 0x000000075b200000| Complete 
| 730|0x000000075b400000, 0x000000075b600000, 0x000000075b600000|100%| S|CS|TAMS 0x000000075b400000, 0x000000075b400000| Complete 
| 731|0x000000075b600000, 0x000000075b800000, 0x000000075b800000|100%| S|CS|TAMS 0x000000075b600000, 0x000000075b600000| Complete 
| 732|0x000000075b800000, 0x000000075ba00000, 0x000000075ba00000|100%| S|CS|TAMS 0x000000075b800000, 0x000000075b800000| Complete 
| 733|0x000000075ba00000, 0x000000075bc00000, 0x000000075bc00000|100%| S|CS|TAMS 0x000000075ba00000, 0x000000075ba00000| Complete 
| 734|0x000000075bc00000, 0x000000075be00000, 0x000000075be00000|100%| S|CS|TAMS 0x000000075bc00000, 0x000000075bc00000| Complete 
| 735|0x000000075be00000, 0x000000075be00000, 0x000000075c000000|  0%| F|  |TAMS 0x000000075be00000, 0x000000075be00000| Untracked 
| 736|0x000000075c000000, 0x000000075c000000, 0x000000075c200000|  0%| F|  |TAMS 0x000000075c000000, 0x000000075c000000| Untracked 
| 737|0x000000075c200000, 0x000000075c200000, 0x000000075c400000|  0%| F|  |TAMS 0x000000075c200000, 0x000000075c200000| Untracked 
| 738|0x000000075c400000, 0x000000075c400000, 0x000000075c600000|  0%| F|  |TAMS 0x000000075c400000, 0x000000075c400000| Untracked 
| 739|0x000000075c600000, 0x000000075c600000, 0x000000075c800000|  0%| F|  |TAMS 0x000000075c600000, 0x000000075c600000| Untracked 
| 740|0x000000075c800000, 0x000000075c800000, 0x000000075ca00000|  0%| F|  |TAMS 0x000000075c800000, 0x000000075c800000| Untracked 
| 741|0x000000075ca00000, 0x000000075ca00000, 0x000000075cc00000|  0%| F|  |TAMS 0x000000075ca00000, 0x000000075ca00000| Untracked 
| 742|0x000000075cc00000, 0x000000075cc00000, 0x000000075ce00000|  0%| F|  |TAMS 0x000000075cc00000, 0x000000075cc00000| Untracked 
| 743|0x000000075ce00000, 0x000000075ce00000, 0x000000075d000000|  0%| F|  |TAMS 0x000000075ce00000, 0x000000075ce00000| Untracked 
| 744|0x000000075d000000, 0x000000075d000000, 0x000000075d200000|  0%| F|  |TAMS 0x000000075d000000, 0x000000075d000000| Untracked 
| 745|0x000000075d200000, 0x000000075d200000, 0x000000075d400000|  0%| F|  |TAMS 0x000000075d200000, 0x000000075d200000| Untracked 
| 746|0x000000075d400000, 0x000000075d400000, 0x000000075d600000|  0%| F|  |TAMS 0x000000075d400000, 0x000000075d400000| Untracked 
| 747|0x000000075d600000, 0x000000075d600000, 0x000000075d800000|  0%| F|  |TAMS 0x000000075d600000, 0x000000075d600000| Untracked 
| 748|0x000000075d800000, 0x000000075d800000, 0x000000075da00000|  0%| F|  |TAMS 0x000000075d800000, 0x000000075d800000| Untracked 
| 749|0x000000075da00000, 0x000000075da00000, 0x000000075dc00000|  0%| F|  |TAMS 0x000000075da00000, 0x000000075da00000| Untracked 
| 750|0x000000075dc00000, 0x000000075dc00000, 0x000000075de00000|  0%| F|  |TAMS 0x000000075dc00000, 0x000000075dc00000| Untracked 
| 751|0x000000075de00000, 0x000000075de00000, 0x000000075e000000|  0%| F|  |TAMS 0x000000075de00000, 0x000000075de00000| Untracked 
| 752|0x000000075e000000, 0x000000075e000000, 0x000000075e200000|  0%| F|  |TAMS 0x000000075e000000, 0x000000075e000000| Untracked 
| 753|0x000000075e200000, 0x000000075e200000, 0x000000075e400000|  0%| F|  |TAMS 0x000000075e200000, 0x000000075e200000| Untracked 
| 754|0x000000075e400000, 0x000000075e400000, 0x000000075e600000|  0%| F|  |TAMS 0x000000075e400000, 0x000000075e400000| Untracked 
| 755|0x000000075e600000, 0x000000075e600000, 0x000000075e800000|  0%| F|  |TAMS 0x000000075e600000, 0x000000075e600000| Untracked 
| 756|0x000000075e800000, 0x000000075e800000, 0x000000075ea00000|  0%| F|  |TAMS 0x000000075e800000, 0x000000075e800000| Untracked 
| 757|0x000000075ea00000, 0x000000075ea00000, 0x000000075ec00000|  0%| F|  |TAMS 0x000000075ea00000, 0x000000075ea00000| Untracked 
| 758|0x000000075ec00000, 0x000000075ec00000, 0x000000075ee00000|  0%| F|  |TAMS 0x000000075ec00000, 0x000000075ec00000| Untracked 
| 759|0x000000075ee00000, 0x000000075ee00000, 0x000000075f000000|  0%| F|  |TAMS 0x000000075ee00000, 0x000000075ee00000| Untracked 
| 760|0x000000075f000000, 0x000000075f000000, 0x000000075f200000|  0%| F|  |TAMS 0x000000075f000000, 0x000000075f000000| Untracked 
| 761|0x000000075f200000, 0x000000075f200000, 0x000000075f400000|  0%| F|  |TAMS 0x000000075f200000, 0x000000075f200000| Untracked 
| 762|0x000000075f400000, 0x000000075f400000, 0x000000075f600000|  0%| F|  |TAMS 0x000000075f400000, 0x000000075f400000| Untracked 
| 763|0x000000075f600000, 0x000000075f600000, 0x000000075f800000|  0%| F|  |TAMS 0x000000075f600000, 0x000000075f600000| Untracked 
| 764|0x000000075f800000, 0x000000075f800000, 0x000000075fa00000|  0%| F|  |TAMS 0x000000075f800000, 0x000000075f800000| Untracked 
| 765|0x000000075fa00000, 0x000000075fa00000, 0x000000075fc00000|  0%| F|  |TAMS 0x000000075fa00000, 0x000000075fa00000| Untracked 
| 766|0x000000075fc00000, 0x000000075fc00000, 0x000000075fe00000|  0%| F|  |TAMS 0x000000075fc00000, 0x000000075fc00000| Untracked 
| 767|0x000000075fe00000, 0x000000075fe00000, 0x0000000760000000|  0%| F|  |TAMS 0x000000075fe00000, 0x000000075fe00000| Untracked 
| 768|0x0000000760000000, 0x0000000760000000, 0x0000000760200000|  0%| F|  |TAMS 0x0000000760000000, 0x0000000760000000| Untracked 
| 769|0x0000000760200000, 0x0000000760200000, 0x0000000760400000|  0%| F|  |TAMS 0x0000000760200000, 0x0000000760200000| Untracked 
| 770|0x0000000760400000, 0x0000000760400000, 0x0000000760600000|  0%| F|  |TAMS 0x0000000760400000, 0x0000000760400000| Untracked 
| 771|0x0000000760600000, 0x0000000760600000, 0x0000000760800000|  0%| F|  |TAMS 0x0000000760600000, 0x0000000760600000| Untracked 
| 772|0x0000000760800000, 0x0000000760800000, 0x0000000760a00000|  0%| F|  |TAMS 0x0000000760800000, 0x0000000760800000| Untracked 
| 773|0x0000000760a00000, 0x0000000760a00000, 0x0000000760c00000|  0%| F|  |TAMS 0x0000000760a00000, 0x0000000760a00000| Untracked 
| 774|0x0000000760c00000, 0x0000000760c00000, 0x0000000760e00000|  0%| F|  |TAMS 0x0000000760c00000, 0x0000000760c00000| Untracked 
| 775|0x0000000760e00000, 0x0000000760e00000, 0x0000000761000000|  0%| F|  |TAMS 0x0000000760e00000, 0x0000000760e00000| Untracked 
| 776|0x0000000761000000, 0x0000000761000000, 0x0000000761200000|  0%| F|  |TAMS 0x0000000761000000, 0x0000000761000000| Untracked 
| 777|0x0000000761200000, 0x0000000761200000, 0x0000000761400000|  0%| F|  |TAMS 0x0000000761200000, 0x0000000761200000| Untracked 
| 778|0x0000000761400000, 0x0000000761400000, 0x0000000761600000|  0%| F|  |TAMS 0x0000000761400000, 0x0000000761400000| Untracked 
| 779|0x0000000761600000, 0x0000000761600000, 0x0000000761800000|  0%| F|  |TAMS 0x0000000761600000, 0x0000000761600000| Untracked 
| 780|0x0000000761800000, 0x0000000761800000, 0x0000000761a00000|  0%| F|  |TAMS 0x0000000761800000, 0x0000000761800000| Untracked 
| 781|0x0000000761a00000, 0x0000000761a00000, 0x0000000761c00000|  0%| F|  |TAMS 0x0000000761a00000, 0x0000000761a00000| Untracked 
| 782|0x0000000761c00000, 0x0000000761c00000, 0x0000000761e00000|  0%| F|  |TAMS 0x0000000761c00000, 0x0000000761c00000| Untracked 
| 783|0x0000000761e00000, 0x0000000761e00000, 0x0000000762000000|  0%| F|  |TAMS 0x0000000761e00000, 0x0000000761e00000| Untracked 
| 784|0x0000000762000000, 0x0000000762000000, 0x0000000762200000|  0%| F|  |TAMS 0x0000000762000000, 0x0000000762000000| Untracked 
| 785|0x0000000762200000, 0x0000000762200000, 0x0000000762400000|  0%| F|  |TAMS 0x0000000762200000, 0x0000000762200000| Untracked 
| 786|0x0000000762400000, 0x0000000762400000, 0x0000000762600000|  0%| F|  |TAMS 0x0000000762400000, 0x0000000762400000| Untracked 
| 787|0x0000000762600000, 0x0000000762600000, 0x0000000762800000|  0%| F|  |TAMS 0x0000000762600000, 0x0000000762600000| Untracked 
| 788|0x0000000762800000, 0x0000000762800000, 0x0000000762a00000|  0%| F|  |TAMS 0x0000000762800000, 0x0000000762800000| Untracked 
| 789|0x0000000762a00000, 0x0000000762a00000, 0x0000000762c00000|  0%| F|  |TAMS 0x0000000762a00000, 0x0000000762a00000| Untracked 
| 790|0x0000000762c00000, 0x0000000762c00000, 0x0000000762e00000|  0%| F|  |TAMS 0x0000000762c00000, 0x0000000762c00000| Untracked 
| 791|0x0000000762e00000, 0x0000000762e00000, 0x0000000763000000|  0%| F|  |TAMS 0x0000000762e00000, 0x0000000762e00000| Untracked 
| 792|0x0000000763000000, 0x0000000763000000, 0x0000000763200000|  0%| F|  |TAMS 0x0000000763000000, 0x0000000763000000| Untracked 
| 793|0x0000000763200000, 0x0000000763200000, 0x0000000763400000|  0%| F|  |TAMS 0x0000000763200000, 0x0000000763200000| Untracked 
| 794|0x0000000763400000, 0x0000000763400000, 0x0000000763600000|  0%| F|  |TAMS 0x0000000763400000, 0x0000000763400000| Untracked 
| 795|0x0000000763600000, 0x0000000763600000, 0x0000000763800000|  0%| F|  |TAMS 0x0000000763600000, 0x0000000763600000| Untracked 
| 796|0x0000000763800000, 0x0000000763800000, 0x0000000763a00000|  0%| F|  |TAMS 0x0000000763800000, 0x0000000763800000| Untracked 
| 797|0x0000000763a00000, 0x0000000763a00000, 0x0000000763c00000|  0%| F|  |TAMS 0x0000000763a00000, 0x0000000763a00000| Untracked 
| 798|0x0000000763c00000, 0x0000000763c00000, 0x0000000763e00000|  0%| F|  |TAMS 0x0000000763c00000, 0x0000000763c00000| Untracked 
| 799|0x0000000763e00000, 0x0000000763e00000, 0x0000000764000000|  0%| F|  |TAMS 0x0000000763e00000, 0x0000000763e00000| Untracked 
| 800|0x0000000764000000, 0x0000000764000000, 0x0000000764200000|  0%| F|  |TAMS 0x0000000764000000, 0x0000000764000000| Untracked 
| 801|0x0000000764200000, 0x0000000764200000, 0x0000000764400000|  0%| F|  |TAMS 0x0000000764200000, 0x0000000764200000| Untracked 
| 802|0x0000000764400000, 0x0000000764400000, 0x0000000764600000|  0%| F|  |TAMS 0x0000000764400000, 0x0000000764400000| Untracked 
| 803|0x0000000764600000, 0x0000000764600000, 0x0000000764800000|  0%| F|  |TAMS 0x0000000764600000, 0x0000000764600000| Untracked 
| 804|0x0000000764800000, 0x0000000764800000, 0x0000000764a00000|  0%| F|  |TAMS 0x0000000764800000, 0x0000000764800000| Untracked 
| 805|0x0000000764a00000, 0x0000000764a00000, 0x0000000764c00000|  0%| F|  |TAMS 0x0000000764a00000, 0x0000000764a00000| Untracked 
| 806|0x0000000764c00000, 0x0000000764c00000, 0x0000000764e00000|  0%| F|  |TAMS 0x0000000764c00000, 0x0000000764c00000| Untracked 
| 807|0x0000000764e00000, 0x0000000764e00000, 0x0000000765000000|  0%| F|  |TAMS 0x0000000764e00000, 0x0000000764e00000| Untracked 
| 808|0x0000000765000000, 0x0000000765000000, 0x0000000765200000|  0%| F|  |TAMS 0x0000000765000000, 0x0000000765000000| Untracked 
| 809|0x0000000765200000, 0x0000000765200000, 0x0000000765400000|  0%| F|  |TAMS 0x0000000765200000, 0x0000000765200000| Untracked 
| 810|0x0000000765400000, 0x0000000765400000, 0x0000000765600000|  0%| F|  |TAMS 0x0000000765400000, 0x0000000765400000| Untracked 
| 811|0x0000000765600000, 0x0000000765600000, 0x0000000765800000|  0%| F|  |TAMS 0x0000000765600000, 0x0000000765600000| Untracked 
| 812|0x0000000765800000, 0x0000000765800000, 0x0000000765a00000|  0%| F|  |TAMS 0x0000000765800000, 0x0000000765800000| Untracked 
| 813|0x0000000765a00000, 0x0000000765a00000, 0x0000000765c00000|  0%| F|  |TAMS 0x0000000765a00000, 0x0000000765a00000| Untracked 
| 814|0x0000000765c00000, 0x0000000765c00000, 0x0000000765e00000|  0%| F|  |TAMS 0x0000000765c00000, 0x0000000765c00000| Untracked 
| 815|0x0000000765e00000, 0x0000000765e00000, 0x0000000766000000|  0%| F|  |TAMS 0x0000000765e00000, 0x0000000765e00000| Untracked 
| 816|0x0000000766000000, 0x0000000766000000, 0x0000000766200000|  0%| F|  |TAMS 0x0000000766000000, 0x0000000766000000| Untracked 
| 817|0x0000000766200000, 0x0000000766200000, 0x0000000766400000|  0%| F|  |TAMS 0x0000000766200000, 0x0000000766200000| Untracked 
| 818|0x0000000766400000, 0x0000000766400000, 0x0000000766600000|  0%| F|  |TAMS 0x0000000766400000, 0x0000000766400000| Untracked 
| 819|0x0000000766600000, 0x0000000766600000, 0x0000000766800000|  0%| F|  |TAMS 0x0000000766600000, 0x0000000766600000| Untracked 
| 820|0x0000000766800000, 0x0000000766800000, 0x0000000766a00000|  0%| F|  |TAMS 0x0000000766800000, 0x0000000766800000| Untracked 
| 821|0x0000000766a00000, 0x0000000766a00000, 0x0000000766c00000|  0%| F|  |TAMS 0x0000000766a00000, 0x0000000766a00000| Untracked 
| 822|0x0000000766c00000, 0x0000000766c00000, 0x0000000766e00000|  0%| F|  |TAMS 0x0000000766c00000, 0x0000000766c00000| Untracked 
| 823|0x0000000766e00000, 0x0000000766e00000, 0x0000000767000000|  0%| F|  |TAMS 0x0000000766e00000, 0x0000000766e00000| Untracked 
| 824|0x0000000767000000, 0x0000000767000000, 0x0000000767200000|  0%| F|  |TAMS 0x0000000767000000, 0x0000000767000000| Untracked 
| 825|0x0000000767200000, 0x0000000767200000, 0x0000000767400000|  0%| F|  |TAMS 0x0000000767200000, 0x0000000767200000| Untracked 
| 826|0x0000000767400000, 0x0000000767400000, 0x0000000767600000|  0%| F|  |TAMS 0x0000000767400000, 0x0000000767400000| Untracked 
| 827|0x0000000767600000, 0x0000000767600000, 0x0000000767800000|  0%| F|  |TAMS 0x0000000767600000, 0x0000000767600000| Untracked 
| 828|0x0000000767800000, 0x0000000767800000, 0x0000000767a00000|  0%| F|  |TAMS 0x0000000767800000, 0x0000000767800000| Untracked 
| 829|0x0000000767a00000, 0x0000000767a00000, 0x0000000767c00000|  0%| F|  |TAMS 0x0000000767a00000, 0x0000000767a00000| Untracked 
| 830|0x0000000767c00000, 0x0000000767c00000, 0x0000000767e00000|  0%| F|  |TAMS 0x0000000767c00000, 0x0000000767c00000| Untracked 
| 831|0x0000000767e00000, 0x0000000767e00000, 0x0000000768000000|  0%| F|  |TAMS 0x0000000767e00000, 0x0000000767e00000| Untracked 
| 832|0x0000000768000000, 0x0000000768000000, 0x0000000768200000|  0%| F|  |TAMS 0x0000000768000000, 0x0000000768000000| Untracked 
| 833|0x0000000768200000, 0x0000000768200000, 0x0000000768400000|  0%| F|  |TAMS 0x0000000768200000, 0x0000000768200000| Untracked 
| 834|0x0000000768400000, 0x0000000768400000, 0x0000000768600000|  0%| F|  |TAMS 0x0000000768400000, 0x0000000768400000| Untracked 
| 835|0x0000000768600000, 0x0000000768600000, 0x0000000768800000|  0%| F|  |TAMS 0x0000000768600000, 0x0000000768600000| Untracked 
| 836|0x0000000768800000, 0x0000000768800000, 0x0000000768a00000|  0%| F|  |TAMS 0x0000000768800000, 0x0000000768800000| Untracked 
| 837|0x0000000768a00000, 0x0000000768a00000, 0x0000000768c00000|  0%| F|  |TAMS 0x0000000768a00000, 0x0000000768a00000| Untracked 
| 838|0x0000000768c00000, 0x0000000768c00000, 0x0000000768e00000|  0%| F|  |TAMS 0x0000000768c00000, 0x0000000768c00000| Untracked 
| 839|0x0000000768e00000, 0x0000000768e00000, 0x0000000769000000|  0%| F|  |TAMS 0x0000000768e00000, 0x0000000768e00000| Untracked 
| 840|0x0000000769000000, 0x0000000769000000, 0x0000000769200000|  0%| F|  |TAMS 0x0000000769000000, 0x0000000769000000| Untracked 
| 841|0x0000000769200000, 0x0000000769200000, 0x0000000769400000|  0%| F|  |TAMS 0x0000000769200000, 0x0000000769200000| Untracked 
| 842|0x0000000769400000, 0x0000000769400000, 0x0000000769600000|  0%| F|  |TAMS 0x0000000769400000, 0x0000000769400000| Untracked 
| 843|0x0000000769600000, 0x0000000769600000, 0x0000000769800000|  0%| F|  |TAMS 0x0000000769600000, 0x0000000769600000| Untracked 
| 844|0x0000000769800000, 0x0000000769800000, 0x0000000769a00000|  0%| F|  |TAMS 0x0000000769800000, 0x0000000769800000| Untracked 
| 845|0x0000000769a00000, 0x0000000769a00000, 0x0000000769c00000|  0%| F|  |TAMS 0x0000000769a00000, 0x0000000769a00000| Untracked 
| 846|0x0000000769c00000, 0x0000000769c00000, 0x0000000769e00000|  0%| F|  |TAMS 0x0000000769c00000, 0x0000000769c00000| Untracked 
| 847|0x0000000769e00000, 0x0000000769e00000, 0x000000076a000000|  0%| F|  |TAMS 0x0000000769e00000, 0x0000000769e00000| Untracked 
| 848|0x000000076a000000, 0x000000076a000000, 0x000000076a200000|  0%| F|  |TAMS 0x000000076a000000, 0x000000076a000000| Untracked 
| 849|0x000000076a200000, 0x000000076a200000, 0x000000076a400000|  0%| F|  |TAMS 0x000000076a200000, 0x000000076a200000| Untracked 
| 850|0x000000076a400000, 0x000000076a400000, 0x000000076a600000|  0%| F|  |TAMS 0x000000076a400000, 0x000000076a400000| Untracked 
| 851|0x000000076a600000, 0x000000076a600000, 0x000000076a800000|  0%| F|  |TAMS 0x000000076a600000, 0x000000076a600000| Untracked 
| 852|0x000000076a800000, 0x000000076a800000, 0x000000076aa00000|  0%| F|  |TAMS 0x000000076a800000, 0x000000076a800000| Untracked 
| 853|0x000000076aa00000, 0x000000076aa00000, 0x000000076ac00000|  0%| F|  |TAMS 0x000000076aa00000, 0x000000076aa00000| Untracked 
| 854|0x000000076ac00000, 0x000000076ac00000, 0x000000076ae00000|  0%| F|  |TAMS 0x000000076ac00000, 0x000000076ac00000| Untracked 
| 855|0x000000076ae00000, 0x000000076ae00000, 0x000000076b000000|  0%| F|  |TAMS 0x000000076ae00000, 0x000000076ae00000| Untracked 
| 856|0x000000076b000000, 0x000000076b000000, 0x000000076b200000|  0%| F|  |TAMS 0x000000076b000000, 0x000000076b000000| Untracked 
| 857|0x000000076b200000, 0x000000076b200000, 0x000000076b400000|  0%| F|  |TAMS 0x000000076b200000, 0x000000076b200000| Untracked 
| 858|0x000000076b400000, 0x000000076b400000, 0x000000076b600000|  0%| F|  |TAMS 0x000000076b400000, 0x000000076b400000| Untracked 
| 859|0x000000076b600000, 0x000000076b600000, 0x000000076b800000|  0%| F|  |TAMS 0x000000076b600000, 0x000000076b600000| Untracked 
| 860|0x000000076b800000, 0x000000076b800000, 0x000000076ba00000|  0%| F|  |TAMS 0x000000076b800000, 0x000000076b800000| Untracked 
| 861|0x000000076ba00000, 0x000000076ba00000, 0x000000076bc00000|  0%| F|  |TAMS 0x000000076ba00000, 0x000000076ba00000| Untracked 
| 862|0x000000076bc00000, 0x000000076bc00000, 0x000000076be00000|  0%| F|  |TAMS 0x000000076bc00000, 0x000000076bc00000| Untracked 
| 863|0x000000076be00000, 0x000000076be00000, 0x000000076c000000|  0%| F|  |TAMS 0x000000076be00000, 0x000000076be00000| Untracked 
| 864|0x000000076c000000, 0x000000076c000000, 0x000000076c200000|  0%| F|  |TAMS 0x000000076c000000, 0x000000076c000000| Untracked 
| 865|0x000000076c200000, 0x000000076c200000, 0x000000076c400000|  0%| F|  |TAMS 0x000000076c200000, 0x000000076c200000| Untracked 
| 866|0x000000076c400000, 0x000000076c400000, 0x000000076c600000|  0%| F|  |TAMS 0x000000076c400000, 0x000000076c400000| Untracked 
| 867|0x000000076c600000, 0x000000076c600000, 0x000000076c800000|  0%| F|  |TAMS 0x000000076c600000, 0x000000076c600000| Untracked 
| 868|0x000000076c800000, 0x000000076c800000, 0x000000076ca00000|  0%| F|  |TAMS 0x000000076c800000, 0x000000076c800000| Untracked 
| 869|0x000000076ca00000, 0x000000076ca00000, 0x000000076cc00000|  0%| F|  |TAMS 0x000000076ca00000, 0x000000076ca00000| Untracked 
| 870|0x000000076cc00000, 0x000000076cc00000, 0x000000076ce00000|  0%| F|  |TAMS 0x000000076cc00000, 0x000000076cc00000| Untracked 
| 871|0x000000076ce00000, 0x000000076ce00000, 0x000000076d000000|  0%| F|  |TAMS 0x000000076ce00000, 0x000000076ce00000| Untracked 
| 872|0x000000076d000000, 0x000000076d000000, 0x000000076d200000|  0%| F|  |TAMS 0x000000076d000000, 0x000000076d000000| Untracked 
| 873|0x000000076d200000, 0x000000076d200000, 0x000000076d400000|  0%| F|  |TAMS 0x000000076d200000, 0x000000076d200000| Untracked 
| 874|0x000000076d400000, 0x000000076d400000, 0x000000076d600000|  0%| F|  |TAMS 0x000000076d400000, 0x000000076d400000| Untracked 
| 875|0x000000076d600000, 0x000000076d600000, 0x000000076d800000|  0%| F|  |TAMS 0x000000076d600000, 0x000000076d600000| Untracked 
| 876|0x000000076d800000, 0x000000076d800000, 0x000000076da00000|  0%| F|  |TAMS 0x000000076d800000, 0x000000076d800000| Untracked 
| 877|0x000000076da00000, 0x000000076da00000, 0x000000076dc00000|  0%| F|  |TAMS 0x000000076da00000, 0x000000076da00000| Untracked 
| 878|0x000000076dc00000, 0x000000076dc00000, 0x000000076de00000|  0%| F|  |TAMS 0x000000076dc00000, 0x000000076dc00000| Untracked 
| 879|0x000000076de00000, 0x000000076de00000, 0x000000076e000000|  0%| F|  |TAMS 0x000000076de00000, 0x000000076de00000| Untracked 
| 880|0x000000076e000000, 0x000000076e000000, 0x000000076e200000|  0%| F|  |TAMS 0x000000076e000000, 0x000000076e000000| Untracked 
| 881|0x000000076e200000, 0x000000076e200000, 0x000000076e400000|  0%| F|  |TAMS 0x000000076e200000, 0x000000076e200000| Untracked 
| 882|0x000000076e400000, 0x000000076e400000, 0x000000076e600000|  0%| F|  |TAMS 0x000000076e400000, 0x000000076e400000| Untracked 
| 883|0x000000076e600000, 0x000000076e600000, 0x000000076e800000|  0%| F|  |TAMS 0x000000076e600000, 0x000000076e600000| Untracked 
| 884|0x000000076e800000, 0x000000076e800000, 0x000000076ea00000|  0%| F|  |TAMS 0x000000076e800000, 0x000000076e800000| Untracked 
| 885|0x000000076ea00000, 0x000000076ea00000, 0x000000076ec00000|  0%| F|  |TAMS 0x000000076ea00000, 0x000000076ea00000| Untracked 
| 886|0x000000076ec00000, 0x000000076ec00000, 0x000000076ee00000|  0%| F|  |TAMS 0x000000076ec00000, 0x000000076ec00000| Untracked 
| 887|0x000000076ee00000, 0x000000076ee00000, 0x000000076f000000|  0%| F|  |TAMS 0x000000076ee00000, 0x000000076ee00000| Untracked 
| 888|0x000000076f000000, 0x000000076f000000, 0x000000076f200000|  0%| F|  |TAMS 0x000000076f000000, 0x000000076f000000| Untracked 
| 889|0x000000076f200000, 0x000000076f200000, 0x000000076f400000|  0%| F|  |TAMS 0x000000076f200000, 0x000000076f200000| Untracked 
| 890|0x000000076f400000, 0x000000076f400000, 0x000000076f600000|  0%| F|  |TAMS 0x000000076f400000, 0x000000076f400000| Untracked 
| 891|0x000000076f600000, 0x000000076f600000, 0x000000076f800000|  0%| F|  |TAMS 0x000000076f600000, 0x000000076f600000| Untracked 
| 892|0x000000076f800000, 0x000000076f800000, 0x000000076fa00000|  0%| F|  |TAMS 0x000000076f800000, 0x000000076f800000| Untracked 
| 893|0x000000076fa00000, 0x000000076fa00000, 0x000000076fc00000|  0%| F|  |TAMS 0x000000076fa00000, 0x000000076fa00000| Untracked 
| 894|0x000000076fc00000, 0x000000076fc00000, 0x000000076fe00000|  0%| F|  |TAMS 0x000000076fc00000, 0x000000076fc00000| Untracked 
| 895|0x000000076fe00000, 0x000000076fe00000, 0x0000000770000000|  0%| F|  |TAMS 0x000000076fe00000, 0x000000076fe00000| Untracked 
| 896|0x0000000770000000, 0x0000000770000000, 0x0000000770200000|  0%| F|  |TAMS 0x0000000770000000, 0x0000000770000000| Untracked 
| 897|0x0000000770200000, 0x0000000770200000, 0x0000000770400000|  0%| F|  |TAMS 0x0000000770200000, 0x0000000770200000| Untracked 
| 898|0x0000000770400000, 0x0000000770400000, 0x0000000770600000|  0%| F|  |TAMS 0x0000000770400000, 0x0000000770400000| Untracked 
| 899|0x0000000770600000, 0x0000000770600000, 0x0000000770800000|  0%| F|  |TAMS 0x0000000770600000, 0x0000000770600000| Untracked 
| 900|0x0000000770800000, 0x0000000770800000, 0x0000000770a00000|  0%| F|  |TAMS 0x0000000770800000, 0x0000000770800000| Untracked 
| 901|0x0000000770a00000, 0x0000000770a00000, 0x0000000770c00000|  0%| F|  |TAMS 0x0000000770a00000, 0x0000000770a00000| Untracked 
| 902|0x0000000770c00000, 0x0000000770c00000, 0x0000000770e00000|  0%| F|  |TAMS 0x0000000770c00000, 0x0000000770c00000| Untracked 
| 903|0x0000000770e00000, 0x0000000770e00000, 0x0000000771000000|  0%| F|  |TAMS 0x0000000770e00000, 0x0000000770e00000| Untracked 
| 904|0x0000000771000000, 0x0000000771000000, 0x0000000771200000|  0%| F|  |TAMS 0x0000000771000000, 0x0000000771000000| Untracked 
| 905|0x0000000771200000, 0x0000000771200000, 0x0000000771400000|  0%| F|  |TAMS 0x0000000771200000, 0x0000000771200000| Untracked 
| 906|0x0000000771400000, 0x0000000771400000, 0x0000000771600000|  0%| F|  |TAMS 0x0000000771400000, 0x0000000771400000| Untracked 
| 907|0x0000000771600000, 0x0000000771600000, 0x0000000771800000|  0%| F|  |TAMS 0x0000000771600000, 0x0000000771600000| Untracked 
| 908|0x0000000771800000, 0x0000000771800000, 0x0000000771a00000|  0%| F|  |TAMS 0x0000000771800000, 0x0000000771800000| Untracked 
| 909|0x0000000771a00000, 0x0000000771a00000, 0x0000000771c00000|  0%| F|  |TAMS 0x0000000771a00000, 0x0000000771a00000| Untracked 
| 910|0x0000000771c00000, 0x0000000771c00000, 0x0000000771e00000|  0%| F|  |TAMS 0x0000000771c00000, 0x0000000771c00000| Untracked 
| 911|0x0000000771e00000, 0x0000000771e00000, 0x0000000772000000|  0%| F|  |TAMS 0x0000000771e00000, 0x0000000771e00000| Untracked 
| 912|0x0000000772000000, 0x0000000772000000, 0x0000000772200000|  0%| F|  |TAMS 0x0000000772000000, 0x0000000772000000| Untracked 
| 913|0x0000000772200000, 0x0000000772200000, 0x0000000772400000|  0%| F|  |TAMS 0x0000000772200000, 0x0000000772200000| Untracked 
| 914|0x0000000772400000, 0x0000000772400000, 0x0000000772600000|  0%| F|  |TAMS 0x0000000772400000, 0x0000000772400000| Untracked 
| 915|0x0000000772600000, 0x0000000772600000, 0x0000000772800000|  0%| F|  |TAMS 0x0000000772600000, 0x0000000772600000| Untracked 
| 916|0x0000000772800000, 0x0000000772800000, 0x0000000772a00000|  0%| F|  |TAMS 0x0000000772800000, 0x0000000772800000| Untracked 
| 917|0x0000000772a00000, 0x0000000772a00000, 0x0000000772c00000|  0%| F|  |TAMS 0x0000000772a00000, 0x0000000772a00000| Untracked 
| 918|0x0000000772c00000, 0x0000000772c00000, 0x0000000772e00000|  0%| F|  |TAMS 0x0000000772c00000, 0x0000000772c00000| Untracked 
| 919|0x0000000772e00000, 0x0000000772e00000, 0x0000000773000000|  0%| F|  |TAMS 0x0000000772e00000, 0x0000000772e00000| Untracked 
| 920|0x0000000773000000, 0x0000000773000000, 0x0000000773200000|  0%| F|  |TAMS 0x0000000773000000, 0x0000000773000000| Untracked 
| 921|0x0000000773200000, 0x0000000773200000, 0x0000000773400000|  0%| F|  |TAMS 0x0000000773200000, 0x0000000773200000| Untracked 
| 922|0x0000000773400000, 0x0000000773400000, 0x0000000773600000|  0%| F|  |TAMS 0x0000000773400000, 0x0000000773400000| Untracked 
| 923|0x0000000773600000, 0x0000000773600000, 0x0000000773800000|  0%| F|  |TAMS 0x0000000773600000, 0x0000000773600000| Untracked 
| 924|0x0000000773800000, 0x0000000773800000, 0x0000000773a00000|  0%| F|  |TAMS 0x0000000773800000, 0x0000000773800000| Untracked 
| 925|0x0000000773a00000, 0x0000000773a00000, 0x0000000773c00000|  0%| F|  |TAMS 0x0000000773a00000, 0x0000000773a00000| Untracked 
| 926|0x0000000773c00000, 0x0000000773c00000, 0x0000000773e00000|  0%| F|  |TAMS 0x0000000773c00000, 0x0000000773c00000| Untracked 
| 927|0x0000000773e00000, 0x0000000773e00000, 0x0000000774000000|  0%| F|  |TAMS 0x0000000773e00000, 0x0000000773e00000| Untracked 
| 928|0x0000000774000000, 0x0000000774000000, 0x0000000774200000|  0%| F|  |TAMS 0x0000000774000000, 0x0000000774000000| Untracked 
| 929|0x0000000774200000, 0x0000000774200000, 0x0000000774400000|  0%| F|  |TAMS 0x0000000774200000, 0x0000000774200000| Untracked 
| 930|0x0000000774400000, 0x0000000774400000, 0x0000000774600000|  0%| F|  |TAMS 0x0000000774400000, 0x0000000774400000| Untracked 
| 931|0x0000000774600000, 0x0000000774600000, 0x0000000774800000|  0%| F|  |TAMS 0x0000000774600000, 0x0000000774600000| Untracked 
| 932|0x0000000774800000, 0x0000000774800000, 0x0000000774a00000|  0%| F|  |TAMS 0x0000000774800000, 0x0000000774800000| Untracked 
| 933|0x0000000774a00000, 0x0000000774a00000, 0x0000000774c00000|  0%| F|  |TAMS 0x0000000774a00000, 0x0000000774a00000| Untracked 
| 934|0x0000000774c00000, 0x0000000774c00000, 0x0000000774e00000|  0%| F|  |TAMS 0x0000000774c00000, 0x0000000774c00000| Untracked 
| 935|0x0000000774e00000, 0x0000000774e00000, 0x0000000775000000|  0%| F|  |TAMS 0x0000000774e00000, 0x0000000774e00000| Untracked 
| 936|0x0000000775000000, 0x0000000775000000, 0x0000000775200000|  0%| F|  |TAMS 0x0000000775000000, 0x0000000775000000| Untracked 
| 937|0x0000000775200000, 0x0000000775200000, 0x0000000775400000|  0%| F|  |TAMS 0x0000000775200000, 0x0000000775200000| Untracked 
| 938|0x0000000775400000, 0x0000000775400000, 0x0000000775600000|  0%| F|  |TAMS 0x0000000775400000, 0x0000000775400000| Untracked 
| 939|0x0000000775600000, 0x0000000775600000, 0x0000000775800000|  0%| F|  |TAMS 0x0000000775600000, 0x0000000775600000| Untracked 
| 940|0x0000000775800000, 0x0000000775800000, 0x0000000775a00000|  0%| F|  |TAMS 0x0000000775800000, 0x0000000775800000| Untracked 
| 941|0x0000000775a00000, 0x0000000775a00000, 0x0000000775c00000|  0%| F|  |TAMS 0x0000000775a00000, 0x0000000775a00000| Untracked 
| 942|0x0000000775c00000, 0x0000000775c00000, 0x0000000775e00000|  0%| F|  |TAMS 0x0000000775c00000, 0x0000000775c00000| Untracked 
| 943|0x0000000775e00000, 0x0000000775e00000, 0x0000000776000000|  0%| F|  |TAMS 0x0000000775e00000, 0x0000000775e00000| Untracked 
| 944|0x0000000776000000, 0x0000000776000000, 0x0000000776200000|  0%| F|  |TAMS 0x0000000776000000, 0x0000000776000000| Untracked 
| 945|0x0000000776200000, 0x0000000776342bf8, 0x0000000776400000| 63%| E|  |TAMS 0x0000000776200000, 0x0000000776200000| Complete 
| 946|0x0000000776400000, 0x0000000776600000, 0x0000000776600000|100%| E|CS|TAMS 0x0000000776400000, 0x0000000776400000| Complete 
| 947|0x0000000776600000, 0x0000000776800000, 0x0000000776800000|100%| E|CS|TAMS 0x0000000776600000, 0x0000000776600000| Complete 
| 948|0x0000000776800000, 0x0000000776a00000, 0x0000000776a00000|100%| E|CS|TAMS 0x0000000776800000, 0x0000000776800000| Complete 
| 949|0x0000000776a00000, 0x0000000776c00000, 0x0000000776c00000|100%| E|CS|TAMS 0x0000000776a00000, 0x0000000776a00000| Complete 
| 950|0x0000000776c00000, 0x0000000776e00000, 0x0000000776e00000|100%| E|CS|TAMS 0x0000000776c00000, 0x0000000776c00000| Complete 
| 951|0x0000000776e00000, 0x0000000777000000, 0x0000000777000000|100%| E|CS|TAMS 0x0000000776e00000, 0x0000000776e00000| Complete 
| 952|0x0000000777000000, 0x0000000777200000, 0x0000000777200000|100%| E|CS|TAMS 0x0000000777000000, 0x0000000777000000| Complete 
| 953|0x0000000777200000, 0x0000000777400000, 0x0000000777400000|100%| E|CS|TAMS 0x0000000777200000, 0x0000000777200000| Complete 
| 954|0x0000000777400000, 0x0000000777600000, 0x0000000777600000|100%| E|CS|TAMS 0x0000000777400000, 0x0000000777400000| Complete 
| 955|0x0000000777600000, 0x0000000777800000, 0x0000000777800000|100%| E|CS|TAMS 0x0000000777600000, 0x0000000777600000| Complete 
| 956|0x0000000777800000, 0x0000000777a00000, 0x0000000777a00000|100%| E|CS|TAMS 0x0000000777800000, 0x0000000777800000| Complete 
| 957|0x0000000777a00000, 0x0000000777c00000, 0x0000000777c00000|100%| E|CS|TAMS 0x0000000777a00000, 0x0000000777a00000| Complete 
| 958|0x0000000777c00000, 0x0000000777e00000, 0x0000000777e00000|100%| E|CS|TAMS 0x0000000777c00000, 0x0000000777c00000| Complete 
| 959|0x0000000777e00000, 0x0000000778000000, 0x0000000778000000|100%| E|CS|TAMS 0x0000000777e00000, 0x0000000777e00000| Complete 
| 960|0x0000000778000000, 0x0000000778200000, 0x0000000778200000|100%| E|CS|TAMS 0x0000000778000000, 0x0000000778000000| Complete 
| 961|0x0000000778200000, 0x0000000778400000, 0x0000000778400000|100%| E|CS|TAMS 0x0000000778200000, 0x0000000778200000| Complete 
| 962|0x0000000778400000, 0x0000000778600000, 0x0000000778600000|100%| E|CS|TAMS 0x0000000778400000, 0x0000000778400000| Complete 
| 963|0x0000000778600000, 0x0000000778800000, 0x0000000778800000|100%| E|CS|TAMS 0x0000000778600000, 0x0000000778600000| Complete 
| 964|0x0000000778800000, 0x0000000778a00000, 0x0000000778a00000|100%| E|CS|TAMS 0x0000000778800000, 0x0000000778800000| Complete 
| 965|0x0000000778a00000, 0x0000000778c00000, 0x0000000778c00000|100%| E|CS|TAMS 0x0000000778a00000, 0x0000000778a00000| Complete 
| 966|0x0000000778c00000, 0x0000000778e00000, 0x0000000778e00000|100%| E|CS|TAMS 0x0000000778c00000, 0x0000000778c00000| Complete 
| 967|0x0000000778e00000, 0x0000000779000000, 0x0000000779000000|100%| E|CS|TAMS 0x0000000778e00000, 0x0000000778e00000| Complete 
| 968|0x0000000779000000, 0x0000000779200000, 0x0000000779200000|100%| E|CS|TAMS 0x0000000779000000, 0x0000000779000000| Complete 
| 969|0x0000000779200000, 0x0000000779400000, 0x0000000779400000|100%| E|CS|TAMS 0x0000000779200000, 0x0000000779200000| Complete 
| 970|0x0000000779400000, 0x0000000779600000, 0x0000000779600000|100%| E|CS|TAMS 0x0000000779400000, 0x0000000779400000| Complete 
| 971|0x0000000779600000, 0x0000000779800000, 0x0000000779800000|100%| E|CS|TAMS 0x0000000779600000, 0x0000000779600000| Complete 
| 972|0x0000000779800000, 0x0000000779a00000, 0x0000000779a00000|100%| E|CS|TAMS 0x0000000779800000, 0x0000000779800000| Complete 
| 973|0x0000000779a00000, 0x0000000779c00000, 0x0000000779c00000|100%| E|CS|TAMS 0x0000000779a00000, 0x0000000779a00000| Complete 
| 974|0x0000000779c00000, 0x0000000779e00000, 0x0000000779e00000|100%| E|CS|TAMS 0x0000000779c00000, 0x0000000779c00000| Complete 
| 975|0x0000000779e00000, 0x000000077a000000, 0x000000077a000000|100%| E|CS|TAMS 0x0000000779e00000, 0x0000000779e00000| Complete 
| 976|0x000000077a000000, 0x000000077a200000, 0x000000077a200000|100%| E|CS|TAMS 0x000000077a000000, 0x000000077a000000| Complete 
| 977|0x000000077a200000, 0x000000077a400000, 0x000000077a400000|100%| E|CS|TAMS 0x000000077a200000, 0x000000077a200000| Complete 
| 978|0x000000077a400000, 0x000000077a600000, 0x000000077a600000|100%| E|CS|TAMS 0x000000077a400000, 0x000000077a400000| Complete 
| 979|0x000000077a600000, 0x000000077a800000, 0x000000077a800000|100%| E|CS|TAMS 0x000000077a600000, 0x000000077a600000| Complete 
| 980|0x000000077a800000, 0x000000077aa00000, 0x000000077aa00000|100%| E|CS|TAMS 0x000000077a800000, 0x000000077a800000| Complete 
| 981|0x000000077aa00000, 0x000000077ac00000, 0x000000077ac00000|100%| E|CS|TAMS 0x000000077aa00000, 0x000000077aa00000| Complete 
| 982|0x000000077ac00000, 0x000000077ae00000, 0x000000077ae00000|100%| E|CS|TAMS 0x000000077ac00000, 0x000000077ac00000| Complete 
| 983|0x000000077ae00000, 0x000000077b000000, 0x000000077b000000|100%| E|CS|TAMS 0x000000077ae00000, 0x000000077ae00000| Complete 
| 984|0x000000077b000000, 0x000000077b200000, 0x000000077b200000|100%| E|CS|TAMS 0x000000077b000000, 0x000000077b000000| Complete 
| 985|0x000000077b200000, 0x000000077b400000, 0x000000077b400000|100%| E|CS|TAMS 0x000000077b200000, 0x000000077b200000| Complete 
| 986|0x000000077b400000, 0x000000077b600000, 0x000000077b600000|100%| E|CS|TAMS 0x000000077b400000, 0x000000077b400000| Complete 
| 987|0x000000077b600000, 0x000000077b800000, 0x000000077b800000|100%| E|CS|TAMS 0x000000077b600000, 0x000000077b600000| Complete 
| 988|0x000000077b800000, 0x000000077ba00000, 0x000000077ba00000|100%| E|CS|TAMS 0x000000077b800000, 0x000000077b800000| Complete 
| 989|0x000000077ba00000, 0x000000077bc00000, 0x000000077bc00000|100%| E|CS|TAMS 0x000000077ba00000, 0x000000077ba00000| Complete 
| 990|0x000000077bc00000, 0x000000077be00000, 0x000000077be00000|100%| E|CS|TAMS 0x000000077bc00000, 0x000000077bc00000| Complete 
| 991|0x000000077be00000, 0x000000077c000000, 0x000000077c000000|100%| E|CS|TAMS 0x000000077be00000, 0x000000077be00000| Complete 
| 992|0x000000077c000000, 0x000000077c200000, 0x000000077c200000|100%| E|CS|TAMS 0x000000077c000000, 0x000000077c000000| Complete 
| 993|0x000000077c200000, 0x000000077c400000, 0x000000077c400000|100%| E|CS|TAMS 0x000000077c200000, 0x000000077c200000| Complete 
| 994|0x000000077c400000, 0x000000077c600000, 0x000000077c600000|100%| E|CS|TAMS 0x000000077c400000, 0x000000077c400000| Complete 
| 995|0x000000077c600000, 0x000000077c800000, 0x000000077c800000|100%| E|CS|TAMS 0x000000077c600000, 0x000000077c600000| Complete 
| 996|0x000000077c800000, 0x000000077ca00000, 0x000000077ca00000|100%| E|CS|TAMS 0x000000077c800000, 0x000000077c800000| Complete 
| 997|0x000000077ca00000, 0x000000077cc00000, 0x000000077cc00000|100%| E|CS|TAMS 0x000000077ca00000, 0x000000077ca00000| Complete 
| 998|0x000000077cc00000, 0x000000077ce00000, 0x000000077ce00000|100%| E|CS|TAMS 0x000000077cc00000, 0x000000077cc00000| Complete 
| 999|0x000000077ce00000, 0x000000077d000000, 0x000000077d000000|100%| E|CS|TAMS 0x000000077ce00000, 0x000000077ce00000| Complete 
|1000|0x000000077d000000, 0x000000077d200000, 0x000000077d200000|100%| E|CS|TAMS 0x000000077d000000, 0x000000077d000000| Complete 
|1001|0x000000077d200000, 0x000000077d400000, 0x000000077d400000|100%| E|CS|TAMS 0x000000077d200000, 0x000000077d200000| Complete 
|1002|0x000000077d400000, 0x000000077d600000, 0x000000077d600000|100%| E|CS|TAMS 0x000000077d400000, 0x000000077d400000| Complete 
|1003|0x000000077d600000, 0x000000077d800000, 0x000000077d800000|100%| E|CS|TAMS 0x000000077d600000, 0x000000077d600000| Complete 
|1004|0x000000077d800000, 0x000000077da00000, 0x000000077da00000|100%| E|CS|TAMS 0x000000077d800000, 0x000000077d800000| Complete 
|1005|0x000000077da00000, 0x000000077dc00000, 0x000000077dc00000|100%| E|CS|TAMS 0x000000077da00000, 0x000000077da00000| Complete 
|1006|0x000000077dc00000, 0x000000077de00000, 0x000000077de00000|100%| E|CS|TAMS 0x000000077dc00000, 0x000000077dc00000| Complete 
|1007|0x000000077de00000, 0x000000077e000000, 0x000000077e000000|100%| E|CS|TAMS 0x000000077de00000, 0x000000077de00000| Complete 
|1008|0x000000077e000000, 0x000000077e200000, 0x000000077e200000|100%| E|CS|TAMS 0x000000077e000000, 0x000000077e000000| Complete 
|1009|0x000000077e200000, 0x000000077e400000, 0x000000077e400000|100%| E|CS|TAMS 0x000000077e200000, 0x000000077e200000| Complete 
|1010|0x000000077e400000, 0x000000077e600000, 0x000000077e600000|100%| E|CS|TAMS 0x000000077e400000, 0x000000077e400000| Complete 
|1011|0x000000077e600000, 0x000000077e800000, 0x000000077e800000|100%| E|CS|TAMS 0x000000077e600000, 0x000000077e600000| Complete 
|1012|0x000000077e800000, 0x000000077ea00000, 0x000000077ea00000|100%| E|CS|TAMS 0x000000077e800000, 0x000000077e800000| Complete 
|1013|0x000000077ea00000, 0x000000077ec00000, 0x000000077ec00000|100%| E|CS|TAMS 0x000000077ea00000, 0x000000077ea00000| Complete 
|1014|0x000000077ec00000, 0x000000077ee00000, 0x000000077ee00000|100%| E|CS|TAMS 0x000000077ec00000, 0x000000077ec00000| Complete 
|1015|0x000000077ee00000, 0x000000077f000000, 0x000000077f000000|100%| E|CS|TAMS 0x000000077ee00000, 0x000000077ee00000| Complete 
|1016|0x000000077f000000, 0x000000077f200000, 0x000000077f200000|100%| E|CS|TAMS 0x000000077f000000, 0x000000077f000000| Complete 
|1017|0x000000077f200000, 0x000000077f400000, 0x000000077f400000|100%| E|CS|TAMS 0x000000077f200000, 0x000000077f200000| Complete 
|1018|0x000000077f400000, 0x000000077f600000, 0x000000077f600000|100%| E|CS|TAMS 0x000000077f400000, 0x000000077f400000| Complete 
|1019|0x000000077f600000, 0x000000077f800000, 0x000000077f800000|100%| E|CS|TAMS 0x000000077f600000, 0x000000077f600000| Complete 
|1020|0x000000077f800000, 0x000000077fa00000, 0x000000077fa00000|100%| E|CS|TAMS 0x000000077f800000, 0x000000077f800000| Complete 
|1021|0x000000077fa00000, 0x000000077fc00000, 0x000000077fc00000|100%| E|CS|TAMS 0x000000077fa00000, 0x000000077fa00000| Complete 
|1022|0x000000077fc00000, 0x000000077fe00000, 0x000000077fe00000|100%| E|CS|TAMS 0x000000077fc00000, 0x000000077fc00000| Complete 
|1023|0x000000077fe00000, 0x0000000780000000, 0x0000000780000000|100%| E|CS|TAMS 0x000000077fe00000, 0x000000077fe00000| Complete 
|1024|0x0000000780000000, 0x0000000780200000, 0x0000000780200000|100%| E|CS|TAMS 0x0000000780000000, 0x0000000780000000| Complete 
|1025|0x0000000780200000, 0x0000000780400000, 0x0000000780400000|100%| E|CS|TAMS 0x0000000780200000, 0x0000000780200000| Complete 
|1026|0x0000000780400000, 0x0000000780600000, 0x0000000780600000|100%| E|CS|TAMS 0x0000000780400000, 0x0000000780400000| Complete 
|1027|0x0000000780600000, 0x0000000780800000, 0x0000000780800000|100%| E|CS|TAMS 0x0000000780600000, 0x0000000780600000| Complete 
|1028|0x0000000780800000, 0x0000000780a00000, 0x0000000780a00000|100%| E|CS|TAMS 0x0000000780800000, 0x0000000780800000| Complete 
|1029|0x0000000780a00000, 0x0000000780c00000, 0x0000000780c00000|100%| E|CS|TAMS 0x0000000780a00000, 0x0000000780a00000| Complete 
|1030|0x0000000780c00000, 0x0000000780e00000, 0x0000000780e00000|100%| E|CS|TAMS 0x0000000780c00000, 0x0000000780c00000| Complete 
|1031|0x0000000780e00000, 0x0000000781000000, 0x0000000781000000|100%| E|CS|TAMS 0x0000000780e00000, 0x0000000780e00000| Complete 
|1032|0x0000000781000000, 0x0000000781200000, 0x0000000781200000|100%| E|CS|TAMS 0x0000000781000000, 0x0000000781000000| Complete 
|1033|0x0000000781200000, 0x0000000781400000, 0x0000000781400000|100%| E|CS|TAMS 0x0000000781200000, 0x0000000781200000| Complete 
|1034|0x0000000781400000, 0x0000000781600000, 0x0000000781600000|100%| E|CS|TAMS 0x0000000781400000, 0x0000000781400000| Complete 
|1035|0x0000000781600000, 0x0000000781800000, 0x0000000781800000|100%| E|CS|TAMS 0x0000000781600000, 0x0000000781600000| Complete 
|1036|0x0000000781800000, 0x0000000781a00000, 0x0000000781a00000|100%| E|CS|TAMS 0x0000000781800000, 0x0000000781800000| Complete 
|1037|0x0000000781a00000, 0x0000000781c00000, 0x0000000781c00000|100%| E|CS|TAMS 0x0000000781a00000, 0x0000000781a00000| Complete 
|1038|0x0000000781c00000, 0x0000000781e00000, 0x0000000781e00000|100%| E|CS|TAMS 0x0000000781c00000, 0x0000000781c00000| Complete 
|1039|0x0000000781e00000, 0x0000000782000000, 0x0000000782000000|100%| E|CS|TAMS 0x0000000781e00000, 0x0000000781e00000| Complete 
|1040|0x0000000782000000, 0x0000000782200000, 0x0000000782200000|100%| E|CS|TAMS 0x0000000782000000, 0x0000000782000000| Complete 

Card table byte_map: [0x00000278bb8f0000,0x00000278bc0f0000] _byte_map_base: 0x00000278b80f0000

Marking Bits (Prev, Next): (CMBitMap*) 0x00000278a0e625a0, (CMBitMap*) 0x00000278a0e62560
 Prev Bits: [0x00000278c08f0000, 0x00000278c48f0000)
 Next Bits: [0x00000278bc8f0000, 0x00000278c08f0000)

Polling page: 0x00000278a0d80000

Metaspace:

Usage:
  Non-class:    132.02 MB used.
      Class:     20.56 MB used.
       Both:    152.58 MB used.

Virtual space:
  Non-class space:      192.00 MB reserved,     133.00 MB ( 69%) committed,  3 nodes.
      Class space:      832.00 MB reserved,      21.44 MB (  3%) committed,  1 nodes.
             Both:        1.00 GB reserved,     154.44 MB ( 15%) committed. 

Chunk freelists:
   Non-Class:  10.27 MB
       Class:  10.44 MB
        Both:  20.70 MB

MaxMetaspaceSize: 1.00 GB
CompressedClassSpaceSize: 832.00 MB
Initial GC threshold: 21.00 MB
Current GC threshold: 254.69 MB
CDS: on
MetaspaceReclaimPolicy: balanced
 - commit_granule_bytes: 65536.
 - commit_granule_words: 8192.
 - virtual_space_node_default_size: 8388608.
 - enlarge_chunks_in_place: 1.
 - new_chunks_are_fully_committed: 0.
 - uncommit_free_chunks: 1.
 - use_allocation_guard: 0.
 - handle_deallocations: 1.


Internal statistics:

num_allocs_failed_limit: 11.
num_arena_births: 2702.
num_arena_deaths: 14.
num_vsnodes_births: 4.
num_vsnodes_deaths: 0.
num_space_committed: 2473.
num_space_uncommitted: 3.
num_chunks_returned_to_freelist: 45.
num_chunks_taken_from_freelist: 9949.
num_chunk_merges: 16.
num_chunk_splits: 6315.
num_chunks_enlarged: 3884.
num_inconsistent_stats: 0.

CodeHeap 'non-profiled nmethods': size=127360Kb used=25972Kb max_used=25972Kb free=101387Kb
 bounds [0x00000278b24c0000, 0x00000278b3e20000, 0x00000278ba120000]
CodeHeap 'profiled nmethods': size=127296Kb used=57939Kb max_used=57939Kb free=69356Kb
 bounds [0x00000278aa120000, 0x00000278ada70000, 0x00000278b1d70000]
CodeHeap 'non-nmethods': size=7488Kb used=4226Kb max_used=4333Kb free=3262Kb
 bounds [0x00000278b1d70000, 0x00000278b2210000, 0x00000278b24c0000]
 total_blobs=29594 nmethods=28502 adapters=1000
 compilation: enabled
              stopped_count=0, restarted_count=0
 full_count=0

Compilation events (20 events):
Event: 112.696 Thread 0x000002788f142600 nmethod 37910 0x00000278b3c35b10 code [0x00000278b3c35ca0, 0x00000278b3c35d78]
Event: 112.697 Thread 0x000002788f142600 37911       3       com.android.tools.r8.synthesis.l$$Lambda$4010/0x00000278ca4f10b0::accept (12 bytes)
Event: 112.697 Thread 0x000002788f142600 nmethod 37911 0x00000278ace02e10 code [0x00000278ace02fc0, 0x00000278ace03308]
Event: 112.724 Thread 0x00000278c7444db0 37912       2       org.gradle.internal.execution.steps.IdentityCacheStep::lambda$emitExecuteDeferredProgressDetails$2 (32 bytes)
Event: 112.725 Thread 0x00000278c7444db0 nmethod 37912 0x00000278ace02690 code [0x00000278ace02860, 0x00000278ace02c48]
Event: 112.751 Thread 0x00000278c74444a0 nmethod 37778 0x00000278b3de6790 code [0x00000278b3de6c20, 0x00000278b3deb3d0]
Event: 112.751 Thread 0x00000278c74444a0 37896 %     4       com.android.tools.r8.internal.CQ::b @ 937 (1520 bytes)
Event: 112.871 Thread 0x00000278c74444a0 nmethod 37896% 0x00000278b3ded990 code [0x00000278b3dedd40, 0x00000278b3df1950]
Event: 112.871 Thread 0x00000278c74444a0 37542 %     4       com.android.tools.r8.internal.nH::a @ 44 (183 bytes)
Event: 112.876 Thread 0x00000278c74444a0 nmethod 37542% 0x00000278b398fb90 code [0x00000278b398fd80, 0x00000278b39901a8]
Event: 112.876 Thread 0x00000278c74444a0 37820       4       com.android.tools.r8.internal.Km::a (631 bytes)
Event: 113.187 Thread 0x00000278c74444a0 nmethod 37820 0x00000278b3df3e90 code [0x00000278b3df44c0, 0x00000278b3dfd7e0]
Event: 113.187 Thread 0x00000278c74444a0 37549       4       com.android.tools.r8.ir.optimize.M::a (767 bytes)
Event: 113.470 Thread 0x00000278c74444a0 nmethod 37549 0x00000278b3e02390 code [0x00000278b3e02aa0, 0x00000278b3e0a578]
Event: 113.471 Thread 0x00000278c74444a0 36980       4       com.android.tools.r8.graph.U0::a (433 bytes)
Event: 113.753 Thread 0x00000278c74444a0 nmethod 36980 0x00000278b3e10810 code [0x00000278b3e10cc0, 0x00000278b3e196a0]
Event: 113.754 Thread 0x00000278c74444a0 37037       4       java.util.ArrayDeque::grow (165 bytes)
Event: 113.754 Thread 0x00000278905440b0 36833       4       org.objectweb.asm.ClassReader::readMethod (1070 bytes)
Event: 113.761 Thread 0x00000278c74444a0 nmethod 37037 0x00000278b398ee90 code [0x00000278b398f020, 0x00000278b398f878]
Event: 113.761 Thread 0x00000278c74444a0 36976       4       com.android.tools.r8.graph.G3::b (716 bytes)

GC Heap History (20 events):
Event: 105.374 GC heap before
{Heap before GC invocations=137 (full 0):
 garbage-first heap   total 1173504K, used 895434K [0x0000000700000000, 0x0000000800000000)
  region size 2048K, 168 young (344064K), 2 survivors (4096K)
 Metaspace       used 154388K, committed 156288K, reserved 1048576K
  class space    used 20880K, committed 21760K, reserved 851968K
}
Event: 105.423 GC heap after
{Heap after GC invocations=138 (full 0):
 garbage-first heap   total 1173504K, used 710289K [0x0000000700000000, 0x0000000800000000)
  region size 2048K, 21 young (43008K), 21 survivors (43008K)
 Metaspace       used 154388K, committed 156288K, reserved 1048576K
  class space    used 20880K, committed 21760K, reserved 851968K
}
Event: 105.477 GC heap before
{Heap before GC invocations=138 (full 0):
 garbage-first heap   total 1173504K, used 724625K [0x0000000700000000, 0x0000000800000000)
  region size 2048K, 28 young (57344K), 21 survivors (43008K)
 Metaspace       used 154388K, committed 156288K, reserved 1048576K
  class space    used 20880K, committed 21760K, reserved 851968K
}
Event: 105.503 GC heap after
{Heap after GC invocations=139 (full 0):
 garbage-first heap   total 1173504K, used 602547K [0x0000000700000000, 0x0000000800000000)
  region size 2048K, 2 young (4096K), 2 survivors (4096K)
 Metaspace       used 154388K, committed 156288K, reserved 1048576K
  class space    used 20880K, committed 21760K, reserved 851968K
}
Event: 105.785 GC heap before
{Heap before GC invocations=139 (full 0):
 garbage-first heap   total 1173504K, used 655795K [0x0000000700000000, 0x0000000800000000)
  region size 2048K, 28 young (57344K), 2 survivors (4096K)
 Metaspace       used 154451K, committed 156352K, reserved 1048576K
  class space    used 20882K, committed 21760K, reserved 851968K
}
Event: 105.803 GC heap after
{Heap after GC invocations=140 (full 0):
 garbage-first heap   total 1173504K, used 609910K [0x0000000700000000, 0x0000000800000000)
  region size 2048K, 4 young (8192K), 4 survivors (8192K)
 Metaspace       used 154451K, committed 156352K, reserved 1048576K
  class space    used 20882K, committed 21760K, reserved 851968K
}
Event: 106.950 GC heap before
{Heap before GC invocations=140 (full 0):
 garbage-first heap   total 1173504K, used 837238K [0x0000000700000000, 0x0000000800000000)
  region size 2048K, 112 young (229376K), 4 survivors (8192K)
 Metaspace       used 154476K, committed 156352K, reserved 1048576K
  class space    used 20882K, committed 21760K, reserved 851968K
}
Event: 106.961 GC heap after
{Heap after GC invocations=141 (full 0):
 garbage-first heap   total 1173504K, used 635235K [0x0000000700000000, 0x0000000800000000)
  region size 2048K, 13 young (26624K), 13 survivors (26624K)
 Metaspace       used 154476K, committed 156352K, reserved 1048576K
  class space    used 20882K, committed 21760K, reserved 851968K
}
Event: 107.627 GC heap before
{Heap before GC invocations=141 (full 0):
 garbage-first heap   total 1173504K, used 878947K [0x0000000700000000, 0x0000000800000000)
  region size 2048K, 125 young (256000K), 13 survivors (26624K)
 Metaspace       used 154574K, committed 156416K, reserved 1048576K
  class space    used 20887K, committed 21760K, reserved 851968K
}
Event: 107.651 GC heap after
{Heap after GC invocations=142 (full 0):
 garbage-first heap   total 1173504K, used 700007K [0x0000000700000000, 0x0000000800000000)
  region size 2048K, 16 young (32768K), 16 survivors (32768K)
 Metaspace       used 154574K, committed 156416K, reserved 1048576K
  class space    used 20887K, committed 21760K, reserved 851968K
}
Event: 107.717 GC heap before
{Heap before GC invocations=142 (full 0):
 garbage-first heap   total 1173504K, used 755303K [0x0000000700000000, 0x0000000800000000)
  region size 2048K, 41 young (83968K), 16 survivors (32768K)
 Metaspace       used 154577K, committed 156480K, reserved 1048576K
  class space    used 20887K, committed 21760K, reserved 851968K
}
Event: 107.724 GC heap after
{Heap after GC invocations=143 (full 0):
 garbage-first heap   total 1173504K, used 705574K [0x0000000700000000, 0x0000000800000000)
  region size 2048K, 2 young (4096K), 2 survivors (4096K)
 Metaspace       used 154577K, committed 156480K, reserved 1048576K
  class space    used 20887K, committed 21760K, reserved 851968K
}
Event: 111.142 GC heap before
{Heap before GC invocations=144 (full 0):
 garbage-first heap   total 1349632K, used 926758K [0x0000000700000000, 0x0000000800000000)
  region size 2048K, 109 young (223232K), 2 survivors (4096K)
 Metaspace       used 155455K, committed 157376K, reserved 1048576K
  class space    used 20977K, committed 21824K, reserved 851968K
}
Event: 111.152 GC heap after
{Heap after GC invocations=145 (full 0):
 garbage-first heap   total 1349632K, used 679616K [0x0000000700000000, 0x0000000800000000)
  region size 2048K, 5 young (10240K), 5 survivors (10240K)
 Metaspace       used 155455K, committed 157376K, reserved 1048576K
  class space    used 20977K, committed 21824K, reserved 851968K
}
Event: 111.190 GC heap before
{Heap before GC invocations=145 (full 0):
 garbage-first heap   total 1349632K, used 734912K [0x0000000700000000, 0x0000000800000000)
  region size 2048K, 32 young (65536K), 5 survivors (10240K)
 Metaspace       used 155458K, committed 157376K, reserved 1048576K
  class space    used 20977K, committed 21824K, reserved 851968K
}
Event: 111.221 GC heap after
{Heap after GC invocations=146 (full 0):
 garbage-first heap   total 1349632K, used 641339K [0x0000000700000000, 0x0000000800000000)
  region size 2048K, 4 young (8192K), 4 survivors (8192K)
 Metaspace       used 155458K, committed 157376K, reserved 1048576K
  class space    used 20977K, committed 21824K, reserved 851968K
}
Event: 111.441 GC heap before
{Heap before GC invocations=146 (full 0):
 garbage-first heap   total 1349632K, used 1030459K [0x0000000700000000, 0x0000000800000000)
  region size 2048K, 195 young (399360K), 4 survivors (8192K)
 Metaspace       used 155653K, committed 157504K, reserved 1048576K
  class space    used 20997K, committed 21824K, reserved 851968K
}
Event: 111.523 GC heap after
{Heap after GC invocations=147 (full 0):
 garbage-first heap   total 2131968K, used 689140K [0x0000000700000000, 0x0000000800000000)
  region size 2048K, 25 young (51200K), 25 survivors (51200K)
 Metaspace       used 155653K, committed 157504K, reserved 1048576K
  class space    used 20997K, committed 21824K, reserved 851968K
}
Event: 112.329 GC heap before
{Heap before GC invocations=147 (full 0):
 garbage-first heap   total 2131968K, used 1313780K [0x0000000700000000, 0x0000000800000000)
  region size 2048K, 331 young (677888K), 25 survivors (51200K)
 Metaspace       used 156199K, committed 158144K, reserved 1048576K
  class space    used 21054K, committed 21952K, reserved 851968K
}
Event: 112.348 GC heap after
{Heap after GC invocations=148 (full 0):
 garbage-first heap   total 2131968K, used 684809K [0x0000000700000000, 0x0000000800000000)
  region size 2048K, 6 young (12288K), 6 survivors (12288K)
 Metaspace       used 156199K, committed 158144K, reserved 1048576K
  class space    used 21054K, committed 21952K, reserved 851968K
}

Dll operation events (16 events):
Event: 0.008 Loaded shared library C:\Program Files\Eclipse Adoptium\jdk-17.0.14.7-hotspot\bin\java.dll
Event: 0.023 Loaded shared library C:\Program Files\Eclipse Adoptium\jdk-17.0.14.7-hotspot\bin\jsvml.dll
Event: 0.065 Loaded shared library C:\Program Files\Eclipse Adoptium\jdk-17.0.14.7-hotspot\bin\zip.dll
Event: 0.067 Loaded shared library C:\Program Files\Eclipse Adoptium\jdk-17.0.14.7-hotspot\bin\instrument.dll
Event: 0.074 Loaded shared library C:\Program Files\Eclipse Adoptium\jdk-17.0.14.7-hotspot\bin\net.dll
Event: 0.075 Loaded shared library C:\Program Files\Eclipse Adoptium\jdk-17.0.14.7-hotspot\bin\nio.dll
Event: 0.077 Loaded shared library C:\Program Files\Eclipse Adoptium\jdk-17.0.14.7-hotspot\bin\zip.dll
Event: 0.294 Loaded shared library C:\Program Files\Eclipse Adoptium\jdk-17.0.14.7-hotspot\bin\jimage.dll
Event: 0.405 Loaded shared library C:\Program Files\Eclipse Adoptium\jdk-17.0.14.7-hotspot\bin\verify.dll
Event: 0.551 Loaded shared library C:\Users\Moaz\.gradle\native\c067742578af261105cb4f569cf0c3c89f3d7b1fecec35dd04571415982c5e48\windows-amd64\native-platform.dll
Event: 0.555 Loaded shared library C:\Users\Moaz\.gradle\native\100fb08df4bc3b14c8652ba06237920a3bd2aa13389f12d3474272988ae205f9\windows-amd64\native-platform-file-events.dll
Event: 1.555 Loaded shared library C:\Program Files\Eclipse Adoptium\jdk-17.0.14.7-hotspot\bin\management.dll
Event: 1.557 Loaded shared library C:\Program Files\Eclipse Adoptium\jdk-17.0.14.7-hotspot\bin\management_ext.dll
Event: 1.745 Loaded shared library C:\Program Files\Eclipse Adoptium\jdk-17.0.14.7-hotspot\bin\extnet.dll
Event: 2.048 Loaded shared library C:\Program Files\Eclipse Adoptium\jdk-17.0.14.7-hotspot\bin\sunmscapi.dll
Event: 33.244 Loaded shared library C:\Program Files\Eclipse Adoptium\jdk-17.0.14.7-hotspot\bin\rmi.dll

Deoptimization events (20 events):
Event: 112.401 Thread 0x0000027887ee1380 DEOPT PACKING pc=0x00000278ac788b58 sp=0x0000009b3ecfd1c0
Event: 112.402 Thread 0x0000027887ee1380 DEOPT UNPACKING pc=0x00000278b1dc7143 sp=0x0000009b3ecfc6f0 mode 0
Event: 112.408 Thread 0x0000027884a0ff20 DEOPT PACKING pc=0x00000278ad984478 sp=0x0000009b35bf9830
Event: 112.408 Thread 0x0000027884a0ff20 DEOPT UNPACKING pc=0x00000278b1dc7143 sp=0x0000009b35bf90c0 mode 0
Event: 112.420 Thread 0x0000027887ee1380 DEOPT PACKING pc=0x00000278ac7f74e1 sp=0x0000009b3ecfd210
Event: 112.420 Thread 0x0000027887ee1380 DEOPT UNPACKING pc=0x00000278b1dc7143 sp=0x0000009b3ecfc7d8 mode 0
Event: 112.421 Thread 0x0000027884a0ff20 Uncommon trap: trap_request=0xffffff6e fr.pc=0x00000278b38a1384 relative=0x0000000000007544
Event: 112.421 Thread 0x0000027884a0ff20 Uncommon trap: reason=loop_limit_check action=maybe_recompile pc=0x00000278b38a1384 method=com.android.tools.r8.internal.RF.a()I @ 64 c2
Event: 112.421 Thread 0x0000027884a0ff20 DEOPT PACKING pc=0x00000278b38a1384 sp=0x0000009b35bf9640
Event: 112.421 Thread 0x0000027884a0ff20 DEOPT UNPACKING pc=0x00000278b1dc69a3 sp=0x0000009b35bf9530 mode 2
Event: 112.431 Thread 0x00000278fe36d5d0 DEOPT PACKING pc=0x00000278ad984478 sp=0x0000009b353f9a00
Event: 112.431 Thread 0x00000278fe36d5d0 DEOPT UNPACKING pc=0x00000278b1dc7143 sp=0x0000009b353f92a8 mode 0
Event: 112.470 Thread 0x00000278fe36d5d0 DEOPT PACKING pc=0x00000278ad984452 sp=0x0000009b353f9a00
Event: 112.470 Thread 0x00000278fe36d5d0 DEOPT UNPACKING pc=0x00000278b1dc7143 sp=0x0000009b353f9298 mode 0
Event: 112.589 Thread 0x00000278fe36d5d0 DEOPT PACKING pc=0x00000278ad85a691 sp=0x0000009b353fa450
Event: 112.589 Thread 0x00000278fe36d5d0 DEOPT UNPACKING pc=0x00000278b1dc7143 sp=0x0000009b353f9d78 mode 0
Event: 112.610 Thread 0x0000027884a11870 DEOPT PACKING pc=0x00000278ac788b58 sp=0x0000009b358fa900
Event: 112.610 Thread 0x0000027884a11870 DEOPT UNPACKING pc=0x00000278b1dc7143 sp=0x0000009b358f9e30 mode 0
Event: 112.630 Thread 0x0000027884a10e50 DEOPT PACKING pc=0x00000278ad985393 sp=0x0000009b35af9ec0
Event: 112.630 Thread 0x0000027884a10e50 DEOPT UNPACKING pc=0x00000278b1dc7143 sp=0x0000009b35af9750 mode 0

Classes loaded (20 events):
Event: 104.544 Loading class jdk/internal/reflect/UnsafeQualifiedBooleanFieldAccessorImpl
Event: 104.545 Loading class jdk/internal/reflect/UnsafeQualifiedBooleanFieldAccessorImpl done
Event: 104.841 Loading class java/util/concurrent/ForkJoinTask$AdaptedCallable
Event: 104.841 Loading class java/util/concurrent/ForkJoinTask$AdaptedCallable done
Event: 104.842 Loading class java/util/concurrent/ForkJoinPool$DefaultForkJoinWorkerThreadFactory$1
Event: 104.842 Loading class java/util/concurrent/ForkJoinPool$DefaultForkJoinWorkerThreadFactory$1 done
Event: 104.855 Loading class java/nio/HeapShortBuffer
Event: 104.856 Loading class java/nio/HeapShortBuffer done
Event: 107.302 Loading class java/util/IdentityHashMap$EntryIterator
Event: 107.303 Loading class java/util/IdentityHashMap$EntryIterator done
Event: 107.303 Loading class java/util/IdentityHashMap$EntryIterator$Entry
Event: 107.303 Loading class java/util/IdentityHashMap$EntryIterator$Entry done
Event: 111.066 Loading class jdk/internal/reflect/UnsafeByteFieldAccessorImpl
Event: 111.068 Loading class jdk/internal/reflect/UnsafeByteFieldAccessorImpl done
Event: 111.871 Loading class java/util/zip/ZipOutputStream$XEntry
Event: 111.876 Loading class java/util/zip/ZipOutputStream$XEntry done
Event: 111.878 Loading class java/util/Vector$Itr
Event: 111.899 Loading class java/util/Vector$Itr done
Event: 112.261 Loading class java/io/PushbackInputStream
Event: 112.268 Loading class java/io/PushbackInputStream done

Classes unloaded (20 events):
Event: 93.322 Thread 0x00000278c741af20 Unloading class 0x00000278ca1721f8 'jdk/internal/jimage/ImageReader$Node'
Event: 93.322 Thread 0x00000278c741af20 Unloading class 0x00000278ca172000 'jdk/internal/jimage/ImageStrings'
Event: 93.322 Thread 0x00000278c741af20 Unloading class 0x00000278ca171b50 'jdk/internal/jimage/ImageReader$SharedImageReader'
Event: 93.322 Thread 0x00000278c741af20 Unloading class 0x00000278ca171890 'jdk/internal/jimage/BasicImageReader'
Event: 93.322 Thread 0x00000278c741af20 Unloading class 0x00000278ca171670 'jdk/internal/jimage/ImageReader'
Event: 93.322 Thread 0x00000278c741af20 Unloading class 0x00000278ca171448 'jdk/internal/jrtfs/SystemImage$2'
Event: 93.322 Thread 0x00000278c741af20 Unloading class 0x00000278ca171230 'jdk/internal/jrtfs/SystemImage$$Lambda$2604+0x00000278ca171230'
Event: 93.322 Thread 0x00000278c741af20 Unloading class 0x00000278ca171000 'jdk/internal/jrtfs/ExplodedImage'
Event: 93.322 Thread 0x00000278c741af20 Unloading class 0x00000278ca170dc8 'jdk/internal/jrtfs/SystemImage$1'
Event: 93.322 Thread 0x00000278c741af20 Unloading class 0x00000278ca170bb0 'jdk/internal/jrtfs/SystemImage'
Event: 93.322 Thread 0x00000278c741af20 Unloading class 0x00000278ca170950 'jdk/internal/jrtfs/JrtFileStore'
Event: 93.322 Thread 0x00000278c741af20 Unloading class 0x00000278ca1705d8 'jdk/internal/jrtfs/JrtPath'
Event: 93.322 Thread 0x00000278c741af20 Unloading class 0x00000278ca1702e0 'jdk/internal/jrtfs/JrtFileSystem'
Event: 93.322 Thread 0x00000278c741af20 Unloading class 0x00000278ca170000 'jdk/internal/jrtfs/JrtFileSystemProvider'
Event: 104.624 Thread 0x00000278c741af20 Unloading class 0x00000278ca3d8400 'java/lang/invoke/LambdaForm$DMH+0x00000278ca3d8400'
Event: 104.624 Thread 0x00000278c741af20 Unloading class 0x00000278ca370400 'java/lang/invoke/LambdaForm$DMH+0x00000278ca370400'
Event: 104.624 Thread 0x00000278c741af20 Unloading class 0x00000278ca360800 'java/lang/invoke/LambdaForm$DMH+0x00000278ca360800'
Event: 104.624 Thread 0x00000278c741af20 Unloading class 0x00000278ca360400 'java/lang/invoke/LambdaForm$DMH+0x00000278ca360400'
Event: 104.624 Thread 0x00000278c741af20 Unloading class 0x00000278ca2f8400 'java/lang/invoke/LambdaForm$DMH+0x00000278ca2f8400'
Event: 104.624 Thread 0x00000278c741af20 Unloading class 0x00000278ca264000 'java/lang/invoke/LambdaForm$DMH+0x00000278ca264000'

Classes redefined (0 events):
No events

Internal exceptions (20 events):
Event: 111.870 Thread 0x0000027891154c60 Exception <a 'sun/nio/fs/WindowsException'{0x000000076d8bf870}> (0x000000076d8bf870) 
thrown [s\src\hotspot\share\prims\jni.cpp, line 516]
Event: 111.871 Thread 0x0000027891154c60 Exception <a 'sun/nio/fs/WindowsException'{0x000000076d8c0250}> (0x000000076d8c0250) 
thrown [s\src\hotspot\share\prims\jni.cpp, line 516]
Event: 111.899 Thread 0x00000278fe36d0c0 Exception <a 'sun/nio/fs/WindowsException'{0x000000076be22c30}> (0x000000076be22c30) 
thrown [s\src\hotspot\share\prims\jni.cpp, line 516]
Event: 111.935 Thread 0x00000278fe36c190 Exception <a 'sun/nio/fs/WindowsException'{0x000000076a217f98}> (0x000000076a217f98) 
thrown [s\src\hotspot\share\prims\jni.cpp, line 516]
Event: 111.990 Thread 0x0000027884a127a0 Exception <a 'sun/nio/fs/WindowsException'{0x00000007678010a0}> (0x00000007678010a0) 
thrown [s\src\hotspot\share\prims\jni.cpp, line 516]
Event: 112.251 Thread 0x0000027884a127a0 Exception <a 'sun/nio/fs/WindowsException'{0x0000000767817cd0}> (0x0000000767817cd0) 
thrown [s\src\hotspot\share\prims\jni.cpp, line 516]
Event: 112.261 Thread 0x0000027884a127a0 Exception <a 'sun/nio/fs/WindowsException'{0x000000076783b340}> (0x000000076783b340) 
thrown [s\src\hotspot\share\prims\jni.cpp, line 516]
Event: 112.278 Thread 0x0000027891155b90 Exception <a 'sun/nio/fs/WindowsException'{0x00000007740aff48}> (0x00000007740aff48) 
thrown [s\src\hotspot\share\prims\jni.cpp, line 516]
Event: 112.282 Thread 0x0000027891155b90 Exception <a 'sun/nio/fs/WindowsException'{0x00000007740b5ea0}> (0x00000007740b5ea0) 
thrown [s\src\hotspot\share\prims\jni.cpp, line 516]
Event: 112.283 Thread 0x0000027884a127a0 Exception <a 'sun/nio/fs/WindowsException'{0x000000076785cab0}> (0x000000076785cab0) 
thrown [s\src\hotspot\share\prims\jni.cpp, line 516]
Event: 112.283 Thread 0x0000027884a127a0 Exception <a 'sun/nio/fs/WindowsException'{0x000000076785dcf8}> (0x000000076785dcf8) 
thrown [s\src\hotspot\share\prims\jni.cpp, line 516]
Event: 112.284 Thread 0x0000027884a127a0 Exception <a 'sun/nio/fs/WindowsException'{0x000000076785ec30}> (0x000000076785ec30) 
thrown [s\src\hotspot\share\prims\jni.cpp, line 516]
Event: 112.299 Thread 0x0000027891155b90 Exception <a 'sun/nio/fs/WindowsException'{0x00000007740e46b8}> (0x00000007740e46b8) 
thrown [s\src\hotspot\share\prims\jni.cpp, line 516]
Event: 112.301 Thread 0x00000278911574e0 Exception <a 'sun/nio/fs/WindowsException'{0x00000007741d0de0}> (0x00000007741d0de0) 
thrown [s\src\hotspot\share\prims\jni.cpp, line 516]
Event: 112.312 Thread 0x0000027884a0b670 Exception <a 'sun/nio/fs/WindowsException'{0x000000075cca7fd0}> (0x000000075cca7fd0) 
thrown [s\src\hotspot\share\prims\jni.cpp, line 516]
Event: 112.460 Thread 0x0000027887ee1380 Exception <a 'sun/nio/fs/WindowsException'{0x000000077daa3320}> (0x000000077daa3320) 
thrown [s\src\hotspot\share\prims\jni.cpp, line 516]
Event: 112.518 Thread 0x0000027884a0ff20 Exception <a 'sun/nio/fs/WindowsException'{0x000000077a62d610}> (0x000000077a62d610) 
thrown [s\src\hotspot\share\prims\jni.cpp, line 516]
Event: 112.603 Thread 0x00000278fe36d5d0 Exception <a 'sun/nio/fs/WindowsException'{0x0000000777f479c8}> (0x0000000777f479c8) 
thrown [s\src\hotspot\share\prims\jni.cpp, line 516]
Event: 112.627 Thread 0x0000027884a11870 Exception <a 'sun/nio/fs/WindowsException'{0x0000000777559af0}> (0x0000000777559af0) 
thrown [s\src\hotspot\share\prims\jni.cpp, line 516]
Event: 112.716 Thread 0x0000027884a10e50 Exception <a 'sun/nio/fs/WindowsException'{0x00000007762bc2e0}> (0x00000007762bc2e0) 
thrown [s\src\hotspot\share\prims\jni.cpp, line 516]

VM Operations (20 events):
Event: 111.587 Executing VM operation: HandshakeAllThreads
Event: 111.588 Executing VM operation: HandshakeAllThreads done
Event: 111.593 Executing VM operation: HandshakeAllThreads
Event: 111.593 Executing VM operation: HandshakeAllThreads done
Event: 111.603 Executing VM operation: HandshakeAllThreads
Event: 111.604 Executing VM operation: HandshakeAllThreads done
Event: 111.703 Executing VM operation: HandshakeAllThreads
Event: 111.706 Executing VM operation: HandshakeAllThreads done
Event: 111.720 Executing VM operation: HandshakeAllThreads
Event: 111.734 Executing VM operation: HandshakeAllThreads done
Event: 111.810 Executing VM operation: ICBufferFull
Event: 111.827 Executing VM operation: ICBufferFull done
Event: 111.827 Executing VM operation: HandshakeAllThreads
Event: 111.843 Executing VM operation: HandshakeAllThreads done
Event: 112.295 Executing VM operation: ICBufferFull
Event: 112.296 Executing VM operation: ICBufferFull done
Event: 112.328 Executing VM operation: G1CollectForAllocation
Event: 112.348 Executing VM operation: G1CollectForAllocation done
Event: 113.358 Executing VM operation: Cleanup
Event: 113.359 Executing VM operation: Cleanup done

Memory protections (0 events):
No events

Nmethod flushes (20 events):
Event: 111.561 Thread 0x00000278c7a31f60 flushing osr nmethod 0x00000278ad7a9d90
Event: 111.561 Thread 0x00000278c7a31f60 flushing  nmethod 0x00000278ad7abf10
Event: 111.561 Thread 0x00000278c7a31f60 flushing  nmethod 0x00000278ad7b0910
Event: 111.561 Thread 0x00000278c7a31f60 flushing  nmethod 0x00000278ad7b0e10
Event: 111.561 Thread 0x00000278c7a31f60 flushing  nmethod 0x00000278ad7b9310
Event: 111.561 Thread 0x00000278c7a31f60 flushing  nmethod 0x00000278ad7b9b10
Event: 111.561 Thread 0x00000278c7a31f60 flushing  nmethod 0x00000278ad7bcc10
Event: 111.561 Thread 0x00000278c7a31f60 flushing  nmethod 0x00000278ad7c5d90
Event: 111.561 Thread 0x00000278c7a31f60 flushing  nmethod 0x00000278ad7c6310
Event: 111.561 Thread 0x00000278c7a31f60 flushing  nmethod 0x00000278ad7c7010
Event: 111.561 Thread 0x00000278c7a31f60 flushing  nmethod 0x00000278ad7ce810
Event: 111.561 Thread 0x00000278c7a31f60 flushing  nmethod 0x00000278ad7d4310
Event: 111.561 Thread 0x00000278c7a31f60 flushing  nmethod 0x00000278ad7d8d90
Event: 111.561 Thread 0x00000278c7a31f60 flushing  nmethod 0x00000278ad7da410
Event: 111.561 Thread 0x00000278c7a31f60 flushing  nmethod 0x00000278ad7e7790
Event: 111.561 Thread 0x00000278c7a31f60 flushing  nmethod 0x00000278ad7f3b90
Event: 111.562 Thread 0x00000278c7a31f60 flushing  nmethod 0x00000278ad93ab90
Event: 111.562 Thread 0x00000278c7a31f60 flushing  nmethod 0x00000278ad964a90
Event: 111.562 Thread 0x00000278c7a31f60 flushing  nmethod 0x00000278ad969290
Event: 111.562 Thread 0x00000278c7a31f60 flushing  nmethod 0x00000278ad969a10

Events (20 events):
Event: 108.209 Thread 0x000002789115df30 Thread exited: 0x000002789115df30
Event: 108.209 Thread 0x000002789115da20 Thread exited: 0x000002789115da20
Event: 108.209 Thread 0x000002789115a780 Thread exited: 0x000002789115a780
Event: 108.209 Thread 0x0000027891157f00 Thread exited: 0x0000027891157f00
Event: 108.209 Thread 0x0000027891156fd0 Thread exited: 0x0000027891156fd0
Event: 108.209 Thread 0x00000278911565b0 Thread exited: 0x00000278911565b0
Event: 108.209 Thread 0x0000027891159d60 Thread exited: 0x0000027891159d60
Event: 108.209 Thread 0x000002789115d510 Thread exited: 0x000002789115d510
Event: 108.209 Thread 0x0000027891158e30 Thread exited: 0x0000027891158e30
Event: 108.209 Thread 0x0000027891159850 Thread exited: 0x0000027891159850
Event: 108.209 Thread 0x000002789115a270 Thread exited: 0x000002789115a270
Event: 108.210 Thread 0x000002789115c5e0 Thread exited: 0x000002789115c5e0
Event: 108.210 Thread 0x000002789115caf0 Thread exited: 0x000002789115caf0
Event: 108.210 Thread 0x000002789115c0d0 Thread exited: 0x000002789115c0d0
Event: 108.210 Thread 0x0000027891159340 Thread exited: 0x0000027891159340
Event: 108.211 Thread 0x0000027891158410 Thread exited: 0x0000027891158410
Event: 110.110 Thread 0x00000278fe53c2e0 Thread exited: 0x00000278fe53c2e0
Event: 110.110 Thread 0x000002788f145b20 Thread exited: 0x000002788f145b20
Event: 112.300 Thread 0x0000027891155b90 Thread added: 0x000002788752b320
Event: 113.753 Thread 0x00000278c74444a0 Thread added: 0x00000278905440b0


Dynamic libraries:
0x00007ff6c9b40000 - 0x00007ff6c9b4e000 	C:\Program Files\Eclipse Adoptium\jdk-17.0.14.7-hotspot\bin\java.exe
0x00007ff8051a0000 - 0x00007ff805407000 	C:\WINDOWS\SYSTEM32\ntdll.dll
0x00007ff804010000 - 0x00007ff8040db000 	C:\WINDOWS\System32\KERNEL32.DLL
0x00007ff802800000 - 0x00007ff802c02000 	C:\WINDOWS\System32\KERNELBASE.dll
0x00007ff8026a0000 - 0x00007ff8027ec000 	C:\WINDOWS\System32\ucrtbase.dll
0x00007fffa2060000 - 0x00007fffa207e000 	C:\Program Files\Eclipse Adoptium\jdk-17.0.14.7-hotspot\bin\VCRUNTIME140.dll
0x00007fffa8960000 - 0x00007fffa8977000 	C:\Program Files\Eclipse Adoptium\jdk-17.0.14.7-hotspot\bin\jli.dll
0x00007ff8040e0000 - 0x00007ff8042af000 	C:\WINDOWS\System32\USER32.dll
0x00007fffe7980000 - 0x00007fffe7c10000 	C:\WINDOWS\WinSxS\amd64_microsoft.windows.common-controls_6595b64144ccf1df_6.0.26100.9278_none_3e0d1ba8e3303201\COMCTL32.dll
0x00007ff802e90000 - 0x00007ff802eb7000 	C:\WINDOWS\System32\win32u.dll
0x00007ff804430000 - 0x00007ff8044d9000 	C:\WINDOWS\System32\msvcrt.dll
0x00007ff805130000 - 0x00007ff80515b000 	C:\WINDOWS\System32\GDI32.dll
0x00007ff802ca0000 - 0x00007ff802dc9000 	C:\WINDOWS\System32\gdi32full.dll
0x00007ff8025f0000 - 0x00007ff802693000 	C:\WINDOWS\System32\msvcp_win.dll
0x00007ff803710000 - 0x00007ff803741000 	C:\WINDOWS\System32\IMM32.DLL
0x00007fffef7f0000 - 0x00007fffef7fc000 	C:\Program Files\Eclipse Adoptium\jdk-17.0.14.7-hotspot\bin\vcruntime140_1.dll
0x00007fff5ec10000 - 0x00007fff5ec9d000 	C:\Program Files\Eclipse Adoptium\jdk-17.0.14.7-hotspot\bin\msvcp140.dll
0x00007ffed9bd0000 - 0x00007ffeda83b000 	C:\Program Files\Eclipse Adoptium\jdk-17.0.14.7-hotspot\bin\server\jvm.dll
0x00007ff803950000 - 0x00007ff803a0c000 	C:\WINDOWS\System32\ADVAPI32.dll
0x00007ff803660000 - 0x00007ff803709000 	C:\WINDOWS\System32\sechost.dll
0x00007ff804d50000 - 0x00007ff804e68000 	C:\WINDOWS\System32\RPCRT4.dll
0x00007ff803af0000 - 0x00007ff803b70000 	C:\WINDOWS\System32\WS2_32.dll
0x00007ff800ea0000 - 0x00007ff800efe000 	C:\WINDOWS\SYSTEM32\POWRPROF.dll
0x00007ffff77e0000 - 0x00007ffff7816000 	C:\WINDOWS\SYSTEM32\WINMM.dll
0x00007ffffa2a0000 - 0x00007ffffa2ab000 	C:\WINDOWS\SYSTEM32\VERSION.dll
0x00007ff800e80000 - 0x00007ff800e95000 	C:\WINDOWS\SYSTEM32\UMPDC.dll
0x00007ff801160000 - 0x00007ff80117b000 	C:\WINDOWS\SYSTEM32\kernel.appcore.dll
0x00007fffc7630000 - 0x00007fffc763a000 	C:\Program Files\Eclipse Adoptium\jdk-17.0.14.7-hotspot\bin\jimage.dll
0x00007ff800090000 - 0x00007ff8002dc000 	C:\WINDOWS\SYSTEM32\DBGHELP.DLL
0x00007ff8049c0000 - 0x00007ff804d45000 	C:\WINDOWS\System32\combase.dll
0x00007ff804690000 - 0x00007ff804769000 	C:\WINDOWS\System32\OLEAUT32.dll
0x00007fffda140000 - 0x00007fffda17b000 	C:\WINDOWS\SYSTEM32\dbgcore.DLL
0x00007ff8023a0000 - 0x00007ff80244c000 	C:\WINDOWS\System32\bcryptPrimitives.dll
0x00007fffb0840000 - 0x00007fffb084e000 	C:\Program Files\Eclipse Adoptium\jdk-17.0.14.7-hotspot\bin\instrument.dll
0x00007fffa09c0000 - 0x00007fffa09e5000 	C:\Program Files\Eclipse Adoptium\jdk-17.0.14.7-hotspot\bin\java.dll
0x00007fff3cc70000 - 0x00007fff3cd47000 	C:\Program Files\Eclipse Adoptium\jdk-17.0.14.7-hotspot\bin\jsvml.dll
0x00007ff802ec0000 - 0x00007ff803658000 	C:\WINDOWS\System32\SHELL32.dll
0x00007fffff730000 - 0x00007ffffffde000 	C:\WINDOWS\SYSTEM32\windows.storage.dll
0x00007ff803850000 - 0x00007ff80394b000 	C:\WINDOWS\System32\SHCORE.dll
0x00007ff803a20000 - 0x00007ff803a86000 	C:\WINDOWS\System32\shlwapi.dll
0x00007ff8022c0000 - 0x00007ff8022e9000 	C:\WINDOWS\SYSTEM32\profapi.dll
0x00007fff6a050000 - 0x00007fff6a068000 	C:\Program Files\Eclipse Adoptium\jdk-17.0.14.7-hotspot\bin\zip.dll
0x00007fffa0950000 - 0x00007fffa0969000 	C:\Program Files\Eclipse Adoptium\jdk-17.0.14.7-hotspot\bin\net.dll
0x00007ffffc400000 - 0x00007ffffc52a000 	C:\WINDOWS\SYSTEM32\WINHTTP.dll
0x00007ff801750000 - 0x00007ff8017bc000 	C:\WINDOWS\system32\mswsock.dll
0x00007fff81c60000 - 0x00007fff81c76000 	C:\Program Files\Eclipse Adoptium\jdk-17.0.14.7-hotspot\bin\nio.dll
0x00007fffc7470000 - 0x00007fffc7480000 	C:\Program Files\Eclipse Adoptium\jdk-17.0.14.7-hotspot\bin\verify.dll
0x00007fff5fac0000 - 0x00007fff5fae7000 	C:\Users\Moaz\.gradle\native\c067742578af261105cb4f569cf0c3c89f3d7b1fecec35dd04571415982c5e48\windows-amd64\native-platform.dll
0x00007fff31700000 - 0x00007fff31844000 	C:\Users\Moaz\.gradle\native\100fb08df4bc3b14c8652ba06237920a3bd2aa13389f12d3474272988ae205f9\windows-amd64\native-platform-file-events.dll
0x00007fffd9a10000 - 0x00007fffd9a1a000 	C:\Program Files\Eclipse Adoptium\jdk-17.0.14.7-hotspot\bin\management.dll
0x00007fffd9a00000 - 0x00007fffd9a0b000 	C:\Program Files\Eclipse Adoptium\jdk-17.0.14.7-hotspot\bin\management_ext.dll
0x00007ff805120000 - 0x00007ff805128000 	C:\WINDOWS\System32\PSAPI.DLL
0x00007ff801a40000 - 0x00007ff801a5b000 	C:\WINDOWS\SYSTEM32\CRYPTSP.dll
0x00007ff8010c0000 - 0x00007ff8010f9000 	C:\WINDOWS\system32\rsaenh.dll
0x00007ff801800000 - 0x00007ff801834000 	C:\WINDOWS\SYSTEM32\USERENV.dll
0x00007ff802290000 - 0x00007ff8022ba000 	C:\WINDOWS\SYSTEM32\bcrypt.dll
0x00007ff801a60000 - 0x00007ff801a6c000 	C:\WINDOWS\SYSTEM32\CRYPTBASE.dll
0x00007ff800a70000 - 0x00007ff800aa3000 	C:\WINDOWS\SYSTEM32\IPHLPAPI.DLL
0x00007ff804680000 - 0x00007ff80468a000 	C:\WINDOWS\System32\NSI.dll
0x00007ffffdb50000 - 0x00007ffffdb6d000 	C:\WINDOWS\SYSTEM32\dhcpcsvc6.DLL
0x00007ffffdb20000 - 0x00007ffffdb45000 	C:\WINDOWS\SYSTEM32\dhcpcsvc.DLL
0x00007ff800ab0000 - 0x00007ff800c08000 	C:\WINDOWS\SYSTEM32\DNSAPI.dll
0x00007ff801530000 - 0x00007ff80153d000 	C:\WINDOWS\SYSTEM32\DSPARSE.dll
0x00007fffc7260000 - 0x00007fffc7269000 	C:\Program Files\Eclipse Adoptium\jdk-17.0.14.7-hotspot\bin\extnet.dll
0x00007fffc7290000 - 0x00007fffc729e000 	C:\Program Files\Eclipse Adoptium\jdk-17.0.14.7-hotspot\bin\sunmscapi.dll
0x00007ff802460000 - 0x00007ff8025de000 	C:\WINDOWS\System32\CRYPT32.dll
0x00007ff801c80000 - 0x00007ff801cb0000 	C:\WINDOWS\SYSTEM32\ncrypt.dll
0x00007ff801c30000 - 0x00007ff801c6f000 	C:\WINDOWS\SYSTEM32\NTASN1.dll
0x00007fffd3770000 - 0x00007fffd3778000 	C:\WINDOWS\system32\wshunix.dll
0x00007ffffa870000 - 0x00007ffffa888000 	C:\WINDOWS\system32\napinsp.dll
0x00007ffffbfd0000 - 0x00007ffffbfe3000 	C:\WINDOWS\System32\winrnr.dll
0x00007fffcdc40000 - 0x00007fffcdc67000 	C:\WINDOWS\system32\nlansp_c.dll
0x00007fffcd460000 - 0x00007fffcd476000 	C:\WINDOWS\system32\wshbth.dll
0x00007ffffc180000 - 0x00007ffffc18b000 	C:\Windows\System32\rasadhlp.dll
0x00007ffffe450000 - 0x00007ffffe4d6000 	C:\WINDOWS\System32\fwpuclnt.dll
0x00007fffb0850000 - 0x00007fffb0857000 	C:\Program Files\Eclipse Adoptium\jdk-17.0.14.7-hotspot\bin\rmi.dll

dbghelp: loaded successfully - version: 4.0.5 - missing functions: none
symbol engine: initialized successfully - sym options: 0x614 - pdb path: .;C:\Program Files\Eclipse Adoptium\jdk-17.0.14.7-hotspot\bin;C:\WINDOWS\SYSTEM32;C:\WINDOWS\WinSxS\amd64_microsoft.windows.common-controls_6595b64144ccf1df_6.0.26100.9278_none_3e0d1ba8e3303201;C:\Program Files\Eclipse Adoptium\jdk-17.0.14.7-hotspot\bin\server;C:\Users\Moaz\.gradle\native\c067742578af261105cb4f569cf0c3c89f3d7b1fecec35dd04571415982c5e48\windows-amd64;C:\Users\Moaz\.gradle\native\100fb08df4bc3b14c8652ba06237920a3bd2aa13389f12d3474272988ae205f9\windows-amd64

VM Arguments:
jvm_args: -XX:MaxMetaspaceSize=1G -XX:ReservedCodeCacheSize=256m -XX:+HeapDumpOnOutOfMemoryError --add-opens=java.base/java.util=ALL-UNNAMED --add-opens=java.base/java.lang=ALL-UNNAMED --add-opens=java.base/java.lang.invoke=ALL-UNNAMED --add-opens=java.prefs/java.util.prefs=ALL-UNNAMED --add-exports=jdk.compiler/com.sun.tools.javac.api=ALL-UNNAMED --add-exports=jdk.compiler/com.sun.tools.javac.util=ALL-UNNAMED --add-opens=java.base/java.nio.charset=ALL-UNNAMED --add-opens=java.base/java.net=ALL-UNNAMED --add-opens=java.base/java.util.concurrent.atomic=ALL-UNNAMED -Xmx4G -Dfile.encoding=windows-1252 -Duser.country=US -Duser.language=en -Duser.variant -javaagent:C:\Users\Moaz\.gradle\wrapper\dists\gradle-8.10.2-all\7iv73wktx1xtkvlq19urqw1wm\gradle-8.10.2\lib\agents\gradle-instrumentation-agent-8.10.2.jar 
java_command: org.gradle.launcher.daemon.bootstrap.GradleDaemon 8.10.2
java_class_path (initial): C:\Users\Moaz\.gradle\wrapper\dists\gradle-8.10.2-all\7iv73wktx1xtkvlq19urqw1wm\gradle-8.10.2\lib\gradle-daemon-main-8.10.2.jar
Launcher Type: SUN_STANDARD

[Global flags]
     intx CICompilerCount                          = 12                                        {product} {ergonomic}
   size_t CompressedClassSpaceSize                 = 872415232                                 {product} {ergonomic}
     uint ConcGCThreads                            = 3                                         {product} {ergonomic}
     uint G1ConcRefinementThreads                  = 13                                        {product} {ergonomic}
   size_t G1HeapRegionSize                         = 2097152                                   {product} {ergonomic}
    uintx GCDrainStackTargetSize                   = 64                                        {product} {ergonomic}
     bool HeapDumpOnOutOfMemoryError               = true                                   {manageable} {command line}
   size_t InitialHeapSize                          = 264241152                                 {product} {ergonomic}
   size_t MarkStackSize                            = 4194304                                   {product} {ergonomic}
   size_t MaxHeapSize                              = 4294967296                                {product} {command line}
   size_t MaxMetaspaceSize                         = 1073741824                                {product} {command line}
   size_t MaxNewSize                               = 2575302656                                {product} {ergonomic}
   size_t MinHeapDeltaBytes                        = 2097152                                   {product} {ergonomic}
   size_t MinHeapSize                              = 8388608                                   {product} {ergonomic}
    uintx NonNMethodCodeHeapSize                   = 7602480                                {pd product} {ergonomic}
    uintx NonProfiledCodeHeapSize                  = 130416488                              {pd product} {ergonomic}
    uintx ProfiledCodeHeapSize                     = 130416488                              {pd product} {ergonomic}
    uintx ReservedCodeCacheSize                    = 268435456                              {pd product} {command line}
     bool SegmentedCodeCache                       = true                                      {product} {ergonomic}
   size_t SoftMaxHeapSize                          = 4294967296                             {manageable} {ergonomic}
   double SweeperThreshold                         = 0.468750                                  {product} {ergonomic}
     bool UseCompressedClassPointers               = true                           {product lp64_product} {ergonomic}
     bool UseCompressedOops                        = true                           {product lp64_product} {ergonomic}
     bool UseG1GC                                  = true                                      {product} {ergonomic}
     bool UseLargePagesIndividualAllocation        = false                                  {pd product} {ergonomic}

Logging:
Log output configuration:
 #0: stdout all=warning uptime,level,tags
 #1: stderr all=off uptime,level,tags

Environment Variables:
JAVA_HOME=C:\Program Files\Eclipse Adoptium\jdk-17.0.14.7-hotspot
CLASSPATH=M:\physiotherapy\android\\gradle\wrapper\gradle-wrapper.jar
PATH=C:\Program Files\Eclipse Adoptium\jdk-17.0.14.7-hotspot\bin;c:\Users\Moaz\AppData\Roaming\Code\User\globalStorage\github.copilot-chat\debugCommand;c:\Users\Moaz\AppData\Roaming\Code\User\globalStorage\github.copilot-chat\copilotCli;C:\Users\Moaz\flutter\bin\;C:\Program Files\Eclipse Adoptium\jdk-8.0.504.1-hotspot\bin;C:\Program Files\Common Files\Oracle\Java\javapath;C:\Users\Moaz\AppData\Local\Programs\Python\Python39\;C:\Users\Moaz\AppData\Local\Programs\Python\Python39\Scripts\;C:\Program Files\Git\cmd;C:\Program Files\Git\mingw64\bin;C:\Program Files\Git\usr\bin;C:\Windows\System32;C:\Windows\System32\WindowsPowerShell\v1.0\;C:\Program Files\nodejs\;C:\UsersMoaz\AppData\Local\Pub\Cache\bin;c:\Users\Moaz\AppData\Local\Programs\cursor\resources\app\bin;C:\Program Files\Java\jdk-21\bin;C:\Users\Moaz\AppData\Local\Pub\Cache\bin;C:\Program Files\dotnet\;C:\Users\Moaz\AppData\Local\Programs\Python\Python39\Scripts\;C:\Users\Moaz\AppData\Local\Programs\Python\Python39\;C:\Users\Moaz\AppData\Local\Programs\Python\Launcher\;C:\Users\Moaz\AppData\Local\Microsoft\WindowsApps;C:\Users\Moaz\AppData\Local\Programs\Microsoft VS Code\bin;C:\Users\Moaz\AppData\Local\GitHubDesktop\bin;C:\Program Files\MongoDB\Server\8.0\bin;C:\Users\Moaz\flutter\bin;C:\Windows\System32;C:\Users\Moaz\AppData\Roaming\npm;C:\Program Files\JetBrains\IntelliJ IDEA 2024.3.5\bin;;C:\Users\Moaz\AppData\Local\Programs\cursor\resources\app\bin;c:\Users\Moaz\.vscode\extensions\vscjava.vscode-java-debug-0.59.0\bundled\scripts\noConfigScripts;C:\Users\Moaz\flutter\bin\mingit\cmd
USERNAME=Moaz
LANG=en_US.UTF-8
OS=Windows_NT
PROCESSOR_IDENTIFIER=Intel64 Family 6 Model 186 Stepping 2, GenuineIntel
TMP=C:\Users\Moaz\AppData\Local\Temp
TEMP=C:\Users\Moaz\AppData\Local\Temp



Periodic native trim disabled


---------------  S Y S T E M  ---------------

OS:
 Windows 11 , 64 bit Build 26100 (10.0.26100.9444)
OS uptime: 0 days 12:07 hours
Hyper-V role detected

CPU: total 16 (initial active 16) (8 cores per cpu, 2 threads per core) family 6 model 186 stepping 2 microcode 0x4122, cx8, cmov, fxsr, ht, mmx, 3dnowpref, sse, sse2, sse3, ssse3, sse4.1, sse4.2, popcnt, lzcnt, tsc, tscinvbit, avx, avx2, aes, erms, clmul, bmi1, bmi2, adx, sha, fma, vzeroupper, clflush, clflushopt, clwb, hv
Processor Information for all 16 processors :
  Max Mhz: 2400, Current Mhz: 2400, Mhz Limit: 2400

Memory: 4k page, system-wide physical 16010M (649M free)
TotalPageFile size 36106M (AvailPageFile size 5M)
current process WorkingSet (physical memory assigned to process): 1373M, peak: 1529M
current process commit charge ("private bytes"): 2728M, peak: 2730M

vm_info: OpenJDK 64-Bit Server VM (17.0.14+7) for windows-amd64 JRE (17.0.14+7), built on Jan 21 2025 23:40:15 by "admin" with MS VC++ 17.7 (VS2022)

END.
